------------------------------------------------------------------
  Running MRIQC version 24.1.0.dev0+gd5b13cb5.d20240826
  ----------------------------------------------------------------

  NOTICE
  Copyright © The NiPreps Developers.
  
  This product includes software developed by
  the NiPreps Community (https://nipreps.org/).
  
  Portions of this software were developed at the Department of
  Psychology at Stanford University, Stanford, CA, US.
  
  This software contains code ultimately derived from the
  PCP Quality Assessment Protocol (QAP;
  http://preprocessed-connectomes-project.org/quality-assessment-protocol)
  by C. Craddock, S. Giavasis, D. Clark, Z. Shezhad, and J. Pellman.
  
  This software is also distributed as a Docker container image.
  The bootstrapping file for the image ("Dockerfile") is licensed
  under the MIT License.

  ----------------------------------------------------------------

  * BIDS dataset path: /local/nvme/ds006193_24053.783955/ds/sourcedata/raw.
  * Output folder: mriqc.
  * Analysis levels: ['participant'].
------------------------------------------------------------------

2026-03-27 09:49:02 |[33;20m IMPORTANT [0m|[33;20m mriqc            [0m|[33;20m Extracting metadata and entities for 2 input runs of modality 'bold'...[0m
2026-03-27 09:49:03 |[33;20m IMPORTANT [0m|[33;20m mriqc            [0m|[33;20m File size ('bold'): 2.15|1.80 GB [maximum|average].[0m
2026-03-27 09:49:03 |[34;20m INFO     [0m|[34;20m mriqc            [0m|[34;20m MRIQC config file: /local/nvme/ds006193_24053.783955/ds/tmp/config-20260327-094901_e4ad2939-5515-419e-bb9e-50d186d5ee6c.toml.[0m
2026-03-27 09:49:07 |[34;20m INFO     [0m|[34;20m matplotlib.font_manager [0m|[34;20m generated new fontManager[0m
2026-03-27 09:49:08 |[33;20m IMPORTANT [0m|[33;20m mriqc            [0m|[33;20m Building MRIQC's workflows...[0m
2026-03-27 09:49:08 |[34;20m INFO     [0m|[34;20m nipype.workflow  [0m|[34;20m Building functional MRIQC workflow for 2 BOLD runs..[0m
2026-03-27 09:49:13 |[33;20m IMPORTANT [0m|[33;20m mriqc            [0m|[33;20m Workflow building finished (exit code 0).[0m
2026-03-27 09:49:18 |[34;20m INFO     [0m|[34;20m nipype.workflow  [0m|[34;20m Workflow mriqc_wf settings: ['check', 'execution', 'logging', 'monitoring'][0m
2026-03-27 09:49:18 |[34;20m INFO     [0m|[34;20m nipype.workflow  [0m|[34;20m [Node] Setting-up "mriqc_wf.funcMRIQC.pick_echo" in "/local/nvme/ds006193_24053.783955/ds/tmp/mriqc_wf/funcMRIQC/fc72f369a689cbc02a52d801a73e788f6f9085c0/pick_echo".[0m
2026-03-27 09:49:18 |[34;20m INFO     [0m|[34;20m nipype.workflow  [0m|[34;20m [Node] Setting-up "mriqc_wf.funcMRIQC.pick_echo" in "/local/nvme/ds006193_24053.783955/ds/tmp/mriqc_wf/funcMRIQC/62325a652eefcadfe0b75061ecf8d7e5fac4daa0/pick_echo".[0m
2026-03-27 09:49:18 |[34;20m INFO     [0m|[34;20m nipype.workflow  [0m|[34;20m [Node] Executing "pick_echo" <mriqc.interfaces.functional.SelectEcho>[0m
2026-03-27 09:49:18 |[34;20m INFO     [0m|[34;20m nipype.workflow  [0m|[34;20m [Node] Finished "pick_echo", elapsed time 0.001393s.[0m
2026-03-27 09:49:18 |[34;20m INFO     [0m|[34;20m nipype.workflow  [0m|[34;20m [Node] Executing "pick_echo" <mriqc.interfaces.functional.SelectEcho>[0m
2026-03-27 09:49:18 |[34;20m INFO     [0m|[34;20m nipype.workflow  [0m|[34;20m [Node] Finished "pick_echo", elapsed time 0.001431s.[0m
2026-03-27 09:49:20 |[34;20m INFO     [0m|[34;20m nipype.workflow  [0m|[34;20m [Node] Setting-up "_provenance0" in "/local/nvme/ds006193_24053.783955/ds/tmp/mriqc_wf/funcMRIQC/ComputeIQMs/fc72f369a689cbc02a52d801a73e788f6f9085c0/provenance/mapflow/_provenance0".[0m
2026-03-27 09:49:20 |[34;20m INFO     [0m|[34;20m nipype.workflow  [0m|[34;20m [Node] Setting-up "mriqc_wf.funcMRIQC.non_steady_state_detector" in "/local/nvme/ds006193_24053.783955/ds/tmp/mriqc_wf/funcMRIQC/fc72f369a689cbc02a52d801a73e788f6f9085c0/non_steady_state_detector".[0m
2026-03-27 09:49:20 |[34;20m INFO     [0m|[34;20m nipype.workflow  [0m|[34;20m [Node] Setting-up "mriqc_wf.funcMRIQC.non_steady_state_detector" in "/local/nvme/ds006193_24053.783955/ds/tmp/mriqc_wf/funcMRIQC/62325a652eefcadfe0b75061ecf8d7e5fac4daa0/non_steady_state_detector".[0m
2026-03-27 09:49:20 |[34;20m INFO     [0m|[34;20m nipype.workflow  [0m|[34;20m [Node] Executing "_provenance0" <mriqc.interfaces.reports.AddProvenance>[0m
2026-03-27 09:49:20 |[34;20m INFO     [0m|[34;20m nipype.workflow  [0m|[34;20m [Node] Executing "non_steady_state_detector" <nipype.algorithms.confounds.NonSteadyStateDetector>[0m
2026-03-27 09:49:20 |[34;20m INFO     [0m|[34;20m nipype.workflow  [0m|[34;20m [Node] Executing "non_steady_state_detector" <nipype.algorithms.confounds.NonSteadyStateDetector>[0m
2026-03-27 09:49:20 |[34;20m INFO     [0m|[34;20m nipype.workflow  [0m|[34;20m [Node] Finished "_provenance0", elapsed time 0.61644s.[0m
2026-03-27 09:49:21 |[34;20m INFO     [0m|[34;20m nipype.workflow  [0m|[34;20m [Node] Setting-up "_provenance1" in "/local/nvme/ds006193_24053.783955/ds/tmp/mriqc_wf/funcMRIQC/ComputeIQMs/fc72f369a689cbc02a52d801a73e788f6f9085c0/provenance/mapflow/_provenance1".[0m
2026-03-27 09:49:21 |[34;20m INFO     [0m|[34;20m nipype.workflow  [0m|[34;20m [Node] Executing "_provenance1" <mriqc.interfaces.reports.AddProvenance>[0m
2026-03-27 09:49:21 |[34;20m INFO     [0m|[34;20m nipype.workflow  [0m|[34;20m [Node] Finished "non_steady_state_detector", elapsed time 0.94793s.[0m
2026-03-27 09:49:21 |[34;20m INFO     [0m|[34;20m nipype.workflow  [0m|[34;20m [Node] Finished "non_steady_state_detector", elapsed time 0.970261s.[0m
2026-03-27 09:49:21 |[34;20m INFO     [0m|[34;20m nipype.workflow  [0m|[34;20m [Node] Finished "_provenance1", elapsed time 0.564051s.[0m
2026-03-27 09:49:21 |[34;20m INFO     [0m|[34;20m nipype.workflow  [0m|[34;20m [Node] Setting-up "_provenance2" in "/local/nvme/ds006193_24053.783955/ds/tmp/mriqc_wf/funcMRIQC/ComputeIQMs/fc72f369a689cbc02a52d801a73e788f6f9085c0/provenance/mapflow/_provenance2".[0m
2026-03-27 09:49:21 |[34;20m INFO     [0m|[34;20m nipype.workflow  [0m|[34;20m [Node] Executing "_provenance2" <mriqc.interfaces.reports.AddProvenance>[0m
2026-03-27 09:49:22 |[34;20m INFO     [0m|[34;20m nipype.workflow  [0m|[34;20m [Node] Finished "_provenance2", elapsed time 0.532639s.[0m
2026-03-27 09:49:22 |[34;20m INFO     [0m|[34;20m nipype.workflow  [0m|[34;20m [Node] Setting-up "_provenance3" in "/local/nvme/ds006193_24053.783955/ds/tmp/mriqc_wf/funcMRIQC/ComputeIQMs/fc72f369a689cbc02a52d801a73e788f6f9085c0/provenance/mapflow/_provenance3".[0m
2026-03-27 09:49:22 |[34;20m INFO     [0m|[34;20m nipype.workflow  [0m|[34;20m [Node] Executing "_provenance3" <mriqc.interfaces.reports.AddProvenance>[0m
2026-03-27 09:49:22 |[34;20m INFO     [0m|[34;20m nipype.workflow  [0m|[34;20m [Node] Finished "_provenance3", elapsed time 0.513536s.[0m
2026-03-27 09:49:23 |[34;20m INFO     [0m|[34;20m nipype.workflow  [0m|[34;20m [Node] Setting-up "_provenance4" in "/local/nvme/ds006193_24053.783955/ds/tmp/mriqc_wf/funcMRIQC/ComputeIQMs/fc72f369a689cbc02a52d801a73e788f6f9085c0/provenance/mapflow/_provenance4".[0m
2026-03-27 09:49:23 |[34;20m INFO     [0m|[34;20m nipype.workflow  [0m|[34;20m [Node] Executing "_provenance4" <mriqc.interfaces.reports.AddProvenance>[0m
2026-03-27 09:49:23 |[34;20m INFO     [0m|[34;20m nipype.workflow  [0m|[34;20m [Node] Finished "_provenance4", elapsed time 0.495973s.[0m
2026-03-27 09:49:23 |[34;20m INFO     [0m|[34;20m nipype.workflow  [0m|[34;20m [Node] Setting-up "_provenance0" in "/local/nvme/ds006193_24053.783955/ds/tmp/mriqc_wf/funcMRIQC/ComputeIQMs/62325a652eefcadfe0b75061ecf8d7e5fac4daa0/provenance/mapflow/_provenance0".[0m
2026-03-27 09:49:23 |[34;20m INFO     [0m|[34;20m nipype.workflow  [0m|[34;20m [Node] Executing "_provenance0" <mriqc.interfaces.reports.AddProvenance>[0m
2026-03-27 09:49:24 |[34;20m INFO     [0m|[34;20m nipype.workflow  [0m|[34;20m [Node] Finished "_provenance0", elapsed time 0.906743s.[0m
2026-03-27 09:49:24 |[34;20m INFO     [0m|[34;20m nipype.workflow  [0m|[34;20m [Node] Setting-up "_provenance1" in "/local/nvme/ds006193_24053.783955/ds/tmp/mriqc_wf/funcMRIQC/ComputeIQMs/62325a652eefcadfe0b75061ecf8d7e5fac4daa0/provenance/mapflow/_provenance1".[0m
2026-03-27 09:49:24 |[34;20m INFO     [0m|[34;20m nipype.workflow  [0m|[34;20m [Node] Executing "_provenance1" <mriqc.interfaces.reports.AddProvenance>[0m
2026-03-27 09:49:25 |[34;20m INFO     [0m|[34;20m nipype.workflow  [0m|[34;20m [Node] Finished "_provenance1", elapsed time 0.825545s.[0m
2026-03-27 09:49:25 |[34;20m INFO     [0m|[34;20m nipype.workflow  [0m|[34;20m [Node] Setting-up "_provenance2" in "/local/nvme/ds006193_24053.783955/ds/tmp/mriqc_wf/funcMRIQC/ComputeIQMs/62325a652eefcadfe0b75061ecf8d7e5fac4daa0/provenance/mapflow/_provenance2".[0m
2026-03-27 09:49:25 |[34;20m INFO     [0m|[34;20m nipype.workflow  [0m|[34;20m [Node] Executing "_provenance2" <mriqc.interfaces.reports.AddProvenance>[0m
2026-03-27 09:49:26 |[34;20m INFO     [0m|[34;20m nipype.workflow  [0m|[34;20m [Node] Finished "_provenance2", elapsed time 0.783284s.[0m
2026-03-27 09:49:26 |[34;20m INFO     [0m|[34;20m nipype.workflow  [0m|[34;20m [Node] Setting-up "_provenance3" in "/local/nvme/ds006193_24053.783955/ds/tmp/mriqc_wf/funcMRIQC/ComputeIQMs/62325a652eefcadfe0b75061ecf8d7e5fac4daa0/provenance/mapflow/_provenance3".[0m
2026-03-27 09:49:26 |[34;20m INFO     [0m|[34;20m nipype.workflow  [0m|[34;20m [Node] Executing "_provenance3" <mriqc.interfaces.reports.AddProvenance>[0m
2026-03-27 09:49:27 |[34;20m INFO     [0m|[34;20m nipype.workflow  [0m|[34;20m [Node] Finished "_provenance3", elapsed time 0.752872s.[0m
2026-03-27 09:49:27 |[34;20m INFO     [0m|[34;20m nipype.workflow  [0m|[34;20m [Node] Setting-up "_provenance4" in "/local/nvme/ds006193_24053.783955/ds/tmp/mriqc_wf/funcMRIQC/ComputeIQMs/62325a652eefcadfe0b75061ecf8d7e5fac4daa0/provenance/mapflow/_provenance4".[0m
2026-03-27 09:49:27 |[34;20m INFO     [0m|[34;20m nipype.workflow  [0m|[34;20m [Node] Executing "_provenance4" <mriqc.interfaces.reports.AddProvenance>[0m
2026-03-27 09:49:28 |[34;20m INFO     [0m|[34;20m nipype.workflow  [0m|[34;20m [Node] Finished "_provenance4", elapsed time 0.731786s.[0m
2026-03-27 09:49:28 |[34;20m INFO     [0m|[34;20m nipype.workflow  [0m|[34;20m [Node] Setting-up "_provenance0" in "/local/nvme/ds006193_24053.783955/ds/tmp/mriqc_wf/funcMRIQC/ComputeIQMs/fc72f369a689cbc02a52d801a73e788f6f9085c0/provenance/mapflow/_provenance0".[0m
2026-03-27 09:49:28 |[34;20m INFO     [0m|[34;20m nipype.workflow  [0m|[34;20m [Node] Cached "_provenance0" - collecting precomputed outputs[0m
2026-03-27 09:49:28 |[34;20m INFO     [0m|[34;20m nipype.workflow  [0m|[34;20m [Node] "_provenance0" found cached.[0m
2026-03-27 09:49:28 |[34;20m INFO     [0m|[34;20m nipype.workflow  [0m|[34;20m [Node] Setting-up "_provenance1" in "/local/nvme/ds006193_24053.783955/ds/tmp/mriqc_wf/funcMRIQC/ComputeIQMs/fc72f369a689cbc02a52d801a73e788f6f9085c0/provenance/mapflow/_provenance1".[0m
2026-03-27 09:49:28 |[34;20m INFO     [0m|[34;20m nipype.workflow  [0m|[34;20m [Node] Cached "_provenance1" - collecting precomputed outputs[0m
2026-03-27 09:49:28 |[34;20m INFO     [0m|[34;20m nipype.workflow  [0m|[34;20m [Node] "_provenance1" found cached.[0m
2026-03-27 09:49:28 |[34;20m INFO     [0m|[34;20m nipype.workflow  [0m|[34;20m [Node] Setting-up "_provenance2" in "/local/nvme/ds006193_24053.783955/ds/tmp/mriqc_wf/funcMRIQC/ComputeIQMs/fc72f369a689cbc02a52d801a73e788f6f9085c0/provenance/mapflow/_provenance2".[0m
2026-03-27 09:49:28 |[34;20m INFO     [0m|[34;20m nipype.workflow  [0m|[34;20m [Node] Cached "_provenance2" - collecting precomputed outputs[0m
2026-03-27 09:49:28 |[34;20m INFO     [0m|[34;20m nipype.workflow  [0m|[34;20m [Node] "_provenance2" found cached.[0m
2026-03-27 09:49:28 |[34;20m INFO     [0m|[34;20m nipype.workflow  [0m|[34;20m [Node] Setting-up "_provenance3" in "/local/nvme/ds006193_24053.783955/ds/tmp/mriqc_wf/funcMRIQC/ComputeIQMs/fc72f369a689cbc02a52d801a73e788f6f9085c0/provenance/mapflow/_provenance3".[0m
2026-03-27 09:49:28 |[34;20m INFO     [0m|[34;20m nipype.workflow  [0m|[34;20m [Node] Cached "_provenance3" - collecting precomputed outputs[0m
2026-03-27 09:49:28 |[34;20m INFO     [0m|[34;20m nipype.workflow  [0m|[34;20m [Node] "_provenance3" found cached.[0m
2026-03-27 09:49:28 |[34;20m INFO     [0m|[34;20m nipype.workflow  [0m|[34;20m [Node] Setting-up "_provenance4" in "/local/nvme/ds006193_24053.783955/ds/tmp/mriqc_wf/funcMRIQC/ComputeIQMs/fc72f369a689cbc02a52d801a73e788f6f9085c0/provenance/mapflow/_provenance4".[0m
2026-03-27 09:49:28 |[34;20m INFO     [0m|[34;20m nipype.workflow  [0m|[34;20m [Node] Cached "_provenance4" - collecting precomputed outputs[0m
2026-03-27 09:49:28 |[34;20m INFO     [0m|[34;20m nipype.workflow  [0m|[34;20m [Node] "_provenance4" found cached.[0m
2026-03-27 09:49:28 |[34;20m INFO     [0m|[34;20m nipype.workflow  [0m|[34;20m [Node] Setting-up "_provenance0" in "/local/nvme/ds006193_24053.783955/ds/tmp/mriqc_wf/funcMRIQC/ComputeIQMs/62325a652eefcadfe0b75061ecf8d7e5fac4daa0/provenance/mapflow/_provenance0".[0m
2026-03-27 09:49:28 |[34;20m INFO     [0m|[34;20m nipype.workflow  [0m|[34;20m [Node] Cached "_provenance0" - collecting precomputed outputs[0m
2026-03-27 09:49:28 |[34;20m INFO     [0m|[34;20m nipype.workflow  [0m|[34;20m [Node] "_provenance0" found cached.[0m
2026-03-27 09:49:28 |[34;20m INFO     [0m|[34;20m nipype.workflow  [0m|[34;20m [Node] Setting-up "_provenance1" in "/local/nvme/ds006193_24053.783955/ds/tmp/mriqc_wf/funcMRIQC/ComputeIQMs/62325a652eefcadfe0b75061ecf8d7e5fac4daa0/provenance/mapflow/_provenance1".[0m
2026-03-27 09:49:28 |[34;20m INFO     [0m|[34;20m nipype.workflow  [0m|[34;20m [Node] Cached "_provenance1" - collecting precomputed outputs[0m
2026-03-27 09:49:28 |[34;20m INFO     [0m|[34;20m nipype.workflow  [0m|[34;20m [Node] "_provenance1" found cached.[0m
2026-03-27 09:49:28 |[34;20m INFO     [0m|[34;20m nipype.workflow  [0m|[34;20m [Node] Setting-up "_provenance2" in "/local/nvme/ds006193_24053.783955/ds/tmp/mriqc_wf/funcMRIQC/ComputeIQMs/62325a652eefcadfe0b75061ecf8d7e5fac4daa0/provenance/mapflow/_provenance2".[0m
2026-03-27 09:49:28 |[34;20m INFO     [0m|[34;20m nipype.workflow  [0m|[34;20m [Node] Cached "_provenance2" - collecting precomputed outputs[0m
2026-03-27 09:49:28 |[34;20m INFO     [0m|[34;20m nipype.workflow  [0m|[34;20m [Node] "_provenance2" found cached.[0m
2026-03-27 09:49:28 |[34;20m INFO     [0m|[34;20m nipype.workflow  [0m|[34;20m [Node] Setting-up "_provenance3" in "/local/nvme/ds006193_24053.783955/ds/tmp/mriqc_wf/funcMRIQC/ComputeIQMs/62325a652eefcadfe0b75061ecf8d7e5fac4daa0/provenance/mapflow/_provenance3".[0m
2026-03-27 09:49:28 |[34;20m INFO     [0m|[34;20m nipype.workflow  [0m|[34;20m [Node] Cached "_provenance3" - collecting precomputed outputs[0m
2026-03-27 09:49:28 |[34;20m INFO     [0m|[34;20m nipype.workflow  [0m|[34;20m [Node] "_provenance3" found cached.[0m
2026-03-27 09:49:28 |[34;20m INFO     [0m|[34;20m nipype.workflow  [0m|[34;20m [Node] Setting-up "_provenance4" in "/local/nvme/ds006193_24053.783955/ds/tmp/mriqc_wf/funcMRIQC/ComputeIQMs/62325a652eefcadfe0b75061ecf8d7e5fac4daa0/provenance/mapflow/_provenance4".[0m
2026-03-27 09:49:28 |[34;20m INFO     [0m|[34;20m nipype.workflow  [0m|[34;20m [Node] Cached "_provenance4" - collecting precomputed outputs[0m
2026-03-27 09:49:28 |[34;20m INFO     [0m|[34;20m nipype.workflow  [0m|[34;20m [Node] "_provenance4" found cached.[0m
2026-03-27 09:49:30 |[34;20m INFO     [0m|[34;20m nipype.workflow  [0m|[34;20m [Node] Setting-up "_sanitize0" in "/local/nvme/ds006193_24053.783955/ds/tmp/mriqc_wf/funcMRIQC/fc72f369a689cbc02a52d801a73e788f6f9085c0/sanitize/mapflow/_sanitize0".[0m
2026-03-27 09:49:30 |[34;20m INFO     [0m|[34;20m nipype.workflow  [0m|[34;20m [Node] Setting-up "_sanitize1" in "/local/nvme/ds006193_24053.783955/ds/tmp/mriqc_wf/funcMRIQC/fc72f369a689cbc02a52d801a73e788f6f9085c0/sanitize/mapflow/_sanitize1".[0m
2026-03-27 09:49:30 |[34;20m INFO     [0m|[34;20m nipype.workflow  [0m|[34;20m [Node] Setting-up "_sanitize4" in "/local/nvme/ds006193_24053.783955/ds/tmp/mriqc_wf/funcMRIQC/fc72f369a689cbc02a52d801a73e788f6f9085c0/sanitize/mapflow/_sanitize4".[0m
2026-03-27 09:49:30 |[34;20m INFO     [0m|[34;20m nipype.workflow  [0m|[34;20m [Node] Setting-up "_sanitize3" in "/local/nvme/ds006193_24053.783955/ds/tmp/mriqc_wf/funcMRIQC/fc72f369a689cbc02a52d801a73e788f6f9085c0/sanitize/mapflow/_sanitize3".[0m
2026-03-27 09:49:30 |[34;20m INFO     [0m|[34;20m nipype.workflow  [0m|[34;20m [Node] Setting-up "_sanitize2" in "/local/nvme/ds006193_24053.783955/ds/tmp/mriqc_wf/funcMRIQC/fc72f369a689cbc02a52d801a73e788f6f9085c0/sanitize/mapflow/_sanitize2".[0m
2026-03-27 09:49:30 |[34;20m INFO     [0m|[34;20m nipype.workflow  [0m|[34;20m [Node] Setting-up "_sanitize0" in "/local/nvme/ds006193_24053.783955/ds/tmp/mriqc_wf/funcMRIQC/62325a652eefcadfe0b75061ecf8d7e5fac4daa0/sanitize/mapflow/_sanitize0".[0m
2026-03-27 09:49:30 |[34;20m INFO     [0m|[34;20m nipype.workflow  [0m|[34;20m [Node] Setting-up "_sanitize1" in "/local/nvme/ds006193_24053.783955/ds/tmp/mriqc_wf/funcMRIQC/62325a652eefcadfe0b75061ecf8d7e5fac4daa0/sanitize/mapflow/_sanitize1".[0m
2026-03-27 09:49:30 |[34;20m INFO     [0m|[34;20m nipype.workflow  [0m|[34;20m [Node] Setting-up "_sanitize2" in "/local/nvme/ds006193_24053.783955/ds/tmp/mriqc_wf/funcMRIQC/62325a652eefcadfe0b75061ecf8d7e5fac4daa0/sanitize/mapflow/_sanitize2".[0m
2026-03-27 09:49:30 |[34;20m INFO     [0m|[34;20m nipype.workflow  [0m|[34;20m [Node] Executing "_sanitize4" <niworkflows.interfaces.header.SanitizeImage>[0m
2026-03-27 09:49:30 |[34;20m INFO     [0m|[34;20m nipype.workflow  [0m|[34;20m [Node] Executing "_sanitize0" <niworkflows.interfaces.header.SanitizeImage>[0m
2026-03-27 09:49:30 |[34;20m INFO     [0m|[34;20m nipype.workflow  [0m|[34;20m [Node] Executing "_sanitize0" <niworkflows.interfaces.header.SanitizeImage>[0m
2026-03-27 09:49:30 |[34;20m INFO     [0m|[34;20m nipype.workflow  [0m|[34;20m [Node] Executing "_sanitize1" <niworkflows.interfaces.header.SanitizeImage>[0m
2026-03-27 09:49:30 |[34;20m INFO     [0m|[34;20m nipype.workflow  [0m|[34;20m [Node] Executing "_sanitize1" <niworkflows.interfaces.header.SanitizeImage>[0m
2026-03-27 09:49:30 |[34;20m INFO     [0m|[34;20m nipype.workflow  [0m|[34;20m [Node] Executing "_sanitize2" <niworkflows.interfaces.header.SanitizeImage>[0m
2026-03-27 09:49:30 |[34;20m INFO     [0m|[34;20m nipype.workflow  [0m|[34;20m [Node] Executing "_sanitize3" <niworkflows.interfaces.header.SanitizeImage>[0m
2026-03-27 09:49:30 |[34;20m INFO     [0m|[34;20m nipype.workflow  [0m|[34;20m [Node] Executing "_sanitize2" <niworkflows.interfaces.header.SanitizeImage>[0m
2026-03-27 09:49:30 |[34;20m INFO     [0m|[34;20m nipype.workflow  [0m|[34;20m [Node] Finished "_sanitize4", elapsed time 0.045397s.[0m
2026-03-27 09:49:30 |[34;20m INFO     [0m|[34;20m nipype.workflow  [0m|[34;20m [Node] Finished "_sanitize0", elapsed time 0.046602s.[0m
2026-03-27 09:49:30 |[34;20m INFO     [0m|[34;20m nipype.workflow  [0m|[34;20m [Node] Finished "_sanitize1", elapsed time 0.048662s.[0m
2026-03-27 09:49:30 |[34;20m INFO     [0m|[34;20m nipype.workflow  [0m|[34;20m [Node] Finished "_sanitize3", elapsed time 0.046254s.[0m
2026-03-27 09:49:30 |[34;20m INFO     [0m|[34;20m nipype.workflow  [0m|[34;20m [Node] Finished "_sanitize2", elapsed time 0.047396s.[0m
2026-03-27 09:49:30 |[34;20m INFO     [0m|[34;20m nipype.workflow  [0m|[34;20m [Node] Finished "_sanitize0", elapsed time 0.048371s.[0m
2026-03-27 09:49:30 |[34;20m INFO     [0m|[34;20m nipype.workflow  [0m|[34;20m [Node] Finished "_sanitize1", elapsed time 0.048387s.[0m
2026-03-27 09:49:30 |[34;20m INFO     [0m|[34;20m nipype.workflow  [0m|[34;20m [Node] Finished "_sanitize2", elapsed time 0.054198s.[0m
2026-03-27 09:49:32 |[34;20m INFO     [0m|[34;20m nipype.workflow  [0m|[34;20m [Node] Setting-up "_sanitize3" in "/local/nvme/ds006193_24053.783955/ds/tmp/mriqc_wf/funcMRIQC/62325a652eefcadfe0b75061ecf8d7e5fac4daa0/sanitize/mapflow/_sanitize3".[0m
2026-03-27 09:49:32 |[34;20m INFO     [0m|[34;20m nipype.workflow  [0m|[34;20m [Node] Setting-up "_sanitize4" in "/local/nvme/ds006193_24053.783955/ds/tmp/mriqc_wf/funcMRIQC/62325a652eefcadfe0b75061ecf8d7e5fac4daa0/sanitize/mapflow/_sanitize4".[0m
2026-03-27 09:49:32 |[34;20m INFO     [0m|[34;20m nipype.workflow  [0m|[34;20m [Node] Executing "_sanitize3" <niworkflows.interfaces.header.SanitizeImage>[0m
2026-03-27 09:49:32 |[34;20m INFO     [0m|[34;20m nipype.workflow  [0m|[34;20m [Node] Executing "_sanitize4" <niworkflows.interfaces.header.SanitizeImage>[0m
2026-03-27 09:49:32 |[34;20m INFO     [0m|[34;20m nipype.workflow  [0m|[34;20m [Node] Setting-up "_sanitize0" in "/local/nvme/ds006193_24053.783955/ds/tmp/mriqc_wf/funcMRIQC/fc72f369a689cbc02a52d801a73e788f6f9085c0/sanitize/mapflow/_sanitize0".[0m
2026-03-27 09:49:32 |[34;20m INFO     [0m|[34;20m nipype.workflow  [0m|[34;20m [Node] Cached "_sanitize0" - collecting precomputed outputs[0m
2026-03-27 09:49:32 |[34;20m INFO     [0m|[34;20m nipype.workflow  [0m|[34;20m [Node] "_sanitize0" found cached.[0m
2026-03-27 09:49:32 |[34;20m INFO     [0m|[34;20m nipype.workflow  [0m|[34;20m [Node] Setting-up "_sanitize1" in "/local/nvme/ds006193_24053.783955/ds/tmp/mriqc_wf/funcMRIQC/fc72f369a689cbc02a52d801a73e788f6f9085c0/sanitize/mapflow/_sanitize1".[0m
2026-03-27 09:49:32 |[34;20m INFO     [0m|[34;20m nipype.workflow  [0m|[34;20m [Node] Cached "_sanitize1" - collecting precomputed outputs[0m
2026-03-27 09:49:32 |[34;20m INFO     [0m|[34;20m nipype.workflow  [0m|[34;20m [Node] "_sanitize1" found cached.[0m
2026-03-27 09:49:32 |[34;20m INFO     [0m|[34;20m nipype.workflow  [0m|[34;20m [Node] Setting-up "_sanitize2" in "/local/nvme/ds006193_24053.783955/ds/tmp/mriqc_wf/funcMRIQC/fc72f369a689cbc02a52d801a73e788f6f9085c0/sanitize/mapflow/_sanitize2".[0m
2026-03-27 09:49:32 |[34;20m INFO     [0m|[34;20m nipype.workflow  [0m|[34;20m [Node] Cached "_sanitize2" - collecting precomputed outputs[0m
2026-03-27 09:49:32 |[34;20m INFO     [0m|[34;20m nipype.workflow  [0m|[34;20m [Node] "_sanitize2" found cached.[0m
2026-03-27 09:49:32 |[34;20m INFO     [0m|[34;20m nipype.workflow  [0m|[34;20m [Node] Setting-up "_sanitize3" in "/local/nvme/ds006193_24053.783955/ds/tmp/mriqc_wf/funcMRIQC/fc72f369a689cbc02a52d801a73e788f6f9085c0/sanitize/mapflow/_sanitize3".[0m
2026-03-27 09:49:32 |[34;20m INFO     [0m|[34;20m nipype.workflow  [0m|[34;20m [Node] Cached "_sanitize3" - collecting precomputed outputs[0m
2026-03-27 09:49:32 |[34;20m INFO     [0m|[34;20m nipype.workflow  [0m|[34;20m [Node] "_sanitize3" found cached.[0m
2026-03-27 09:49:32 |[34;20m INFO     [0m|[34;20m nipype.workflow  [0m|[34;20m [Node] Setting-up "_sanitize4" in "/local/nvme/ds006193_24053.783955/ds/tmp/mriqc_wf/funcMRIQC/fc72f369a689cbc02a52d801a73e788f6f9085c0/sanitize/mapflow/_sanitize4".[0m
2026-03-27 09:49:32 |[34;20m INFO     [0m|[34;20m nipype.workflow  [0m|[34;20m [Node] Cached "_sanitize4" - collecting precomputed outputs[0m
2026-03-27 09:49:32 |[34;20m INFO     [0m|[34;20m nipype.workflow  [0m|[34;20m [Node] "_sanitize4" found cached.[0m
2026-03-27 09:49:32 |[34;20m INFO     [0m|[34;20m nipype.workflow  [0m|[34;20m [Node] Finished "_sanitize4", elapsed time 0.041045s.[0m
2026-03-27 09:49:32 |[34;20m INFO     [0m|[34;20m nipype.workflow  [0m|[34;20m [Node] Finished "_sanitize3", elapsed time 0.041275s.[0m
2026-03-27 09:49:34 |[34;20m INFO     [0m|[34;20m nipype.workflow  [0m|[34;20m [Node] Setting-up "mriqc_wf.funcMRIQC.fMRI_HMC.estimate_hm" in "/local/nvme/ds006193_24053.783955/ds/tmp/mriqc_wf/funcMRIQC/fMRI_HMC/fc72f369a689cbc02a52d801a73e788f6f9085c0/estimate_hm".[0m
2026-03-27 09:49:34 |[34;20m INFO     [0m|[34;20m nipype.workflow  [0m|[34;20m [Node] Setting-up "_sanitize0" in "/local/nvme/ds006193_24053.783955/ds/tmp/mriqc_wf/funcMRIQC/62325a652eefcadfe0b75061ecf8d7e5fac4daa0/sanitize/mapflow/_sanitize0".[0m
2026-03-27 09:49:34 |[34;20m INFO     [0m|[34;20m nipype.workflow  [0m|[34;20m [Node] Executing "estimate_hm" <nipype.interfaces.afni.preprocess.Volreg>[0m
2026-03-27 09:49:34 |[34;20m INFO     [0m|[34;20m nipype.workflow  [0m|[34;20m [Node] Cached "_sanitize0" - collecting precomputed outputs[0m
2026-03-27 09:49:34 |[34;20m INFO     [0m|[34;20m nipype.workflow  [0m|[34;20m [Node] "_sanitize0" found cached.[0m
2026-03-27 09:49:34 |[34;20m INFO     [0m|[34;20m nipype.workflow  [0m|[34;20m [Node] Setting-up "_sanitize1" in "/local/nvme/ds006193_24053.783955/ds/tmp/mriqc_wf/funcMRIQC/62325a652eefcadfe0b75061ecf8d7e5fac4daa0/sanitize/mapflow/_sanitize1".[0m
2026-03-27 09:49:34 |[34;20m INFO     [0m|[34;20m nipype.workflow  [0m|[34;20m [Node] Cached "_sanitize1" - collecting precomputed outputs[0m
2026-03-27 09:49:34 |[34;20m INFO     [0m|[34;20m nipype.workflow  [0m|[34;20m [Node] "_sanitize1" found cached.[0m
2026-03-27 09:49:34 |[34;20m INFO     [0m|[34;20m nipype.workflow  [0m|[34;20m [Node] Setting-up "_sanitize2" in "/local/nvme/ds006193_24053.783955/ds/tmp/mriqc_wf/funcMRIQC/62325a652eefcadfe0b75061ecf8d7e5fac4daa0/sanitize/mapflow/_sanitize2".[0m
2026-03-27 09:49:34 |[34;20m INFO     [0m|[34;20m nipype.workflow  [0m|[34;20m [Node] Cached "_sanitize2" - collecting precomputed outputs[0m
2026-03-27 09:49:34 |[34;20m INFO     [0m|[34;20m nipype.workflow  [0m|[34;20m [Node] "_sanitize2" found cached.[0m
2026-03-27 09:49:34 |[34;20m INFO     [0m|[34;20m nipype.workflow  [0m|[34;20m [Node] Setting-up "_sanitize3" in "/local/nvme/ds006193_24053.783955/ds/tmp/mriqc_wf/funcMRIQC/62325a652eefcadfe0b75061ecf8d7e5fac4daa0/sanitize/mapflow/_sanitize3".[0m
2026-03-27 09:49:34 |[34;20m INFO     [0m|[34;20m nipype.workflow  [0m|[34;20m [Node] Cached "_sanitize3" - collecting precomputed outputs[0m
2026-03-27 09:49:34 |[34;20m INFO     [0m|[34;20m nipype.workflow  [0m|[34;20m [Node] "_sanitize3" found cached.[0m
2026-03-27 09:49:34 |[34;20m INFO     [0m|[34;20m nipype.workflow  [0m|[34;20m [Node] Setting-up "_sanitize4" in "/local/nvme/ds006193_24053.783955/ds/tmp/mriqc_wf/funcMRIQC/62325a652eefcadfe0b75061ecf8d7e5fac4daa0/sanitize/mapflow/_sanitize4".[0m
2026-03-27 09:49:34 |[34;20m INFO     [0m|[34;20m nipype.workflow  [0m|[34;20m [Node] Cached "_sanitize4" - collecting precomputed outputs[0m
2026-03-27 09:49:34 |[34;20m INFO     [0m|[34;20m nipype.workflow  [0m|[34;20m [Node] "_sanitize4" found cached.[0m
2026-03-27 09:49:36 |[34;20m INFO     [0m|[34;20m nipype.workflow  [0m|[34;20m [Node] Setting-up "mriqc_wf.funcMRIQC.fMRI_HMC.estimate_hm" in "/local/nvme/ds006193_24053.783955/ds/tmp/mriqc_wf/funcMRIQC/fMRI_HMC/62325a652eefcadfe0b75061ecf8d7e5fac4daa0/estimate_hm".[0m
2026-03-27 09:49:36 |[34;20m INFO     [0m|[34;20m nipype.workflow  [0m|[34;20m [Node] Executing "estimate_hm" <nipype.interfaces.afni.preprocess.Volreg>[0m
2026-03-27 09:49:36 |[34;20m INFO     [0m|[34;20m nipype.workflow  [0m|[34;20m [Node] Setting-up "_SpikesMask0" in "/local/nvme/ds006193_24053.783955/ds/tmp/mriqc_wf/funcMRIQC/func_report_wf/fc72f369a689cbc02a52d801a73e788f6f9085c0/SpikesMask/mapflow/_SpikesMask0".[0m
2026-03-27 09:49:36 |[34;20m INFO     [0m|[34;20m nipype.workflow  [0m|[34;20m [Node] Setting-up "_SpikesMask1" in "/local/nvme/ds006193_24053.783955/ds/tmp/mriqc_wf/funcMRIQC/func_report_wf/fc72f369a689cbc02a52d801a73e788f6f9085c0/SpikesMask/mapflow/_SpikesMask1".[0m
2026-03-27 09:49:36 |[34;20m INFO     [0m|[34;20m nipype.workflow  [0m|[34;20m [Node] Setting-up "_SpikesMask2" in "/local/nvme/ds006193_24053.783955/ds/tmp/mriqc_wf/funcMRIQC/func_report_wf/fc72f369a689cbc02a52d801a73e788f6f9085c0/SpikesMask/mapflow/_SpikesMask2".[0m
2026-03-27 09:49:36 |[34;20m INFO     [0m|[34;20m nipype.workflow  [0m|[34;20m [Node] Setting-up "_SpikesMask3" in "/local/nvme/ds006193_24053.783955/ds/tmp/mriqc_wf/funcMRIQC/func_report_wf/fc72f369a689cbc02a52d801a73e788f6f9085c0/SpikesMask/mapflow/_SpikesMask3".[0m
2026-03-27 09:49:36 |[34;20m INFO     [0m|[34;20m nipype.workflow  [0m|[34;20m [Node] Executing "_SpikesMask1" <nipype.interfaces.utility.wrappers.Function>[0m
2026-03-27 09:49:36 |[34;20m INFO     [0m|[34;20m nipype.workflow  [0m|[34;20m [Node] Executing "_SpikesMask0" <nipype.interfaces.utility.wrappers.Function>[0m
2026-03-27 09:49:36 |[34;20m INFO     [0m|[34;20m nipype.workflow  [0m|[34;20m [Node] Setting-up "_SpikesMask4" in "/local/nvme/ds006193_24053.783955/ds/tmp/mriqc_wf/funcMRIQC/func_report_wf/fc72f369a689cbc02a52d801a73e788f6f9085c0/SpikesMask/mapflow/_SpikesMask4".[0m
2026-03-27 09:49:36 |[34;20m INFO     [0m|[34;20m nipype.workflow  [0m|[34;20m [Node] Executing "_SpikesMask2" <nipype.interfaces.utility.wrappers.Function>[0m
2026-03-27 09:49:36 |[34;20m INFO     [0m|[34;20m nipype.workflow  [0m|[34;20m [Node] Executing "_SpikesMask3" <nipype.interfaces.utility.wrappers.Function>[0m
2026-03-27 09:49:36 |[34;20m INFO     [0m|[34;20m nipype.workflow  [0m|[34;20m [Node] Executing "_SpikesMask4" <nipype.interfaces.utility.wrappers.Function>[0m
2026-03-27 09:49:38 |[34;20m INFO     [0m|[34;20m nipype.workflow  [0m|[34;20m [Node] Setting-up "_SpikesMask0" in "/local/nvme/ds006193_24053.783955/ds/tmp/mriqc_wf/funcMRIQC/func_report_wf/62325a652eefcadfe0b75061ecf8d7e5fac4daa0/SpikesMask/mapflow/_SpikesMask0".[0m
2026-03-27 09:49:38 |[34;20m INFO     [0m|[34;20m nipype.workflow  [0m|[34;20m [Node] Executing "_SpikesMask0" <nipype.interfaces.utility.wrappers.Function>[0m
2026-03-27 09:49:39 |[34;20m INFO     [0m|[34;20m nipype.workflow  [0m|[34;20m [Node] Finished "_SpikesMask3", elapsed time 3.30093s.[0m
2026-03-27 09:49:39 |[34;20m INFO     [0m|[34;20m nipype.workflow  [0m|[34;20m [Node] Finished "_SpikesMask4", elapsed time 3.300286s.[0m
2026-03-27 09:49:39 |[34;20m INFO     [0m|[34;20m nipype.workflow  [0m|[34;20m [Node] Finished "_SpikesMask2", elapsed time 3.377895s.[0m
2026-03-27 09:49:39 |[34;20m INFO     [0m|[34;20m nipype.workflow  [0m|[34;20m [Node] Finished "_SpikesMask0", elapsed time 3.407163s.[0m
2026-03-27 09:49:39 |[34;20m INFO     [0m|[34;20m nipype.workflow  [0m|[34;20m [Node] Finished "_SpikesMask1", elapsed time 3.409911s.[0m
2026-03-27 09:49:40 |[34;20m INFO     [0m|[34;20m nipype.workflow  [0m|[34;20m [Node] Setting-up "_SpikesMask1" in "/local/nvme/ds006193_24053.783955/ds/tmp/mriqc_wf/funcMRIQC/func_report_wf/62325a652eefcadfe0b75061ecf8d7e5fac4daa0/SpikesMask/mapflow/_SpikesMask1".[0m
2026-03-27 09:49:40 |[34;20m INFO     [0m|[34;20m nipype.workflow  [0m|[34;20m [Node] Setting-up "_SpikesMask2" in "/local/nvme/ds006193_24053.783955/ds/tmp/mriqc_wf/funcMRIQC/func_report_wf/62325a652eefcadfe0b75061ecf8d7e5fac4daa0/SpikesMask/mapflow/_SpikesMask2".[0m
2026-03-27 09:49:40 |[34;20m INFO     [0m|[34;20m nipype.workflow  [0m|[34;20m [Node] Executing "_SpikesMask1" <nipype.interfaces.utility.wrappers.Function>[0m
2026-03-27 09:49:40 |[34;20m INFO     [0m|[34;20m nipype.workflow  [0m|[34;20m [Node] Setting-up "_SpikesMask3" in "/local/nvme/ds006193_24053.783955/ds/tmp/mriqc_wf/funcMRIQC/func_report_wf/62325a652eefcadfe0b75061ecf8d7e5fac4daa0/SpikesMask/mapflow/_SpikesMask3".[0m
2026-03-27 09:49:40 |[34;20m INFO     [0m|[34;20m nipype.workflow  [0m|[34;20m [Node] Setting-up "_SpikesMask4" in "/local/nvme/ds006193_24053.783955/ds/tmp/mriqc_wf/funcMRIQC/func_report_wf/62325a652eefcadfe0b75061ecf8d7e5fac4daa0/SpikesMask/mapflow/_SpikesMask4".[0m
2026-03-27 09:49:40 |[34;20m INFO     [0m|[34;20m nipype.workflow  [0m|[34;20m [Node] Executing "_SpikesMask2" <nipype.interfaces.utility.wrappers.Function>[0m
2026-03-27 09:49:40 |[34;20m INFO     [0m|[34;20m nipype.workflow  [0m|[34;20m [Node] Setting-up "_SpikesMask0" in "/local/nvme/ds006193_24053.783955/ds/tmp/mriqc_wf/funcMRIQC/func_report_wf/fc72f369a689cbc02a52d801a73e788f6f9085c0/SpikesMask/mapflow/_SpikesMask0".[0m
2026-03-27 09:49:40 |[34;20m INFO     [0m|[34;20m nipype.workflow  [0m|[34;20m [Node] Cached "_SpikesMask0" - collecting precomputed outputs[0m
2026-03-27 09:49:40 |[34;20m INFO     [0m|[34;20m nipype.workflow  [0m|[34;20m [Node] "_SpikesMask0" found cached.[0m
2026-03-27 09:49:40 |[34;20m INFO     [0m|[34;20m nipype.workflow  [0m|[34;20m [Node] Executing "_SpikesMask3" <nipype.interfaces.utility.wrappers.Function>[0m
2026-03-27 09:49:40 |[34;20m INFO     [0m|[34;20m nipype.workflow  [0m|[34;20m [Node] Executing "_SpikesMask4" <nipype.interfaces.utility.wrappers.Function>[0m
2026-03-27 09:49:40 |[34;20m INFO     [0m|[34;20m nipype.workflow  [0m|[34;20m [Node] Setting-up "_SpikesMask1" in "/local/nvme/ds006193_24053.783955/ds/tmp/mriqc_wf/funcMRIQC/func_report_wf/fc72f369a689cbc02a52d801a73e788f6f9085c0/SpikesMask/mapflow/_SpikesMask1".[0m
2026-03-27 09:49:40 |[34;20m INFO     [0m|[34;20m nipype.workflow  [0m|[34;20m [Node] Cached "_SpikesMask1" - collecting precomputed outputs[0m
2026-03-27 09:49:40 |[34;20m INFO     [0m|[34;20m nipype.workflow  [0m|[34;20m [Node] "_SpikesMask1" found cached.[0m
2026-03-27 09:49:40 |[34;20m INFO     [0m|[34;20m nipype.workflow  [0m|[34;20m [Node] Setting-up "_SpikesMask2" in "/local/nvme/ds006193_24053.783955/ds/tmp/mriqc_wf/funcMRIQC/func_report_wf/fc72f369a689cbc02a52d801a73e788f6f9085c0/SpikesMask/mapflow/_SpikesMask2".[0m
2026-03-27 09:49:40 |[34;20m INFO     [0m|[34;20m nipype.workflow  [0m|[34;20m [Node] Cached "_SpikesMask2" - collecting precomputed outputs[0m
2026-03-27 09:49:40 |[34;20m INFO     [0m|[34;20m nipype.workflow  [0m|[34;20m [Node] "_SpikesMask2" found cached.[0m
2026-03-27 09:49:40 |[34;20m INFO     [0m|[34;20m nipype.workflow  [0m|[34;20m [Node] Setting-up "_SpikesMask3" in "/local/nvme/ds006193_24053.783955/ds/tmp/mriqc_wf/funcMRIQC/func_report_wf/fc72f369a689cbc02a52d801a73e788f6f9085c0/SpikesMask/mapflow/_SpikesMask3".[0m
2026-03-27 09:49:40 |[34;20m INFO     [0m|[34;20m nipype.workflow  [0m|[34;20m [Node] Cached "_SpikesMask3" - collecting precomputed outputs[0m
2026-03-27 09:49:40 |[34;20m INFO     [0m|[34;20m nipype.workflow  [0m|[34;20m [Node] "_SpikesMask3" found cached.[0m
2026-03-27 09:49:40 |[34;20m INFO     [0m|[34;20m nipype.workflow  [0m|[34;20m [Node] Setting-up "_SpikesMask4" in "/local/nvme/ds006193_24053.783955/ds/tmp/mriqc_wf/funcMRIQC/func_report_wf/fc72f369a689cbc02a52d801a73e788f6f9085c0/SpikesMask/mapflow/_SpikesMask4".[0m
2026-03-27 09:49:40 |[34;20m INFO     [0m|[34;20m nipype.workflow  [0m|[34;20m [Node] Cached "_SpikesMask4" - collecting precomputed outputs[0m
2026-03-27 09:49:40 |[34;20m INFO     [0m|[34;20m nipype.workflow  [0m|[34;20m [Node] "_SpikesMask4" found cached.[0m
2026-03-27 09:49:42 |[34;20m INFO     [0m|[34;20m nipype.workflow  [0m|[34;20m [Node] Finished "_SpikesMask0", elapsed time 4.354227s.[0m
2026-03-27 09:49:44 |[34;20m INFO     [0m|[34;20m nipype.workflow  [0m|[34;20m [Node] Setting-up "_SpikesFinderBgMask0" in "/local/nvme/ds006193_24053.783955/ds/tmp/mriqc_wf/funcMRIQC/func_report_wf/fc72f369a689cbc02a52d801a73e788f6f9085c0/SpikesFinderBgMask/mapflow/_SpikesFinderBgMask0".[0m
2026-03-27 09:49:44 |[34;20m INFO     [0m|[34;20m nipype.workflow  [0m|[34;20m [Node] Setting-up "_SpikesFinderBgMask1" in "/local/nvme/ds006193_24053.783955/ds/tmp/mriqc_wf/funcMRIQC/func_report_wf/fc72f369a689cbc02a52d801a73e788f6f9085c0/SpikesFinderBgMask/mapflow/_SpikesFinderBgMask1".[0m
2026-03-27 09:49:44 |[34;20m INFO     [0m|[34;20m nipype.workflow  [0m|[34;20m [Node] Executing "_SpikesFinderBgMask0" <mriqc.interfaces.functional.Spikes>[0m
2026-03-27 09:49:44 |[34;20m INFO     [0m|[34;20m nipype.workflow  [0m|[34;20m [Node] Executing "_SpikesFinderBgMask1" <mriqc.interfaces.functional.Spikes>[0m
2026-03-27 09:49:44 |[34;20m INFO     [0m|[34;20m nipype.workflow  [0m|[34;20m [Node] Finished "_SpikesMask2", elapsed time 4.141031s.[0m
2026-03-27 09:49:44 |[34;20m INFO     [0m|[34;20m nipype.workflow  [0m|[34;20m [Node] Finished "_SpikesMask4", elapsed time 4.141004s.[0m
2026-03-27 09:49:44 |[34;20m INFO     [0m|[34;20m nipype.workflow  [0m|[34;20m [Node] Finished "_SpikesMask3", elapsed time 4.184967s.[0m
2026-03-27 09:49:44 |[34;20m INFO     [0m|[34;20m nipype.workflow  [0m|[34;20m [Node] Finished "_SpikesMask1", elapsed time 4.244006s.[0m
2026-03-27 09:49:46 |[34;20m INFO     [0m|[34;20m nipype.workflow  [0m|[34;20m [Node] Setting-up "_SpikesFinderBgMask2" in "/local/nvme/ds006193_24053.783955/ds/tmp/mriqc_wf/funcMRIQC/func_report_wf/fc72f369a689cbc02a52d801a73e788f6f9085c0/SpikesFinderBgMask/mapflow/_SpikesFinderBgMask2".[0m
2026-03-27 09:49:46 |[34;20m INFO     [0m|[34;20m nipype.workflow  [0m|[34;20m [Node] Setting-up "_SpikesFinderBgMask4" in "/local/nvme/ds006193_24053.783955/ds/tmp/mriqc_wf/funcMRIQC/func_report_wf/fc72f369a689cbc02a52d801a73e788f6f9085c0/SpikesFinderBgMask/mapflow/_SpikesFinderBgMask4".[0m
2026-03-27 09:49:46 |[34;20m INFO     [0m|[34;20m nipype.workflow  [0m|[34;20m [Node] Setting-up "_SpikesFinderBgMask3" in "/local/nvme/ds006193_24053.783955/ds/tmp/mriqc_wf/funcMRIQC/func_report_wf/fc72f369a689cbc02a52d801a73e788f6f9085c0/SpikesFinderBgMask/mapflow/_SpikesFinderBgMask3".[0m
2026-03-27 09:49:46 |[34;20m INFO     [0m|[34;20m nipype.workflow  [0m|[34;20m [Node] Executing "_SpikesFinderBgMask2" <mriqc.interfaces.functional.Spikes>[0m
2026-03-27 09:49:46 |[34;20m INFO     [0m|[34;20m nipype.workflow  [0m|[34;20m [Node] Executing "_SpikesFinderBgMask4" <mriqc.interfaces.functional.Spikes>[0m
2026-03-27 09:49:46 |[34;20m INFO     [0m|[34;20m nipype.workflow  [0m|[34;20m [Node] Executing "_SpikesFinderBgMask3" <mriqc.interfaces.functional.Spikes>[0m
2026-03-27 09:49:46 |[34;20m INFO     [0m|[34;20m nipype.workflow  [0m|[34;20m [Node] Setting-up "_SpikesMask0" in "/local/nvme/ds006193_24053.783955/ds/tmp/mriqc_wf/funcMRIQC/func_report_wf/62325a652eefcadfe0b75061ecf8d7e5fac4daa0/SpikesMask/mapflow/_SpikesMask0".[0m
2026-03-27 09:49:46 |[34;20m INFO     [0m|[34;20m nipype.workflow  [0m|[34;20m [Node] Cached "_SpikesMask0" - collecting precomputed outputs[0m
2026-03-27 09:49:46 |[34;20m INFO     [0m|[34;20m nipype.workflow  [0m|[34;20m [Node] "_SpikesMask0" found cached.[0m
2026-03-27 09:49:46 |[34;20m INFO     [0m|[34;20m nipype.workflow  [0m|[34;20m [Node] Setting-up "_SpikesMask1" in "/local/nvme/ds006193_24053.783955/ds/tmp/mriqc_wf/funcMRIQC/func_report_wf/62325a652eefcadfe0b75061ecf8d7e5fac4daa0/SpikesMask/mapflow/_SpikesMask1".[0m
2026-03-27 09:49:46 |[34;20m INFO     [0m|[34;20m nipype.workflow  [0m|[34;20m [Node] Cached "_SpikesMask1" - collecting precomputed outputs[0m
2026-03-27 09:49:46 |[34;20m INFO     [0m|[34;20m nipype.workflow  [0m|[34;20m [Node] "_SpikesMask1" found cached.[0m
2026-03-27 09:49:46 |[34;20m INFO     [0m|[34;20m nipype.workflow  [0m|[34;20m [Node] Setting-up "_SpikesMask2" in "/local/nvme/ds006193_24053.783955/ds/tmp/mriqc_wf/funcMRIQC/func_report_wf/62325a652eefcadfe0b75061ecf8d7e5fac4daa0/SpikesMask/mapflow/_SpikesMask2".[0m
2026-03-27 09:49:46 |[34;20m INFO     [0m|[34;20m nipype.workflow  [0m|[34;20m [Node] Cached "_SpikesMask2" - collecting precomputed outputs[0m
2026-03-27 09:49:46 |[34;20m INFO     [0m|[34;20m nipype.workflow  [0m|[34;20m [Node] "_SpikesMask2" found cached.[0m
2026-03-27 09:49:46 |[34;20m INFO     [0m|[34;20m nipype.workflow  [0m|[34;20m [Node] Setting-up "_SpikesMask3" in "/local/nvme/ds006193_24053.783955/ds/tmp/mriqc_wf/funcMRIQC/func_report_wf/62325a652eefcadfe0b75061ecf8d7e5fac4daa0/SpikesMask/mapflow/_SpikesMask3".[0m
2026-03-27 09:49:46 |[34;20m INFO     [0m|[34;20m nipype.workflow  [0m|[34;20m [Node] Cached "_SpikesMask3" - collecting precomputed outputs[0m
2026-03-27 09:49:46 |[34;20m INFO     [0m|[34;20m nipype.workflow  [0m|[34;20m [Node] "_SpikesMask3" found cached.[0m
2026-03-27 09:49:46 |[34;20m INFO     [0m|[34;20m nipype.workflow  [0m|[34;20m [Node] Setting-up "_SpikesMask4" in "/local/nvme/ds006193_24053.783955/ds/tmp/mriqc_wf/funcMRIQC/func_report_wf/62325a652eefcadfe0b75061ecf8d7e5fac4daa0/SpikesMask/mapflow/_SpikesMask4".[0m
2026-03-27 09:49:46 |[34;20m INFO     [0m|[34;20m nipype.workflow  [0m|[34;20m [Node] Cached "_SpikesMask4" - collecting precomputed outputs[0m
2026-03-27 09:49:46 |[34;20m INFO     [0m|[34;20m nipype.workflow  [0m|[34;20m [Node] "_SpikesMask4" found cached.[0m
2026-03-27 09:49:48 |[34;20m INFO     [0m|[34;20m nipype.workflow  [0m|[34;20m [Node] Finished "_SpikesFinderBgMask1", elapsed time 4.595605s.[0m
2026-03-27 09:49:49 |[34;20m INFO     [0m|[34;20m nipype.workflow  [0m|[34;20m [Node] Finished "_SpikesFinderBgMask0", elapsed time 4.769914s.[0m
2026-03-27 09:49:50 |[34;20m INFO     [0m|[34;20m nipype.workflow  [0m|[34;20m [Node] Setting-up "_SpikesFinderBgMask0" in "/local/nvme/ds006193_24053.783955/ds/tmp/mriqc_wf/funcMRIQC/func_report_wf/62325a652eefcadfe0b75061ecf8d7e5fac4daa0/SpikesFinderBgMask/mapflow/_SpikesFinderBgMask0".[0m
2026-03-27 09:49:50 |[34;20m INFO     [0m|[34;20m nipype.workflow  [0m|[34;20m [Node] Setting-up "_SpikesFinderBgMask1" in "/local/nvme/ds006193_24053.783955/ds/tmp/mriqc_wf/funcMRIQC/func_report_wf/62325a652eefcadfe0b75061ecf8d7e5fac4daa0/SpikesFinderBgMask/mapflow/_SpikesFinderBgMask1".[0m
2026-03-27 09:49:50 |[34;20m INFO     [0m|[34;20m nipype.workflow  [0m|[34;20m [Node] Setting-up "_SpikesFinderBgMask2" in "/local/nvme/ds006193_24053.783955/ds/tmp/mriqc_wf/funcMRIQC/func_report_wf/62325a652eefcadfe0b75061ecf8d7e5fac4daa0/SpikesFinderBgMask/mapflow/_SpikesFinderBgMask2".[0m
2026-03-27 09:49:50 |[34;20m INFO     [0m|[34;20m nipype.workflow  [0m|[34;20m [Node] Executing "_SpikesFinderBgMask0" <mriqc.interfaces.functional.Spikes>[0m
2026-03-27 09:49:50 |[34;20m INFO     [0m|[34;20m nipype.workflow  [0m|[34;20m [Node] Executing "_SpikesFinderBgMask1" <mriqc.interfaces.functional.Spikes>[0m
2026-03-27 09:49:50 |[34;20m INFO     [0m|[34;20m nipype.workflow  [0m|[34;20m [Node] Executing "_SpikesFinderBgMask2" <mriqc.interfaces.functional.Spikes>[0m
2026-03-27 09:49:50 |[34;20m INFO     [0m|[34;20m nipype.workflow  [0m|[34;20m [Node] Finished "_SpikesFinderBgMask3", elapsed time 4.47891s.[0m
2026-03-27 09:49:50 |[34;20m INFO     [0m|[34;20m nipype.workflow  [0m|[34;20m [Node] Finished "_SpikesFinderBgMask2", elapsed time 4.519294s.[0m
2026-03-27 09:49:50 |[34;20m INFO     [0m|[34;20m nipype.workflow  [0m|[34;20m [Node] Finished "_SpikesFinderBgMask4", elapsed time 4.624751s.[0m
2026-03-27 09:49:52 |[34;20m INFO     [0m|[34;20m nipype.workflow  [0m|[34;20m [Node] Setting-up "_SpikesFinderBgMask4" in "/local/nvme/ds006193_24053.783955/ds/tmp/mriqc_wf/funcMRIQC/func_report_wf/62325a652eefcadfe0b75061ecf8d7e5fac4daa0/SpikesFinderBgMask/mapflow/_SpikesFinderBgMask4".[0m
2026-03-27 09:49:52 |[34;20m INFO     [0m|[34;20m nipype.workflow  [0m|[34;20m [Node] Setting-up "_SpikesFinderBgMask3" in "/local/nvme/ds006193_24053.783955/ds/tmp/mriqc_wf/funcMRIQC/func_report_wf/62325a652eefcadfe0b75061ecf8d7e5fac4daa0/SpikesFinderBgMask/mapflow/_SpikesFinderBgMask3".[0m
2026-03-27 09:49:52 |[34;20m INFO     [0m|[34;20m nipype.workflow  [0m|[34;20m [Node] Executing "_SpikesFinderBgMask4" <mriqc.interfaces.functional.Spikes>[0m
2026-03-27 09:49:52 |[34;20m INFO     [0m|[34;20m nipype.workflow  [0m|[34;20m [Node] Executing "_SpikesFinderBgMask3" <mriqc.interfaces.functional.Spikes>[0m
2026-03-27 09:49:52 |[34;20m INFO     [0m|[34;20m nipype.workflow  [0m|[34;20m [Node] Setting-up "_SpikesFinderBgMask0" in "/local/nvme/ds006193_24053.783955/ds/tmp/mriqc_wf/funcMRIQC/func_report_wf/fc72f369a689cbc02a52d801a73e788f6f9085c0/SpikesFinderBgMask/mapflow/_SpikesFinderBgMask0".[0m
2026-03-27 09:49:52 |[34;20m INFO     [0m|[34;20m nipype.workflow  [0m|[34;20m [Node] Cached "_SpikesFinderBgMask0" - collecting precomputed outputs[0m
2026-03-27 09:49:52 |[34;20m INFO     [0m|[34;20m nipype.workflow  [0m|[34;20m [Node] "_SpikesFinderBgMask0" found cached.[0m
2026-03-27 09:49:52 |[34;20m INFO     [0m|[34;20m nipype.workflow  [0m|[34;20m [Node] Setting-up "_SpikesFinderBgMask1" in "/local/nvme/ds006193_24053.783955/ds/tmp/mriqc_wf/funcMRIQC/func_report_wf/fc72f369a689cbc02a52d801a73e788f6f9085c0/SpikesFinderBgMask/mapflow/_SpikesFinderBgMask1".[0m
2026-03-27 09:49:52 |[34;20m INFO     [0m|[34;20m nipype.workflow  [0m|[34;20m [Node] Cached "_SpikesFinderBgMask1" - collecting precomputed outputs[0m
2026-03-27 09:49:52 |[34;20m INFO     [0m|[34;20m nipype.workflow  [0m|[34;20m [Node] "_SpikesFinderBgMask1" found cached.[0m
2026-03-27 09:49:52 |[34;20m INFO     [0m|[34;20m nipype.workflow  [0m|[34;20m [Node] Setting-up "_SpikesFinderBgMask2" in "/local/nvme/ds006193_24053.783955/ds/tmp/mriqc_wf/funcMRIQC/func_report_wf/fc72f369a689cbc02a52d801a73e788f6f9085c0/SpikesFinderBgMask/mapflow/_SpikesFinderBgMask2".[0m
2026-03-27 09:49:52 |[34;20m INFO     [0m|[34;20m nipype.workflow  [0m|[34;20m [Node] Cached "_SpikesFinderBgMask2" - collecting precomputed outputs[0m
2026-03-27 09:49:52 |[34;20m INFO     [0m|[34;20m nipype.workflow  [0m|[34;20m [Node] "_SpikesFinderBgMask2" found cached.[0m
2026-03-27 09:49:52 |[34;20m INFO     [0m|[34;20m nipype.workflow  [0m|[34;20m [Node] Setting-up "_SpikesFinderBgMask3" in "/local/nvme/ds006193_24053.783955/ds/tmp/mriqc_wf/funcMRIQC/func_report_wf/fc72f369a689cbc02a52d801a73e788f6f9085c0/SpikesFinderBgMask/mapflow/_SpikesFinderBgMask3".[0m
2026-03-27 09:49:52 |[34;20m INFO     [0m|[34;20m nipype.workflow  [0m|[34;20m [Node] Cached "_SpikesFinderBgMask3" - collecting precomputed outputs[0m
2026-03-27 09:49:52 |[34;20m INFO     [0m|[34;20m nipype.workflow  [0m|[34;20m [Node] "_SpikesFinderBgMask3" found cached.[0m
2026-03-27 09:49:52 |[34;20m INFO     [0m|[34;20m nipype.workflow  [0m|[34;20m [Node] Setting-up "_SpikesFinderBgMask4" in "/local/nvme/ds006193_24053.783955/ds/tmp/mriqc_wf/funcMRIQC/func_report_wf/fc72f369a689cbc02a52d801a73e788f6f9085c0/SpikesFinderBgMask/mapflow/_SpikesFinderBgMask4".[0m
2026-03-27 09:49:52 |[34;20m INFO     [0m|[34;20m nipype.workflow  [0m|[34;20m [Node] Cached "_SpikesFinderBgMask4" - collecting precomputed outputs[0m
2026-03-27 09:49:52 |[34;20m INFO     [0m|[34;20m nipype.workflow  [0m|[34;20m [Node] "_SpikesFinderBgMask4" found cached.[0m
2026-03-27 09:49:57 |[34;20m INFO     [0m|[34;20m nipype.workflow  [0m|[34;20m [Node] Finished "_SpikesFinderBgMask0", elapsed time 6.86278s.[0m
2026-03-27 09:49:57 |[34;20m INFO     [0m|[34;20m nipype.workflow  [0m|[34;20m [Node] Finished "_SpikesFinderBgMask1", elapsed time 6.992121s.[0m
2026-03-27 09:49:57 |[34;20m INFO     [0m|[34;20m nipype.workflow  [0m|[34;20m [Node] Finished "_SpikesFinderBgMask2", elapsed time 7.534803s.[0m
2026-03-27 09:49:59 |[34;20m INFO     [0m|[34;20m nipype.workflow  [0m|[34;20m [Node] Finished "_SpikesFinderBgMask3", elapsed time 6.802501s.[0m
2026-03-27 09:49:59 |[34;20m INFO     [0m|[34;20m nipype.workflow  [0m|[34;20m [Node] Finished "_SpikesFinderBgMask4", elapsed time 6.9812650000000005s.[0m
2026-03-27 09:50:00 |[34;20m INFO     [0m|[34;20m nipype.workflow  [0m|[34;20m [Node] Setting-up "_SpikesFinderBgMask0" in "/local/nvme/ds006193_24053.783955/ds/tmp/mriqc_wf/funcMRIQC/func_report_wf/62325a652eefcadfe0b75061ecf8d7e5fac4daa0/SpikesFinderBgMask/mapflow/_SpikesFinderBgMask0".[0m
2026-03-27 09:50:00 |[34;20m INFO     [0m|[34;20m nipype.workflow  [0m|[34;20m [Node] Cached "_SpikesFinderBgMask0" - collecting precomputed outputs[0m
2026-03-27 09:50:00 |[34;20m INFO     [0m|[34;20m nipype.workflow  [0m|[34;20m [Node] "_SpikesFinderBgMask0" found cached.[0m
2026-03-27 09:50:00 |[34;20m INFO     [0m|[34;20m nipype.workflow  [0m|[34;20m [Node] Setting-up "_SpikesFinderBgMask1" in "/local/nvme/ds006193_24053.783955/ds/tmp/mriqc_wf/funcMRIQC/func_report_wf/62325a652eefcadfe0b75061ecf8d7e5fac4daa0/SpikesFinderBgMask/mapflow/_SpikesFinderBgMask1".[0m
2026-03-27 09:50:00 |[34;20m INFO     [0m|[34;20m nipype.workflow  [0m|[34;20m [Node] Cached "_SpikesFinderBgMask1" - collecting precomputed outputs[0m
2026-03-27 09:50:00 |[34;20m INFO     [0m|[34;20m nipype.workflow  [0m|[34;20m [Node] "_SpikesFinderBgMask1" found cached.[0m
2026-03-27 09:50:00 |[34;20m INFO     [0m|[34;20m nipype.workflow  [0m|[34;20m [Node] Setting-up "_SpikesFinderBgMask2" in "/local/nvme/ds006193_24053.783955/ds/tmp/mriqc_wf/funcMRIQC/func_report_wf/62325a652eefcadfe0b75061ecf8d7e5fac4daa0/SpikesFinderBgMask/mapflow/_SpikesFinderBgMask2".[0m
2026-03-27 09:50:00 |[34;20m INFO     [0m|[34;20m nipype.workflow  [0m|[34;20m [Node] Cached "_SpikesFinderBgMask2" - collecting precomputed outputs[0m
2026-03-27 09:50:00 |[34;20m INFO     [0m|[34;20m nipype.workflow  [0m|[34;20m [Node] "_SpikesFinderBgMask2" found cached.[0m
2026-03-27 09:50:00 |[34;20m INFO     [0m|[34;20m nipype.workflow  [0m|[34;20m [Node] Setting-up "_SpikesFinderBgMask3" in "/local/nvme/ds006193_24053.783955/ds/tmp/mriqc_wf/funcMRIQC/func_report_wf/62325a652eefcadfe0b75061ecf8d7e5fac4daa0/SpikesFinderBgMask/mapflow/_SpikesFinderBgMask3".[0m
2026-03-27 09:50:00 |[34;20m INFO     [0m|[34;20m nipype.workflow  [0m|[34;20m [Node] Cached "_SpikesFinderBgMask3" - collecting precomputed outputs[0m
2026-03-27 09:50:00 |[34;20m INFO     [0m|[34;20m nipype.workflow  [0m|[34;20m [Node] "_SpikesFinderBgMask3" found cached.[0m
2026-03-27 09:50:00 |[34;20m INFO     [0m|[34;20m nipype.workflow  [0m|[34;20m [Node] Setting-up "_SpikesFinderBgMask4" in "/local/nvme/ds006193_24053.783955/ds/tmp/mriqc_wf/funcMRIQC/func_report_wf/62325a652eefcadfe0b75061ecf8d7e5fac4daa0/SpikesFinderBgMask/mapflow/_SpikesFinderBgMask4".[0m
2026-03-27 09:50:00 |[34;20m INFO     [0m|[34;20m nipype.workflow  [0m|[34;20m [Node] Cached "_SpikesFinderBgMask4" - collecting precomputed outputs[0m
2026-03-27 09:50:00 |[34;20m INFO     [0m|[34;20m nipype.workflow  [0m|[34;20m [Node] "_SpikesFinderBgMask4" found cached.[0m
2026-03-27 10:01:01 |[34;20m INFO     [0m|[34;20m nipype.workflow  [0m|[34;20m [Node] Finished "estimate_hm", elapsed time 687.649288s.[0m
2026-03-27 10:01:02 |[34;20m INFO     [0m|[34;20m nipype.workflow  [0m|[34;20m [Node] Setting-up "mriqc_wf.funcMRIQC.fMRI_HMC.ComputeFD" in "/local/nvme/ds006193_24053.783955/ds/tmp/mriqc_wf/funcMRIQC/fMRI_HMC/fc72f369a689cbc02a52d801a73e788f6f9085c0/ComputeFD".[0m
2026-03-27 10:01:02 |[34;20m INFO     [0m|[34;20m nipype.workflow  [0m|[34;20m [Node] Executing "ComputeFD" <nipype.algorithms.confounds.FramewiseDisplacement>[0m
2026-03-27 10:01:02 |[34;20m INFO     [0m|[34;20m nipype.workflow  [0m|[34;20m [Node] Finished "ComputeFD", elapsed time 0.003294s.[0m
2026-03-27 10:06:46 |[34;20m INFO     [0m|[34;20m nipype.workflow  [0m|[34;20m [Node] Finished "estimate_hm", elapsed time 1030.660257s.[0m
2026-03-27 10:06:48 |[34;20m INFO     [0m|[34;20m nipype.workflow  [0m|[34;20m [Node] Setting-up "mriqc_wf.funcMRIQC.fMRI_HMC.ComputeFD" in "/local/nvme/ds006193_24053.783955/ds/tmp/mriqc_wf/funcMRIQC/fMRI_HMC/62325a652eefcadfe0b75061ecf8d7e5fac4daa0/ComputeFD".[0m
2026-03-27 10:06:48 |[34;20m INFO     [0m|[34;20m nipype.workflow  [0m|[34;20m [Node] Executing "ComputeFD" <nipype.algorithms.confounds.FramewiseDisplacement>[0m
2026-03-27 10:06:48 |[34;20m INFO     [0m|[34;20m nipype.workflow  [0m|[34;20m [Node] Finished "ComputeFD", elapsed time 0.004437s.[0m
2026-03-27 10:06:50 |[34;20m INFO     [0m|[34;20m nipype.workflow  [0m|[34;20m [Node] Setting-up "_apply_hmc0" in "/local/nvme/ds006193_24053.783955/ds/tmp/mriqc_wf/funcMRIQC/fMRI_HMC/fc72f369a689cbc02a52d801a73e788f6f9085c0/apply_hmc/mapflow/_apply_hmc0".[0m
2026-03-27 10:06:50 |[34;20m INFO     [0m|[34;20m nipype.workflow  [0m|[34;20m [Node] Executing "_apply_hmc0" <nipype.interfaces.utility.wrappers.Function>[0m
2026-03-27 10:07:23 |[34;20m INFO     [0m|[34;20m nipype.workflow  [0m|[34;20m [Node] Finished "_apply_hmc0", elapsed time 32.827905s.[0m
2026-03-27 10:07:24 |[34;20m INFO     [0m|[34;20m nipype.workflow  [0m|[34;20m [Node] Setting-up "_apply_hmc1" in "/local/nvme/ds006193_24053.783955/ds/tmp/mriqc_wf/funcMRIQC/fMRI_HMC/fc72f369a689cbc02a52d801a73e788f6f9085c0/apply_hmc/mapflow/_apply_hmc1".[0m
2026-03-27 10:07:24 |[34;20m INFO     [0m|[34;20m nipype.workflow  [0m|[34;20m [Node] Executing "_apply_hmc1" <nipype.interfaces.utility.wrappers.Function>[0m
2026-03-27 10:07:56 |[34;20m INFO     [0m|[34;20m nipype.workflow  [0m|[34;20m [Node] Finished "_apply_hmc1", elapsed time 31.874708s.[0m
2026-03-27 10:07:56 |[34;20m INFO     [0m|[34;20m nipype.workflow  [0m|[34;20m [Node] Setting-up "_apply_hmc2" in "/local/nvme/ds006193_24053.783955/ds/tmp/mriqc_wf/funcMRIQC/fMRI_HMC/fc72f369a689cbc02a52d801a73e788f6f9085c0/apply_hmc/mapflow/_apply_hmc2".[0m
2026-03-27 10:07:56 |[34;20m INFO     [0m|[34;20m nipype.workflow  [0m|[34;20m [Node] Executing "_apply_hmc2" <nipype.interfaces.utility.wrappers.Function>[0m
2026-03-27 10:08:27 |[34;20m INFO     [0m|[34;20m nipype.workflow  [0m|[34;20m [Node] Finished "_apply_hmc2", elapsed time 31.100782s.[0m
2026-03-27 10:08:28 |[34;20m INFO     [0m|[34;20m nipype.workflow  [0m|[34;20m [Node] Setting-up "_apply_hmc3" in "/local/nvme/ds006193_24053.783955/ds/tmp/mriqc_wf/funcMRIQC/fMRI_HMC/fc72f369a689cbc02a52d801a73e788f6f9085c0/apply_hmc/mapflow/_apply_hmc3".[0m
2026-03-27 10:08:28 |[34;20m INFO     [0m|[34;20m nipype.workflow  [0m|[34;20m [Node] Executing "_apply_hmc3" <nipype.interfaces.utility.wrappers.Function>[0m
2026-03-27 10:08:58 |[34;20m INFO     [0m|[34;20m nipype.workflow  [0m|[34;20m [Node] Finished "_apply_hmc3", elapsed time 30.387738s.[0m
2026-03-27 10:09:00 |[34;20m INFO     [0m|[34;20m nipype.workflow  [0m|[34;20m [Node] Setting-up "_apply_hmc4" in "/local/nvme/ds006193_24053.783955/ds/tmp/mriqc_wf/funcMRIQC/fMRI_HMC/fc72f369a689cbc02a52d801a73e788f6f9085c0/apply_hmc/mapflow/_apply_hmc4".[0m
2026-03-27 10:09:00 |[34;20m INFO     [0m|[34;20m nipype.workflow  [0m|[34;20m [Node] Executing "_apply_hmc4" <nipype.interfaces.utility.wrappers.Function>[0m
2026-03-27 10:09:30 |[34;20m INFO     [0m|[34;20m nipype.workflow  [0m|[34;20m [Node] Finished "_apply_hmc4", elapsed time 30.138739s.[0m
2026-03-27 10:09:32 |[34;20m INFO     [0m|[34;20m nipype.workflow  [0m|[34;20m [Node] Setting-up "_apply_hmc0" in "/local/nvme/ds006193_24053.783955/ds/tmp/mriqc_wf/funcMRIQC/fMRI_HMC/fc72f369a689cbc02a52d801a73e788f6f9085c0/apply_hmc/mapflow/_apply_hmc0".[0m
2026-03-27 10:09:32 |[34;20m INFO     [0m|[34;20m nipype.workflow  [0m|[34;20m [Node] Cached "_apply_hmc0" - collecting precomputed outputs[0m
2026-03-27 10:09:32 |[34;20m INFO     [0m|[34;20m nipype.workflow  [0m|[34;20m [Node] "_apply_hmc0" found cached.[0m
2026-03-27 10:09:32 |[34;20m INFO     [0m|[34;20m nipype.workflow  [0m|[34;20m [Node] Setting-up "_apply_hmc1" in "/local/nvme/ds006193_24053.783955/ds/tmp/mriqc_wf/funcMRIQC/fMRI_HMC/fc72f369a689cbc02a52d801a73e788f6f9085c0/apply_hmc/mapflow/_apply_hmc1".[0m
2026-03-27 10:09:32 |[34;20m INFO     [0m|[34;20m nipype.workflow  [0m|[34;20m [Node] Cached "_apply_hmc1" - collecting precomputed outputs[0m
2026-03-27 10:09:32 |[34;20m INFO     [0m|[34;20m nipype.workflow  [0m|[34;20m [Node] "_apply_hmc1" found cached.[0m
2026-03-27 10:09:32 |[34;20m INFO     [0m|[34;20m nipype.workflow  [0m|[34;20m [Node] Setting-up "_apply_hmc2" in "/local/nvme/ds006193_24053.783955/ds/tmp/mriqc_wf/funcMRIQC/fMRI_HMC/fc72f369a689cbc02a52d801a73e788f6f9085c0/apply_hmc/mapflow/_apply_hmc2".[0m
2026-03-27 10:09:32 |[34;20m INFO     [0m|[34;20m nipype.workflow  [0m|[34;20m [Node] Cached "_apply_hmc2" - collecting precomputed outputs[0m
2026-03-27 10:09:32 |[34;20m INFO     [0m|[34;20m nipype.workflow  [0m|[34;20m [Node] "_apply_hmc2" found cached.[0m
2026-03-27 10:09:32 |[34;20m INFO     [0m|[34;20m nipype.workflow  [0m|[34;20m [Node] Setting-up "_apply_hmc3" in "/local/nvme/ds006193_24053.783955/ds/tmp/mriqc_wf/funcMRIQC/fMRI_HMC/fc72f369a689cbc02a52d801a73e788f6f9085c0/apply_hmc/mapflow/_apply_hmc3".[0m
2026-03-27 10:09:32 |[34;20m INFO     [0m|[34;20m nipype.workflow  [0m|[34;20m [Node] Cached "_apply_hmc3" - collecting precomputed outputs[0m
2026-03-27 10:09:32 |[34;20m INFO     [0m|[34;20m nipype.workflow  [0m|[34;20m [Node] "_apply_hmc3" found cached.[0m
2026-03-27 10:09:32 |[34;20m INFO     [0m|[34;20m nipype.workflow  [0m|[34;20m [Node] Setting-up "_apply_hmc4" in "/local/nvme/ds006193_24053.783955/ds/tmp/mriqc_wf/funcMRIQC/fMRI_HMC/fc72f369a689cbc02a52d801a73e788f6f9085c0/apply_hmc/mapflow/_apply_hmc4".[0m
2026-03-27 10:09:32 |[34;20m INFO     [0m|[34;20m nipype.workflow  [0m|[34;20m [Node] Cached "_apply_hmc4" - collecting precomputed outputs[0m
2026-03-27 10:09:32 |[34;20m INFO     [0m|[34;20m nipype.workflow  [0m|[34;20m [Node] "_apply_hmc4" found cached.[0m
2026-03-27 10:09:34 |[34;20m INFO     [0m|[34;20m nipype.workflow  [0m|[34;20m [Node] Setting-up "_apply_hmc0" in "/local/nvme/ds006193_24053.783955/ds/tmp/mriqc_wf/funcMRIQC/fMRI_HMC/62325a652eefcadfe0b75061ecf8d7e5fac4daa0/apply_hmc/mapflow/_apply_hmc0".[0m
2026-03-27 10:09:34 |[34;20m INFO     [0m|[34;20m nipype.workflow  [0m|[34;20m [Node] Executing "_apply_hmc0" <nipype.interfaces.utility.wrappers.Function>[0m
2026-03-27 10:10:23 |[34;20m INFO     [0m|[34;20m nipype.workflow  [0m|[34;20m [Node] Finished "_apply_hmc0", elapsed time 48.827081s.[0m
2026-03-27 10:10:24 |[34;20m INFO     [0m|[34;20m nipype.workflow  [0m|[34;20m [Node] Setting-up "_apply_hmc1" in "/local/nvme/ds006193_24053.783955/ds/tmp/mriqc_wf/funcMRIQC/fMRI_HMC/62325a652eefcadfe0b75061ecf8d7e5fac4daa0/apply_hmc/mapflow/_apply_hmc1".[0m
2026-03-27 10:10:24 |[34;20m INFO     [0m|[34;20m nipype.workflow  [0m|[34;20m [Node] Executing "_apply_hmc1" <nipype.interfaces.utility.wrappers.Function>[0m
2026-03-27 10:11:11 |[34;20m INFO     [0m|[34;20m nipype.workflow  [0m|[34;20m [Node] Finished "_apply_hmc1", elapsed time 47.223078s.[0m
2026-03-27 10:11:12 |[34;20m INFO     [0m|[34;20m nipype.workflow  [0m|[34;20m [Node] Setting-up "_apply_hmc2" in "/local/nvme/ds006193_24053.783955/ds/tmp/mriqc_wf/funcMRIQC/fMRI_HMC/62325a652eefcadfe0b75061ecf8d7e5fac4daa0/apply_hmc/mapflow/_apply_hmc2".[0m
2026-03-27 10:11:12 |[34;20m INFO     [0m|[34;20m nipype.workflow  [0m|[34;20m [Node] Executing "_apply_hmc2" <nipype.interfaces.utility.wrappers.Function>[0m
2026-03-27 10:11:58 |[34;20m INFO     [0m|[34;20m nipype.workflow  [0m|[34;20m [Node] Finished "_apply_hmc2", elapsed time 45.798913s.[0m
2026-03-27 10:11:58 |[34;20m INFO     [0m|[34;20m nipype.workflow  [0m|[34;20m [Node] Setting-up "_apply_hmc3" in "/local/nvme/ds006193_24053.783955/ds/tmp/mriqc_wf/funcMRIQC/fMRI_HMC/62325a652eefcadfe0b75061ecf8d7e5fac4daa0/apply_hmc/mapflow/_apply_hmc3".[0m
2026-03-27 10:11:58 |[34;20m INFO     [0m|[34;20m nipype.workflow  [0m|[34;20m [Node] Executing "_apply_hmc3" <nipype.interfaces.utility.wrappers.Function>[0m
2026-03-27 10:12:43 |[34;20m INFO     [0m|[34;20m nipype.workflow  [0m|[34;20m [Node] Finished "_apply_hmc3", elapsed time 44.821097s.[0m
2026-03-27 10:12:44 |[34;20m INFO     [0m|[34;20m nipype.workflow  [0m|[34;20m [Node] Setting-up "_apply_hmc4" in "/local/nvme/ds006193_24053.783955/ds/tmp/mriqc_wf/funcMRIQC/fMRI_HMC/62325a652eefcadfe0b75061ecf8d7e5fac4daa0/apply_hmc/mapflow/_apply_hmc4".[0m
2026-03-27 10:12:44 |[34;20m INFO     [0m|[34;20m nipype.workflow  [0m|[34;20m [Node] Executing "_apply_hmc4" <nipype.interfaces.utility.wrappers.Function>[0m
2026-03-27 10:13:28 |[34;20m INFO     [0m|[34;20m nipype.workflow  [0m|[34;20m [Node] Finished "_apply_hmc4", elapsed time 44.410659s.[0m
2026-03-27 10:13:30 |[34;20m INFO     [0m|[34;20m nipype.workflow  [0m|[34;20m [Node] Setting-up "_apply_hmc0" in "/local/nvme/ds006193_24053.783955/ds/tmp/mriqc_wf/funcMRIQC/fMRI_HMC/62325a652eefcadfe0b75061ecf8d7e5fac4daa0/apply_hmc/mapflow/_apply_hmc0".[0m
2026-03-27 10:13:30 |[34;20m INFO     [0m|[34;20m nipype.workflow  [0m|[34;20m [Node] Cached "_apply_hmc0" - collecting precomputed outputs[0m
2026-03-27 10:13:30 |[34;20m INFO     [0m|[34;20m nipype.workflow  [0m|[34;20m [Node] "_apply_hmc0" found cached.[0m
2026-03-27 10:13:30 |[34;20m INFO     [0m|[34;20m nipype.workflow  [0m|[34;20m [Node] Setting-up "_apply_hmc1" in "/local/nvme/ds006193_24053.783955/ds/tmp/mriqc_wf/funcMRIQC/fMRI_HMC/62325a652eefcadfe0b75061ecf8d7e5fac4daa0/apply_hmc/mapflow/_apply_hmc1".[0m
2026-03-27 10:13:30 |[34;20m INFO     [0m|[34;20m nipype.workflow  [0m|[34;20m [Node] Cached "_apply_hmc1" - collecting precomputed outputs[0m
2026-03-27 10:13:30 |[34;20m INFO     [0m|[34;20m nipype.workflow  [0m|[34;20m [Node] "_apply_hmc1" found cached.[0m
2026-03-27 10:13:30 |[34;20m INFO     [0m|[34;20m nipype.workflow  [0m|[34;20m [Node] Setting-up "_apply_hmc2" in "/local/nvme/ds006193_24053.783955/ds/tmp/mriqc_wf/funcMRIQC/fMRI_HMC/62325a652eefcadfe0b75061ecf8d7e5fac4daa0/apply_hmc/mapflow/_apply_hmc2".[0m
2026-03-27 10:13:30 |[34;20m INFO     [0m|[34;20m nipype.workflow  [0m|[34;20m [Node] Cached "_apply_hmc2" - collecting precomputed outputs[0m
2026-03-27 10:13:30 |[34;20m INFO     [0m|[34;20m nipype.workflow  [0m|[34;20m [Node] "_apply_hmc2" found cached.[0m
2026-03-27 10:13:30 |[34;20m INFO     [0m|[34;20m nipype.workflow  [0m|[34;20m [Node] Setting-up "_apply_hmc3" in "/local/nvme/ds006193_24053.783955/ds/tmp/mriqc_wf/funcMRIQC/fMRI_HMC/62325a652eefcadfe0b75061ecf8d7e5fac4daa0/apply_hmc/mapflow/_apply_hmc3".[0m
2026-03-27 10:13:30 |[34;20m INFO     [0m|[34;20m nipype.workflow  [0m|[34;20m [Node] Cached "_apply_hmc3" - collecting precomputed outputs[0m
2026-03-27 10:13:30 |[34;20m INFO     [0m|[34;20m nipype.workflow  [0m|[34;20m [Node] "_apply_hmc3" found cached.[0m
2026-03-27 10:13:30 |[34;20m INFO     [0m|[34;20m nipype.workflow  [0m|[34;20m [Node] Setting-up "_apply_hmc4" in "/local/nvme/ds006193_24053.783955/ds/tmp/mriqc_wf/funcMRIQC/fMRI_HMC/62325a652eefcadfe0b75061ecf8d7e5fac4daa0/apply_hmc/mapflow/_apply_hmc4".[0m
2026-03-27 10:13:30 |[34;20m INFO     [0m|[34;20m nipype.workflow  [0m|[34;20m [Node] Cached "_apply_hmc4" - collecting precomputed outputs[0m
2026-03-27 10:13:30 |[34;20m INFO     [0m|[34;20m nipype.workflow  [0m|[34;20m [Node] "_apply_hmc4" found cached.[0m
2026-03-27 10:13:32 |[34;20m INFO     [0m|[34;20m nipype.workflow  [0m|[34;20m [Node] Setting-up "_mean0" in "/local/nvme/ds006193_24053.783955/ds/tmp/mriqc_wf/funcMRIQC/fc72f369a689cbc02a52d801a73e788f6f9085c0/mean/mapflow/_mean0".[0m
2026-03-27 10:13:32 |[34;20m INFO     [0m|[34;20m nipype.workflow  [0m|[34;20m [Node] Setting-up "_mean1" in "/local/nvme/ds006193_24053.783955/ds/tmp/mriqc_wf/funcMRIQC/fc72f369a689cbc02a52d801a73e788f6f9085c0/mean/mapflow/_mean1".[0m
2026-03-27 10:13:32 |[34;20m INFO     [0m|[34;20m nipype.workflow  [0m|[34;20m [Node] Setting-up "_mean2" in "/local/nvme/ds006193_24053.783955/ds/tmp/mriqc_wf/funcMRIQC/fc72f369a689cbc02a52d801a73e788f6f9085c0/mean/mapflow/_mean2".[0m
2026-03-27 10:13:32 |[34;20m INFO     [0m|[34;20m nipype.workflow  [0m|[34;20m [Node] Setting-up "_mean3" in "/local/nvme/ds006193_24053.783955/ds/tmp/mriqc_wf/funcMRIQC/fc72f369a689cbc02a52d801a73e788f6f9085c0/mean/mapflow/_mean3".[0m
2026-03-27 10:13:32 |[34;20m INFO     [0m|[34;20m nipype.workflow  [0m|[34;20m [Node] Setting-up "_mean4" in "/local/nvme/ds006193_24053.783955/ds/tmp/mriqc_wf/funcMRIQC/fc72f369a689cbc02a52d801a73e788f6f9085c0/mean/mapflow/_mean4".[0m
2026-03-27 10:13:32 |[34;20m INFO     [0m|[34;20m nipype.workflow  [0m|[34;20m [Node] Executing "_mean1" <nipype.interfaces.afni.utils.TStat>[0m
2026-03-27 10:13:32 |[34;20m INFO     [0m|[34;20m nipype.workflow  [0m|[34;20m [Node] Executing "_mean0" <nipype.interfaces.afni.utils.TStat>[0m
2026-03-27 10:13:32 |[34;20m INFO     [0m|[34;20m nipype.workflow  [0m|[34;20m [Node] Executing "_mean2" <nipype.interfaces.afni.utils.TStat>[0m
2026-03-27 10:13:32 |[34;20m INFO     [0m|[34;20m nipype.workflow  [0m|[34;20m [Node] Setting-up "_compute_tsnr0" in "/local/nvme/ds006193_24053.783955/ds/tmp/mriqc_wf/funcMRIQC/fc72f369a689cbc02a52d801a73e788f6f9085c0/compute_tsnr/mapflow/_compute_tsnr0".[0m
2026-03-27 10:13:32 |[34;20m INFO     [0m|[34;20m nipype.workflow  [0m|[34;20m [Node] Setting-up "_compute_tsnr1" in "/local/nvme/ds006193_24053.783955/ds/tmp/mriqc_wf/funcMRIQC/fc72f369a689cbc02a52d801a73e788f6f9085c0/compute_tsnr/mapflow/_compute_tsnr1".[0m
2026-03-27 10:13:32 |[34;20m INFO     [0m|[34;20m nipype.workflow  [0m|[34;20m [Node] Executing "_mean3" <nipype.interfaces.afni.utils.TStat>[0m
2026-03-27 10:13:32 |[34;20m INFO     [0m|[34;20m nipype.workflow  [0m|[34;20m [Node] Setting-up "_compute_tsnr2" in "/local/nvme/ds006193_24053.783955/ds/tmp/mriqc_wf/funcMRIQC/fc72f369a689cbc02a52d801a73e788f6f9085c0/compute_tsnr/mapflow/_compute_tsnr2".[0m
2026-03-27 10:13:32 |[34;20m INFO     [0m|[34;20m nipype.workflow  [0m|[34;20m [Node] Executing "_mean4" <nipype.interfaces.afni.utils.TStat>[0m
2026-03-27 10:13:32 |[34;20m INFO     [0m|[34;20m nipype.workflow  [0m|[34;20m [Node] Executing "_compute_tsnr1" <nipype.algorithms.confounds.TSNR>[0m
2026-03-27 10:13:32 |[34;20m INFO     [0m|[34;20m nipype.workflow  [0m|[34;20m [Node] Executing "_compute_tsnr0" <nipype.algorithms.confounds.TSNR>[0m
2026-03-27 10:13:32 |[34;20m INFO     [0m|[34;20m nipype.workflow  [0m|[34;20m [Node] Executing "_compute_tsnr2" <nipype.algorithms.confounds.TSNR>[0m
2026-03-27 10:13:35 |[34;20m INFO     [0m|[34;20m nipype.workflow  [0m|[34;20m [Node] Finished "_compute_tsnr2", elapsed time 3.34904s.[0m
2026-03-27 10:13:35 |[34;20m INFO     [0m|[34;20m nipype.workflow  [0m|[34;20m [Node] Finished "_compute_tsnr0", elapsed time 3.455308s.[0m
2026-03-27 10:13:36 |[34;20m INFO     [0m|[34;20m nipype.workflow  [0m|[34;20m [Node] Finished "_compute_tsnr1", elapsed time 3.556185s.[0m
2026-03-27 10:13:36 |[34;20m INFO     [0m|[34;20m nipype.workflow  [0m|[34;20m [Node] Setting-up "_compute_tsnr3" in "/local/nvme/ds006193_24053.783955/ds/tmp/mriqc_wf/funcMRIQC/fc72f369a689cbc02a52d801a73e788f6f9085c0/compute_tsnr/mapflow/_compute_tsnr3".[0m
2026-03-27 10:13:36 |[34;20m INFO     [0m|[34;20m nipype.workflow  [0m|[34;20m [Node] Setting-up "_quality0" in "/local/nvme/ds006193_24053.783955/ds/tmp/mriqc_wf/funcMRIQC/ComputeIQMs/fc72f369a689cbc02a52d801a73e788f6f9085c0/quality/mapflow/_quality0".[0m
2026-03-27 10:13:36 |[34;20m INFO     [0m|[34;20m nipype.workflow  [0m|[34;20m [Node] Executing "_compute_tsnr3" <nipype.algorithms.confounds.TSNR>[0m
2026-03-27 10:13:36 |[34;20m INFO     [0m|[34;20m nipype.workflow  [0m|[34;20m [Node] Executing "_quality0" <nipype.interfaces.afni.preprocess.QualityIndex>[0m
2026-03-27 10:13:36 |[34;20m INFO     [0m|[34;20m nipype.workflow  [0m|[34;20m [Node] Setting-up "_compute_tsnr4" in "/local/nvme/ds006193_24053.783955/ds/tmp/mriqc_wf/funcMRIQC/fc72f369a689cbc02a52d801a73e788f6f9085c0/compute_tsnr/mapflow/_compute_tsnr4".[0m
2026-03-27 10:13:36 |[34;20m INFO     [0m|[34;20m nipype.workflow  [0m|[34;20m [Node] Executing "_compute_tsnr4" <nipype.algorithms.confounds.TSNR>[0m
2026-03-27 10:13:37 |[34;20m INFO     [0m|[34;20m nipype.workflow  [0m|[34;20m [Node] Finished "_mean2", elapsed time 5.050104s.[0m
2026-03-27 10:13:37 |[34;20m INFO     [0m|[34;20m nipype.workflow  [0m|[34;20m [Node] Finished "_mean3", elapsed time 5.10428s.[0m
2026-03-27 10:13:37 |[34;20m INFO     [0m|[34;20m nipype.workflow  [0m|[34;20m [Node] Finished "_mean1", elapsed time 5.128263s.[0m
2026-03-27 10:13:38 |[34;20m INFO     [0m|[34;20m nipype.workflow  [0m|[34;20m [Node] Finished "_mean0", elapsed time 5.635352s.[0m
2026-03-27 10:13:38 |[34;20m INFO     [0m|[34;20m nipype.workflow  [0m|[34;20m [Node] Finished "_mean4", elapsed time 5.712523s.[0m
2026-03-27 10:13:38 |[34;20m INFO     [0m|[34;20m nipype.workflow  [0m|[34;20m [Node] Setting-up "_quality1" in "/local/nvme/ds006193_24053.783955/ds/tmp/mriqc_wf/funcMRIQC/ComputeIQMs/fc72f369a689cbc02a52d801a73e788f6f9085c0/quality/mapflow/_quality1".[0m
2026-03-27 10:13:38 |[34;20m INFO     [0m|[34;20m nipype.workflow  [0m|[34;20m [Node] Setting-up "_quality2" in "/local/nvme/ds006193_24053.783955/ds/tmp/mriqc_wf/funcMRIQC/ComputeIQMs/fc72f369a689cbc02a52d801a73e788f6f9085c0/quality/mapflow/_quality2".[0m
2026-03-27 10:13:38 |[34;20m INFO     [0m|[34;20m nipype.workflow  [0m|[34;20m [Node] Setting-up "_quality3" in "/local/nvme/ds006193_24053.783955/ds/tmp/mriqc_wf/funcMRIQC/ComputeIQMs/fc72f369a689cbc02a52d801a73e788f6f9085c0/quality/mapflow/_quality3".[0m
2026-03-27 10:13:38 |[34;20m INFO     [0m|[34;20m nipype.workflow  [0m|[34;20m [Node] Setting-up "_quality4" in "/local/nvme/ds006193_24053.783955/ds/tmp/mriqc_wf/funcMRIQC/ComputeIQMs/fc72f369a689cbc02a52d801a73e788f6f9085c0/quality/mapflow/_quality4".[0m
2026-03-27 10:13:38 |[34;20m INFO     [0m|[34;20m nipype.workflow  [0m|[34;20m [Node] Executing "_quality1" <nipype.interfaces.afni.preprocess.QualityIndex>[0m
2026-03-27 10:13:38 |[34;20m INFO     [0m|[34;20m nipype.workflow  [0m|[34;20m [Node] Executing "_quality2" <nipype.interfaces.afni.preprocess.QualityIndex>[0m
2026-03-27 10:13:38 |[34;20m INFO     [0m|[34;20m nipype.workflow  [0m|[34;20m [Node] Executing "_quality3" <nipype.interfaces.afni.preprocess.QualityIndex>[0m
2026-03-27 10:13:38 |[34;20m INFO     [0m|[34;20m nipype.workflow  [0m|[34;20m [Node] Setting-up "_mean0" in "/local/nvme/ds006193_24053.783955/ds/tmp/mriqc_wf/funcMRIQC/fc72f369a689cbc02a52d801a73e788f6f9085c0/mean/mapflow/_mean0".[0m
2026-03-27 10:13:38 |[34;20m INFO     [0m|[34;20m nipype.workflow  [0m|[34;20m [Node] Executing "_quality4" <nipype.interfaces.afni.preprocess.QualityIndex>[0m
2026-03-27 10:13:38 |[34;20m INFO     [0m|[34;20m nipype.workflow  [0m|[34;20m [Node] Cached "_mean0" - collecting precomputed outputs[0m
2026-03-27 10:13:38 |[34;20m INFO     [0m|[34;20m nipype.workflow  [0m|[34;20m [Node] "_mean0" found cached.[0m
2026-03-27 10:13:38 |[34;20m INFO     [0m|[34;20m nipype.workflow  [0m|[34;20m [Node] Setting-up "_mean1" in "/local/nvme/ds006193_24053.783955/ds/tmp/mriqc_wf/funcMRIQC/fc72f369a689cbc02a52d801a73e788f6f9085c0/mean/mapflow/_mean1".[0m
2026-03-27 10:13:38 |[34;20m INFO     [0m|[34;20m nipype.workflow  [0m|[34;20m [Node] Cached "_mean1" - collecting precomputed outputs[0m
2026-03-27 10:13:38 |[34;20m INFO     [0m|[34;20m nipype.workflow  [0m|[34;20m [Node] "_mean1" found cached.[0m
2026-03-27 10:13:38 |[34;20m INFO     [0m|[34;20m nipype.workflow  [0m|[34;20m [Node] Setting-up "_mean2" in "/local/nvme/ds006193_24053.783955/ds/tmp/mriqc_wf/funcMRIQC/fc72f369a689cbc02a52d801a73e788f6f9085c0/mean/mapflow/_mean2".[0m
2026-03-27 10:13:38 |[34;20m INFO     [0m|[34;20m nipype.workflow  [0m|[34;20m [Node] Cached "_mean2" - collecting precomputed outputs[0m
2026-03-27 10:13:38 |[34;20m INFO     [0m|[34;20m nipype.workflow  [0m|[34;20m [Node] "_mean2" found cached.[0m
2026-03-27 10:13:38 |[34;20m INFO     [0m|[34;20m nipype.workflow  [0m|[34;20m [Node] Setting-up "_mean3" in "/local/nvme/ds006193_24053.783955/ds/tmp/mriqc_wf/funcMRIQC/fc72f369a689cbc02a52d801a73e788f6f9085c0/mean/mapflow/_mean3".[0m
2026-03-27 10:13:38 |[34;20m INFO     [0m|[34;20m nipype.workflow  [0m|[34;20m [Node] Cached "_mean3" - collecting precomputed outputs[0m
2026-03-27 10:13:38 |[34;20m INFO     [0m|[34;20m nipype.workflow  [0m|[34;20m [Node] "_mean3" found cached.[0m
2026-03-27 10:13:38 |[34;20m INFO     [0m|[34;20m nipype.workflow  [0m|[34;20m [Node] Setting-up "_mean4" in "/local/nvme/ds006193_24053.783955/ds/tmp/mriqc_wf/funcMRIQC/fc72f369a689cbc02a52d801a73e788f6f9085c0/mean/mapflow/_mean4".[0m
2026-03-27 10:13:38 |[34;20m INFO     [0m|[34;20m nipype.workflow  [0m|[34;20m [Node] Cached "_mean4" - collecting precomputed outputs[0m
2026-03-27 10:13:38 |[34;20m INFO     [0m|[34;20m nipype.workflow  [0m|[34;20m [Node] "_mean4" found cached.[0m
2026-03-27 10:13:39 |[34;20m INFO     [0m|[34;20m nipype.workflow  [0m|[34;20m [Node] Finished "_compute_tsnr4", elapsed time 3.259534s.[0m
2026-03-27 10:13:39 |[34;20m INFO     [0m|[34;20m nipype.workflow  [0m|[34;20m [Node] Finished "_compute_tsnr3", elapsed time 3.270112s.[0m
2026-03-27 10:13:40 |[34;20m INFO     [0m|[34;20m nipype.workflow  [0m|[34;20m [Node] Setting-up "mriqc_wf.funcMRIQC.SpatialNormalization.SharpenEPI" in "/local/nvme/ds006193_24053.783955/ds/tmp/mriqc_wf/funcMRIQC/SpatialNormalization/fc72f369a689cbc02a52d801a73e788f6f9085c0/SharpenEPI".[0m
2026-03-27 10:13:40 |[34;20m INFO     [0m|[34;20m nipype.workflow  [0m|[34;20m [Node] Setting-up "mriqc_wf.funcMRIQC.synthstrip_wf.pre_clip" in "/local/nvme/ds006193_24053.783955/ds/tmp/mriqc_wf/funcMRIQC/synthstrip_wf/fc72f369a689cbc02a52d801a73e788f6f9085c0/pre_clip".[0m
2026-03-27 10:13:40 |[34;20m INFO     [0m|[34;20m nipype.workflow  [0m|[34;20m [Node] Setting-up "_compute_tsnr0" in "/local/nvme/ds006193_24053.783955/ds/tmp/mriqc_wf/funcMRIQC/fc72f369a689cbc02a52d801a73e788f6f9085c0/compute_tsnr/mapflow/_compute_tsnr0".[0m
2026-03-27 10:13:40 |[34;20m INFO     [0m|[34;20m nipype.workflow  [0m|[34;20m [Node] Cached "_compute_tsnr0" - collecting precomputed outputs[0m
2026-03-27 10:13:40 |[34;20m INFO     [0m|[34;20m nipype.workflow  [0m|[34;20m [Node] "_compute_tsnr0" found cached.[0m
2026-03-27 10:13:40 |[34;20m INFO     [0m|[34;20m nipype.workflow  [0m|[34;20m [Node] Setting-up "_compute_tsnr1" in "/local/nvme/ds006193_24053.783955/ds/tmp/mriqc_wf/funcMRIQC/fc72f369a689cbc02a52d801a73e788f6f9085c0/compute_tsnr/mapflow/_compute_tsnr1".[0m
2026-03-27 10:13:40 |[34;20m INFO     [0m|[34;20m nipype.workflow  [0m|[34;20m [Node] Executing "pre_clip" <niworkflows.interfaces.nibabel.IntensityClip>[0m
2026-03-27 10:13:40 |[34;20m INFO     [0m|[34;20m nipype.workflow  [0m|[34;20m [Node] Executing "SharpenEPI" <nipype.interfaces.ants.segmentation.N4BiasFieldCorrection>[0m
2026-03-27 10:13:40 |[34;20m INFO     [0m|[34;20m nipype.workflow  [0m|[34;20m [Node] Cached "_compute_tsnr1" - collecting precomputed outputs[0m
2026-03-27 10:13:40 |[34;20m INFO     [0m|[34;20m nipype.workflow  [0m|[34;20m [Node] "_compute_tsnr1" found cached.[0m
2026-03-27 10:13:40 |[34;20m INFO     [0m|[34;20m nipype.workflow  [0m|[34;20m [Node] Setting-up "_compute_tsnr2" in "/local/nvme/ds006193_24053.783955/ds/tmp/mriqc_wf/funcMRIQC/fc72f369a689cbc02a52d801a73e788f6f9085c0/compute_tsnr/mapflow/_compute_tsnr2".[0m
2026-03-27 10:13:40 |[34;20m INFO     [0m|[34;20m nipype.workflow  [0m|[34;20m [Node] Cached "_compute_tsnr2" - collecting precomputed outputs[0m
2026-03-27 10:13:40 |[34;20m INFO     [0m|[34;20m nipype.workflow  [0m|[34;20m [Node] "_compute_tsnr2" found cached.[0m
2026-03-27 10:13:40 |[34;20m INFO     [0m|[34;20m nipype.workflow  [0m|[34;20m [Node] Setting-up "_compute_tsnr3" in "/local/nvme/ds006193_24053.783955/ds/tmp/mriqc_wf/funcMRIQC/fc72f369a689cbc02a52d801a73e788f6f9085c0/compute_tsnr/mapflow/_compute_tsnr3".[0m
2026-03-27 10:13:40 |[34;20m INFO     [0m|[34;20m nipype.workflow  [0m|[34;20m [Node] Cached "_compute_tsnr3" - collecting precomputed outputs[0m
2026-03-27 10:13:40 |[34;20m INFO     [0m|[34;20m nipype.workflow  [0m|[34;20m [Node] "_compute_tsnr3" found cached.[0m
2026-03-27 10:13:40 |[34;20m INFO     [0m|[34;20m nipype.workflow  [0m|[34;20m [Node] Setting-up "_compute_tsnr4" in "/local/nvme/ds006193_24053.783955/ds/tmp/mriqc_wf/funcMRIQC/fc72f369a689cbc02a52d801a73e788f6f9085c0/compute_tsnr/mapflow/_compute_tsnr4".[0m
2026-03-27 10:13:40 |[34;20m INFO     [0m|[34;20m nipype.workflow  [0m|[34;20m [Node] Cached "_compute_tsnr4" - collecting precomputed outputs[0m
2026-03-27 10:13:40 |[34;20m INFO     [0m|[34;20m nipype.workflow  [0m|[34;20m [Node] "_compute_tsnr4" found cached.[0m
2026-03-27 10:13:42 |[34;20m INFO     [0m|[34;20m nipype.workflow  [0m|[34;20m [Node] Finished "pre_clip", elapsed time 1.612376s.[0m
2026-03-27 10:13:42 |[34;20m INFO     [0m|[34;20m nipype.workflow  [0m|[34;20m [Node] Setting-up "_mean0" in "/local/nvme/ds006193_24053.783955/ds/tmp/mriqc_wf/funcMRIQC/62325a652eefcadfe0b75061ecf8d7e5fac4daa0/mean/mapflow/_mean0".[0m
2026-03-27 10:13:42 |[34;20m INFO     [0m|[34;20m nipype.workflow  [0m|[34;20m [Node] Setting-up "_mean1" in "/local/nvme/ds006193_24053.783955/ds/tmp/mriqc_wf/funcMRIQC/62325a652eefcadfe0b75061ecf8d7e5fac4daa0/mean/mapflow/_mean1".[0m
2026-03-27 10:13:42 |[34;20m INFO     [0m|[34;20m nipype.workflow  [0m|[34;20m [Node] Executing "_mean0" <nipype.interfaces.afni.utils.TStat>[0m
2026-03-27 10:13:42 |[34;20m INFO     [0m|[34;20m nipype.workflow  [0m|[34;20m [Node] Executing "_mean1" <nipype.interfaces.afni.utils.TStat>[0m
2026-03-27 10:13:49 |[34;20m INFO     [0m|[34;20m nipype.workflow  [0m|[34;20m [Node] Finished "SharpenEPI", elapsed time 8.800056s.[0m
2026-03-27 10:13:49 |[34;20m INFO     [0m|[34;20m nipype.workflow  [0m|[34;20m [Node] Finished "_quality4", elapsed time 11.103003s.[0m
2026-03-27 10:13:49 |[34;20m INFO     [0m|[34;20m nipype.workflow  [0m|[34;20m [Node] Finished "_mean0", elapsed time 7.301002s.[0m
2026-03-27 10:13:49 |[34;20m INFO     [0m|[34;20m nipype.workflow  [0m|[34;20m [Node] Finished "_mean1", elapsed time 7.444134s.[0m
2026-03-27 10:13:50 |[34;20m INFO     [0m|[34;20m nipype.workflow  [0m|[34;20m [Node] Finished "_quality0", elapsed time 13.762962s.[0m
2026-03-27 10:13:50 |[34;20m INFO     [0m|[34;20m nipype.workflow  [0m|[34;20m [Node] Finished "_quality2", elapsed time 11.819693000000001s.[0m
2026-03-27 10:13:50 |[34;20m INFO     [0m|[34;20m nipype.workflow  [0m|[34;20m [Node] Setting-up "_mean3" in "/local/nvme/ds006193_24053.783955/ds/tmp/mriqc_wf/funcMRIQC/62325a652eefcadfe0b75061ecf8d7e5fac4daa0/mean/mapflow/_mean3".[0m
2026-03-27 10:13:50 |[34;20m INFO     [0m|[34;20m nipype.workflow  [0m|[34;20m [Node] Setting-up "_mean4" in "/local/nvme/ds006193_24053.783955/ds/tmp/mriqc_wf/funcMRIQC/62325a652eefcadfe0b75061ecf8d7e5fac4daa0/mean/mapflow/_mean4".[0m
2026-03-27 10:13:50 |[34;20m INFO     [0m|[34;20m nipype.workflow  [0m|[34;20m [Node] Setting-up "_mean2" in "/local/nvme/ds006193_24053.783955/ds/tmp/mriqc_wf/funcMRIQC/62325a652eefcadfe0b75061ecf8d7e5fac4daa0/mean/mapflow/_mean2".[0m
2026-03-27 10:13:50 |[34;20m INFO     [0m|[34;20m nipype.workflow  [0m|[34;20m [Node] Setting-up "_compute_tsnr0" in "/local/nvme/ds006193_24053.783955/ds/tmp/mriqc_wf/funcMRIQC/62325a652eefcadfe0b75061ecf8d7e5fac4daa0/compute_tsnr/mapflow/_compute_tsnr0".[0m
2026-03-27 10:13:50 |[34;20m INFO     [0m|[34;20m nipype.workflow  [0m|[34;20m [Node] Setting-up "_compute_tsnr1" in "/local/nvme/ds006193_24053.783955/ds/tmp/mriqc_wf/funcMRIQC/62325a652eefcadfe0b75061ecf8d7e5fac4daa0/compute_tsnr/mapflow/_compute_tsnr1".[0m
2026-03-27 10:13:50 |[34;20m INFO     [0m|[34;20m nipype.workflow  [0m|[34;20m [Node] Executing "_mean4" <nipype.interfaces.afni.utils.TStat>[0m
2026-03-27 10:13:50 |[34;20m INFO     [0m|[34;20m nipype.workflow  [0m|[34;20m [Node] Executing "_mean3" <nipype.interfaces.afni.utils.TStat>[0m
2026-03-27 10:13:50 |[34;20m INFO     [0m|[34;20m nipype.workflow  [0m|[34;20m [Node] Setting-up "_compute_tsnr2" in "/local/nvme/ds006193_24053.783955/ds/tmp/mriqc_wf/funcMRIQC/62325a652eefcadfe0b75061ecf8d7e5fac4daa0/compute_tsnr/mapflow/_compute_tsnr2".[0m
2026-03-27 10:13:50 |[34;20m INFO     [0m|[34;20m nipype.workflow  [0m|[34;20m [Node] Executing "_compute_tsnr0" <nipype.algorithms.confounds.TSNR>[0m
2026-03-27 10:13:50 |[34;20m INFO     [0m|[34;20m nipype.workflow  [0m|[34;20m [Node] Executing "_mean2" <nipype.interfaces.afni.utils.TStat>[0m
2026-03-27 10:13:50 |[34;20m INFO     [0m|[34;20m nipype.workflow  [0m|[34;20m [Node] Executing "_compute_tsnr1" <nipype.algorithms.confounds.TSNR>[0m
2026-03-27 10:13:50 |[34;20m INFO     [0m|[34;20m nipype.workflow  [0m|[34;20m [Node] Executing "_compute_tsnr2" <nipype.algorithms.confounds.TSNR>[0m
2026-03-27 10:13:50 |[34;20m INFO     [0m|[34;20m nipype.workflow  [0m|[34;20m [Node] Finished "_quality1", elapsed time 12.224564s.[0m
2026-03-27 10:13:50 |[34;20m INFO     [0m|[34;20m nipype.workflow  [0m|[34;20m [Node] Finished "_quality3", elapsed time 12.295166s.[0m
2026-03-27 10:13:52 |[34;20m INFO     [0m|[34;20m nipype.workflow  [0m|[34;20m [Node] Setting-up "_compute_tsnr3" in "/local/nvme/ds006193_24053.783955/ds/tmp/mriqc_wf/funcMRIQC/62325a652eefcadfe0b75061ecf8d7e5fac4daa0/compute_tsnr/mapflow/_compute_tsnr3".[0m
2026-03-27 10:13:52 |[34;20m INFO     [0m|[34;20m nipype.workflow  [0m|[34;20m [Node] Executing "_compute_tsnr3" <nipype.algorithms.confounds.TSNR>[0m
2026-03-27 10:13:52 |[34;20m INFO     [0m|[34;20m nipype.workflow  [0m|[34;20m [Node] Setting-up "_quality0" in "/local/nvme/ds006193_24053.783955/ds/tmp/mriqc_wf/funcMRIQC/ComputeIQMs/fc72f369a689cbc02a52d801a73e788f6f9085c0/quality/mapflow/_quality0".[0m
2026-03-27 10:13:52 |[34;20m INFO     [0m|[34;20m nipype.workflow  [0m|[34;20m [Node] Cached "_quality0" - collecting precomputed outputs[0m
2026-03-27 10:13:52 |[34;20m INFO     [0m|[34;20m nipype.workflow  [0m|[34;20m [Node] "_quality0" found cached.[0m
2026-03-27 10:13:52 |[34;20m INFO     [0m|[34;20m nipype.workflow  [0m|[34;20m [Node] Setting-up "_quality1" in "/local/nvme/ds006193_24053.783955/ds/tmp/mriqc_wf/funcMRIQC/ComputeIQMs/fc72f369a689cbc02a52d801a73e788f6f9085c0/quality/mapflow/_quality1".[0m
2026-03-27 10:13:52 |[34;20m INFO     [0m|[34;20m nipype.workflow  [0m|[34;20m [Node] Cached "_quality1" - collecting precomputed outputs[0m
2026-03-27 10:13:52 |[34;20m INFO     [0m|[34;20m nipype.workflow  [0m|[34;20m [Node] "_quality1" found cached.[0m
2026-03-27 10:13:52 |[34;20m INFO     [0m|[34;20m nipype.workflow  [0m|[34;20m [Node] Setting-up "_quality2" in "/local/nvme/ds006193_24053.783955/ds/tmp/mriqc_wf/funcMRIQC/ComputeIQMs/fc72f369a689cbc02a52d801a73e788f6f9085c0/quality/mapflow/_quality2".[0m
2026-03-27 10:13:52 |[34;20m INFO     [0m|[34;20m nipype.workflow  [0m|[34;20m [Node] Cached "_quality2" - collecting precomputed outputs[0m
2026-03-27 10:13:52 |[34;20m INFO     [0m|[34;20m nipype.workflow  [0m|[34;20m [Node] "_quality2" found cached.[0m
2026-03-27 10:13:52 |[34;20m INFO     [0m|[34;20m nipype.workflow  [0m|[34;20m [Node] Setting-up "_quality3" in "/local/nvme/ds006193_24053.783955/ds/tmp/mriqc_wf/funcMRIQC/ComputeIQMs/fc72f369a689cbc02a52d801a73e788f6f9085c0/quality/mapflow/_quality3".[0m
2026-03-27 10:13:52 |[34;20m INFO     [0m|[34;20m nipype.workflow  [0m|[34;20m [Node] Cached "_quality3" - collecting precomputed outputs[0m
2026-03-27 10:13:52 |[34;20m INFO     [0m|[34;20m nipype.workflow  [0m|[34;20m [Node] "_quality3" found cached.[0m
2026-03-27 10:13:52 |[34;20m INFO     [0m|[34;20m nipype.workflow  [0m|[34;20m [Node] Setting-up "_quality4" in "/local/nvme/ds006193_24053.783955/ds/tmp/mriqc_wf/funcMRIQC/ComputeIQMs/fc72f369a689cbc02a52d801a73e788f6f9085c0/quality/mapflow/_quality4".[0m
2026-03-27 10:13:52 |[34;20m INFO     [0m|[34;20m nipype.workflow  [0m|[34;20m [Node] Cached "_quality4" - collecting precomputed outputs[0m
2026-03-27 10:13:52 |[34;20m INFO     [0m|[34;20m nipype.workflow  [0m|[34;20m [Node] "_quality4" found cached.[0m
2026-03-27 10:13:54 |[34;20m INFO     [0m|[34;20m nipype.workflow  [0m|[34;20m [Node] Setting-up "_compute_tsnr4" in "/local/nvme/ds006193_24053.783955/ds/tmp/mriqc_wf/funcMRIQC/62325a652eefcadfe0b75061ecf8d7e5fac4daa0/compute_tsnr/mapflow/_compute_tsnr4".[0m
2026-03-27 10:13:54 |[34;20m INFO     [0m|[34;20m nipype.workflow  [0m|[34;20m [Node] Executing "_compute_tsnr4" <nipype.algorithms.confounds.TSNR>[0m
2026-03-27 10:13:55 |[34;20m INFO     [0m|[34;20m nipype.workflow  [0m|[34;20m [Node] Finished "_compute_tsnr0", elapsed time 4.933299s.[0m
2026-03-27 10:13:55 |[34;20m INFO     [0m|[34;20m nipype.workflow  [0m|[34;20m [Node] Finished "_compute_tsnr1", elapsed time 5.015205s.[0m
2026-03-27 10:13:56 |[34;20m INFO     [0m|[34;20m nipype.workflow  [0m|[34;20m [Node] Finished "_compute_tsnr2", elapsed time 5.809742s.[0m
2026-03-27 10:13:56 |[34;20m INFO     [0m|[34;20m nipype.workflow  [0m|[34;20m [Node] Setting-up "_quality1" in "/local/nvme/ds006193_24053.783955/ds/tmp/mriqc_wf/funcMRIQC/ComputeIQMs/62325a652eefcadfe0b75061ecf8d7e5fac4daa0/quality/mapflow/_quality1".[0m
2026-03-27 10:13:56 |[34;20m INFO     [0m|[34;20m nipype.workflow  [0m|[34;20m [Node] Setting-up "_quality0" in "/local/nvme/ds006193_24053.783955/ds/tmp/mriqc_wf/funcMRIQC/ComputeIQMs/62325a652eefcadfe0b75061ecf8d7e5fac4daa0/quality/mapflow/_quality0".[0m
2026-03-27 10:13:56 |[34;20m INFO     [0m|[34;20m nipype.workflow  [0m|[34;20m [Node] Setting-up "_quality2" in "/local/nvme/ds006193_24053.783955/ds/tmp/mriqc_wf/funcMRIQC/ComputeIQMs/62325a652eefcadfe0b75061ecf8d7e5fac4daa0/quality/mapflow/_quality2".[0m
2026-03-27 10:13:56 |[34;20m INFO     [0m|[34;20m nipype.workflow  [0m|[34;20m [Node] Executing "_quality1" <nipype.interfaces.afni.preprocess.QualityIndex>[0m
2026-03-27 10:13:56 |[34;20m INFO     [0m|[34;20m nipype.workflow  [0m|[34;20m [Node] Executing "_quality2" <nipype.interfaces.afni.preprocess.QualityIndex>[0m
2026-03-27 10:13:56 |[34;20m INFO     [0m|[34;20m nipype.workflow  [0m|[34;20m [Node] Executing "_quality0" <nipype.interfaces.afni.preprocess.QualityIndex>[0m
2026-03-27 10:13:57 |[34;20m INFO     [0m|[34;20m nipype.workflow  [0m|[34;20m [Node] Finished "_compute_tsnr3", elapsed time 4.860856s.[0m
2026-03-27 10:13:57 |[34;20m INFO     [0m|[34;20m nipype.workflow  [0m|[34;20m [Node] Finished "_mean2", elapsed time 7.397255s.[0m
2026-03-27 10:13:58 |[34;20m INFO     [0m|[34;20m nipype.workflow  [0m|[34;20m [Node] Finished "_mean3", elapsed time 7.832402s.[0m
2026-03-27 10:13:58 |[34;20m INFO     [0m|[34;20m nipype.workflow  [0m|[34;20m [Node] Setting-up "_quality4" in "/local/nvme/ds006193_24053.783955/ds/tmp/mriqc_wf/funcMRIQC/ComputeIQMs/62325a652eefcadfe0b75061ecf8d7e5fac4daa0/quality/mapflow/_quality4".[0m
2026-03-27 10:13:58 |[34;20m INFO     [0m|[34;20m nipype.workflow  [0m|[34;20m [Node] Setting-up "_quality3" in "/local/nvme/ds006193_24053.783955/ds/tmp/mriqc_wf/funcMRIQC/ComputeIQMs/62325a652eefcadfe0b75061ecf8d7e5fac4daa0/quality/mapflow/_quality3".[0m
2026-03-27 10:13:58 |[34;20m INFO     [0m|[34;20m nipype.workflow  [0m|[34;20m [Node] Setting-up "_PlotMosaicMean0" in "/local/nvme/ds006193_24053.783955/ds/tmp/mriqc_wf/funcMRIQC/func_report_wf/fc72f369a689cbc02a52d801a73e788f6f9085c0/PlotMosaicMean/mapflow/_PlotMosaicMean0".[0m
2026-03-27 10:13:58 |[34;20m INFO     [0m|[34;20m nipype.workflow  [0m|[34;20m [Node] Executing "_quality4" <nipype.interfaces.afni.preprocess.QualityIndex>[0m
2026-03-27 10:13:58 |[34;20m INFO     [0m|[34;20m nipype.workflow  [0m|[34;20m [Node] Executing "_quality3" <nipype.interfaces.afni.preprocess.QualityIndex>[0m
2026-03-27 10:13:58 |[34;20m INFO     [0m|[34;20m nipype.workflow  [0m|[34;20m [Node] Executing "_PlotMosaicMean0" <nireports.interfaces.mosaic.PlotMosaic>[0m
2026-03-27 10:13:58 |[34;20m INFO     [0m|[34;20m nipype.workflow  [0m|[34;20m [Node] Finished "_mean4", elapsed time 8.178225s.[0m
2026-03-27 10:13:59 |[34;20m INFO     [0m|[34;20m nipype.workflow  [0m|[34;20m [Node] Finished "_compute_tsnr4", elapsed time 4.741028s.[0m
2026-03-27 10:14:00 |[34;20m INFO     [0m|[34;20m nipype.workflow  [0m|[34;20m [Node] Setting-up "_mean0" in "/local/nvme/ds006193_24053.783955/ds/tmp/mriqc_wf/funcMRIQC/62325a652eefcadfe0b75061ecf8d7e5fac4daa0/mean/mapflow/_mean0".[0m
2026-03-27 10:14:00 |[34;20m INFO     [0m|[34;20m nipype.workflow  [0m|[34;20m [Node] Cached "_mean0" - collecting precomputed outputs[0m
2026-03-27 10:14:00 |[34;20m INFO     [0m|[34;20m nipype.workflow  [0m|[34;20m [Node] "_mean0" found cached.[0m
2026-03-27 10:14:00 |[34;20m INFO     [0m|[34;20m nipype.workflow  [0m|[34;20m [Node] Setting-up "_compute_tsnr0" in "/local/nvme/ds006193_24053.783955/ds/tmp/mriqc_wf/funcMRIQC/62325a652eefcadfe0b75061ecf8d7e5fac4daa0/compute_tsnr/mapflow/_compute_tsnr0".[0m
2026-03-27 10:14:00 |[34;20m INFO     [0m|[34;20m nipype.workflow  [0m|[34;20m [Node] Setting-up "_mean1" in "/local/nvme/ds006193_24053.783955/ds/tmp/mriqc_wf/funcMRIQC/62325a652eefcadfe0b75061ecf8d7e5fac4daa0/mean/mapflow/_mean1".[0m
2026-03-27 10:14:00 |[34;20m INFO     [0m|[34;20m nipype.workflow  [0m|[34;20m [Node] Cached "_compute_tsnr0" - collecting precomputed outputs[0m
2026-03-27 10:14:00 |[34;20m INFO     [0m|[34;20m nipype.workflow  [0m|[34;20m [Node] Cached "_mean1" - collecting precomputed outputs[0m
2026-03-27 10:14:00 |[34;20m INFO     [0m|[34;20m nipype.workflow  [0m|[34;20m [Node] "_compute_tsnr0" found cached.[0m
2026-03-27 10:14:00 |[34;20m INFO     [0m|[34;20m nipype.workflow  [0m|[34;20m [Node] "_mean1" found cached.[0m
2026-03-27 10:14:00 |[34;20m INFO     [0m|[34;20m nipype.workflow  [0m|[34;20m [Node] Setting-up "_mean2" in "/local/nvme/ds006193_24053.783955/ds/tmp/mriqc_wf/funcMRIQC/62325a652eefcadfe0b75061ecf8d7e5fac4daa0/mean/mapflow/_mean2".[0m
2026-03-27 10:14:00 |[34;20m INFO     [0m|[34;20m nipype.workflow  [0m|[34;20m [Node] Setting-up "_compute_tsnr1" in "/local/nvme/ds006193_24053.783955/ds/tmp/mriqc_wf/funcMRIQC/62325a652eefcadfe0b75061ecf8d7e5fac4daa0/compute_tsnr/mapflow/_compute_tsnr1".[0m
2026-03-27 10:14:00 |[34;20m INFO     [0m|[34;20m nipype.workflow  [0m|[34;20m [Node] Cached "_mean2" - collecting precomputed outputs[0m
2026-03-27 10:14:00 |[34;20m INFO     [0m|[34;20m nipype.workflow  [0m|[34;20m [Node] "_mean2" found cached.[0m
2026-03-27 10:14:00 |[34;20m INFO     [0m|[34;20m nipype.workflow  [0m|[34;20m [Node] Cached "_compute_tsnr1" - collecting precomputed outputs[0m
2026-03-27 10:14:00 |[34;20m INFO     [0m|[34;20m nipype.workflow  [0m|[34;20m [Node] "_compute_tsnr1" found cached.[0m
2026-03-27 10:14:00 |[34;20m INFO     [0m|[34;20m nipype.workflow  [0m|[34;20m [Node] Setting-up "_mean3" in "/local/nvme/ds006193_24053.783955/ds/tmp/mriqc_wf/funcMRIQC/62325a652eefcadfe0b75061ecf8d7e5fac4daa0/mean/mapflow/_mean3".[0m
2026-03-27 10:14:00 |[34;20m INFO     [0m|[34;20m nipype.workflow  [0m|[34;20m [Node] Setting-up "_compute_tsnr2" in "/local/nvme/ds006193_24053.783955/ds/tmp/mriqc_wf/funcMRIQC/62325a652eefcadfe0b75061ecf8d7e5fac4daa0/compute_tsnr/mapflow/_compute_tsnr2".[0m
2026-03-27 10:14:00 |[34;20m INFO     [0m|[34;20m nipype.workflow  [0m|[34;20m [Node] Cached "_mean3" - collecting precomputed outputs[0m
2026-03-27 10:14:00 |[34;20m INFO     [0m|[34;20m nipype.workflow  [0m|[34;20m [Node] "_mean3" found cached.[0m
2026-03-27 10:14:00 |[34;20m INFO     [0m|[34;20m nipype.workflow  [0m|[34;20m [Node] Cached "_compute_tsnr2" - collecting precomputed outputs[0m
2026-03-27 10:14:00 |[34;20m INFO     [0m|[34;20m nipype.workflow  [0m|[34;20m [Node] "_compute_tsnr2" found cached.[0m
2026-03-27 10:14:00 |[34;20m INFO     [0m|[34;20m nipype.workflow  [0m|[34;20m [Node] Setting-up "_mean4" in "/local/nvme/ds006193_24053.783955/ds/tmp/mriqc_wf/funcMRIQC/62325a652eefcadfe0b75061ecf8d7e5fac4daa0/mean/mapflow/_mean4".[0m
2026-03-27 10:14:00 |[34;20m INFO     [0m|[34;20m nipype.workflow  [0m|[34;20m [Node] Setting-up "_compute_tsnr3" in "/local/nvme/ds006193_24053.783955/ds/tmp/mriqc_wf/funcMRIQC/62325a652eefcadfe0b75061ecf8d7e5fac4daa0/compute_tsnr/mapflow/_compute_tsnr3".[0m
2026-03-27 10:14:00 |[34;20m INFO     [0m|[34;20m nipype.workflow  [0m|[34;20m [Node] Cached "_mean4" - collecting precomputed outputs[0m
2026-03-27 10:14:00 |[34;20m INFO     [0m|[34;20m nipype.workflow  [0m|[34;20m [Node] "_mean4" found cached.[0m
2026-03-27 10:14:00 |[34;20m INFO     [0m|[34;20m nipype.workflow  [0m|[34;20m [Node] Cached "_compute_tsnr3" - collecting precomputed outputs[0m
2026-03-27 10:14:00 |[34;20m INFO     [0m|[34;20m nipype.workflow  [0m|[34;20m [Node] "_compute_tsnr3" found cached.[0m
2026-03-27 10:14:00 |[34;20m INFO     [0m|[34;20m nipype.workflow  [0m|[34;20m [Node] Setting-up "_compute_tsnr4" in "/local/nvme/ds006193_24053.783955/ds/tmp/mriqc_wf/funcMRIQC/62325a652eefcadfe0b75061ecf8d7e5fac4daa0/compute_tsnr/mapflow/_compute_tsnr4".[0m
2026-03-27 10:14:00 |[34;20m INFO     [0m|[34;20m nipype.workflow  [0m|[34;20m [Node] Cached "_compute_tsnr4" - collecting precomputed outputs[0m
2026-03-27 10:14:00 |[34;20m INFO     [0m|[34;20m nipype.workflow  [0m|[34;20m [Node] "_compute_tsnr4" found cached.[0m
2026-03-27 10:14:00 |[34;20m INFO     [0m|[34;20m nipype.workflow  [0m|[34;20m [Node] Finished "_PlotMosaicMean0", elapsed time 2.145763s.[0m
2026-03-27 10:14:02 |[34;20m INFO     [0m|[34;20m nipype.workflow  [0m|[34;20m [Node] Setting-up "mriqc_wf.funcMRIQC.synthstrip_wf.pre_clip" in "/local/nvme/ds006193_24053.783955/ds/tmp/mriqc_wf/funcMRIQC/synthstrip_wf/62325a652eefcadfe0b75061ecf8d7e5fac4daa0/pre_clip".[0m
2026-03-27 10:14:02 |[34;20m INFO     [0m|[34;20m nipype.workflow  [0m|[34;20m [Node] Setting-up "mriqc_wf.funcMRIQC.SpatialNormalization.SharpenEPI" in "/local/nvme/ds006193_24053.783955/ds/tmp/mriqc_wf/funcMRIQC/SpatialNormalization/62325a652eefcadfe0b75061ecf8d7e5fac4daa0/SharpenEPI".[0m
2026-03-27 10:14:02 |[34;20m INFO     [0m|[34;20m nipype.workflow  [0m|[34;20m [Node] Executing "pre_clip" <niworkflows.interfaces.nibabel.IntensityClip>[0m
2026-03-27 10:14:02 |[34;20m INFO     [0m|[34;20m nipype.workflow  [0m|[34;20m [Node] Executing "SharpenEPI" <nipype.interfaces.ants.segmentation.N4BiasFieldCorrection>[0m
2026-03-27 10:14:02 |[34;20m INFO     [0m|[34;20m nipype.workflow  [0m|[34;20m [Node] Setting-up "_PlotMosaicMean1" in "/local/nvme/ds006193_24053.783955/ds/tmp/mriqc_wf/funcMRIQC/func_report_wf/fc72f369a689cbc02a52d801a73e788f6f9085c0/PlotMosaicMean/mapflow/_PlotMosaicMean1".[0m
2026-03-27 10:14:02 |[34;20m INFO     [0m|[34;20m nipype.workflow  [0m|[34;20m [Node] Executing "_PlotMosaicMean1" <nireports.interfaces.mosaic.PlotMosaic>[0m
2026-03-27 10:14:04 |[34;20m INFO     [0m|[34;20m nipype.workflow  [0m|[34;20m [Node] Finished "pre_clip", elapsed time 1.580829s.[0m
2026-03-27 10:14:04 |[34;20m INFO     [0m|[34;20m nipype.workflow  [0m|[34;20m [Node] Setting-up "_PlotMosaicMean2" in "/local/nvme/ds006193_24053.783955/ds/tmp/mriqc_wf/funcMRIQC/func_report_wf/fc72f369a689cbc02a52d801a73e788f6f9085c0/PlotMosaicMean/mapflow/_PlotMosaicMean2".[0m
2026-03-27 10:14:04 |[34;20m INFO     [0m|[34;20m nipype.workflow  [0m|[34;20m [Node] Executing "_PlotMosaicMean2" <nireports.interfaces.mosaic.PlotMosaic>[0m
2026-03-27 10:14:04 |[34;20m INFO     [0m|[34;20m nipype.workflow  [0m|[34;20m [Node] Finished "_PlotMosaicMean1", elapsed time 2.067247s.[0m
2026-03-27 10:14:06 |[34;20m INFO     [0m|[34;20m nipype.workflow  [0m|[34;20m [Node] Finished "_PlotMosaicMean2", elapsed time 1.934668s.[0m
2026-03-27 10:14:06 |[34;20m INFO     [0m|[34;20m nipype.workflow  [0m|[34;20m [Node] Setting-up "_PlotMosaicMean3" in "/local/nvme/ds006193_24053.783955/ds/tmp/mriqc_wf/funcMRIQC/func_report_wf/fc72f369a689cbc02a52d801a73e788f6f9085c0/PlotMosaicMean/mapflow/_PlotMosaicMean3".[0m
2026-03-27 10:14:06 |[34;20m INFO     [0m|[34;20m nipype.workflow  [0m|[34;20m [Node] Executing "_PlotMosaicMean3" <nireports.interfaces.mosaic.PlotMosaic>[0m
2026-03-27 10:14:08 |[34;20m INFO     [0m|[34;20m nipype.workflow  [0m|[34;20m [Node] Finished "_PlotMosaicMean3", elapsed time 1.8749259999999999s.[0m
2026-03-27 10:14:08 |[34;20m INFO     [0m|[34;20m nipype.workflow  [0m|[34;20m [Node] Setting-up "_PlotMosaicMean4" in "/local/nvme/ds006193_24053.783955/ds/tmp/mriqc_wf/funcMRIQC/func_report_wf/fc72f369a689cbc02a52d801a73e788f6f9085c0/PlotMosaicMean/mapflow/_PlotMosaicMean4".[0m
2026-03-27 10:14:08 |[34;20m INFO     [0m|[34;20m nipype.workflow  [0m|[34;20m [Node] Setting-up "_PlotMosaicNoise0" in "/local/nvme/ds006193_24053.783955/ds/tmp/mriqc_wf/funcMRIQC/func_report_wf/fc72f369a689cbc02a52d801a73e788f6f9085c0/PlotMosaicNoise/mapflow/_PlotMosaicNoise0".[0m
2026-03-27 10:14:08 |[34;20m INFO     [0m|[34;20m nipype.workflow  [0m|[34;20m [Node] Executing "_PlotMosaicMean4" <nireports.interfaces.mosaic.PlotMosaic>[0m
2026-03-27 10:14:08 |[34;20m INFO     [0m|[34;20m nipype.workflow  [0m|[34;20m [Node] Executing "_PlotMosaicNoise0" <nireports.interfaces.mosaic.PlotMosaic>[0m
2026-03-27 10:14:10 |[34;20m INFO     [0m|[34;20m nipype.workflow  [0m|[34;20m [Node] Finished "_PlotMosaicNoise0", elapsed time 2.021694s.[0m
2026-03-27 10:14:10 |[34;20m INFO     [0m|[34;20m nipype.workflow  [0m|[34;20m [Node] Finished "_PlotMosaicMean4", elapsed time 2.057449s.[0m
2026-03-27 10:14:11 |[34;20m INFO     [0m|[34;20m nipype.workflow  [0m|[34;20m [Node] Finished "SharpenEPI", elapsed time 8.779631s.[0m
2026-03-27 10:14:12 |[34;20m INFO     [0m|[34;20m nipype.workflow  [0m|[34;20m [Node] Setting-up "_PlotMosaicNoise1" in "/local/nvme/ds006193_24053.783955/ds/tmp/mriqc_wf/funcMRIQC/func_report_wf/fc72f369a689cbc02a52d801a73e788f6f9085c0/PlotMosaicNoise/mapflow/_PlotMosaicNoise1".[0m
2026-03-27 10:14:12 |[34;20m INFO     [0m|[34;20m nipype.workflow  [0m|[34;20m [Node] Setting-up "_PlotMosaicNoise2" in "/local/nvme/ds006193_24053.783955/ds/tmp/mriqc_wf/funcMRIQC/func_report_wf/fc72f369a689cbc02a52d801a73e788f6f9085c0/PlotMosaicNoise/mapflow/_PlotMosaicNoise2".[0m
2026-03-27 10:14:12 |[34;20m INFO     [0m|[34;20m nipype.workflow  [0m|[34;20m [Node] Executing "_PlotMosaicNoise1" <nireports.interfaces.mosaic.PlotMosaic>[0m
2026-03-27 10:14:12 |[34;20m INFO     [0m|[34;20m nipype.workflow  [0m|[34;20m [Node] Setting-up "_PlotMosaicMean0" in "/local/nvme/ds006193_24053.783955/ds/tmp/mriqc_wf/funcMRIQC/func_report_wf/fc72f369a689cbc02a52d801a73e788f6f9085c0/PlotMosaicMean/mapflow/_PlotMosaicMean0".[0m
2026-03-27 10:14:12 |[34;20m INFO     [0m|[34;20m nipype.workflow  [0m|[34;20m [Node] Executing "_PlotMosaicNoise2" <nireports.interfaces.mosaic.PlotMosaic>[0m
2026-03-27 10:14:12 |[34;20m INFO     [0m|[34;20m nipype.workflow  [0m|[34;20m [Node] Cached "_PlotMosaicMean0" - collecting precomputed outputs[0m
2026-03-27 10:14:12 |[34;20m INFO     [0m|[34;20m nipype.workflow  [0m|[34;20m [Node] "_PlotMosaicMean0" found cached.[0m
2026-03-27 10:14:12 |[34;20m INFO     [0m|[34;20m nipype.workflow  [0m|[34;20m [Node] Setting-up "_PlotMosaicMean1" in "/local/nvme/ds006193_24053.783955/ds/tmp/mriqc_wf/funcMRIQC/func_report_wf/fc72f369a689cbc02a52d801a73e788f6f9085c0/PlotMosaicMean/mapflow/_PlotMosaicMean1".[0m
2026-03-27 10:14:12 |[34;20m INFO     [0m|[34;20m nipype.workflow  [0m|[34;20m [Node] Cached "_PlotMosaicMean1" - collecting precomputed outputs[0m
2026-03-27 10:14:12 |[34;20m INFO     [0m|[34;20m nipype.workflow  [0m|[34;20m [Node] "_PlotMosaicMean1" found cached.[0m
2026-03-27 10:14:12 |[34;20m INFO     [0m|[34;20m nipype.workflow  [0m|[34;20m [Node] Setting-up "_PlotMosaicMean2" in "/local/nvme/ds006193_24053.783955/ds/tmp/mriqc_wf/funcMRIQC/func_report_wf/fc72f369a689cbc02a52d801a73e788f6f9085c0/PlotMosaicMean/mapflow/_PlotMosaicMean2".[0m
2026-03-27 10:14:12 |[34;20m INFO     [0m|[34;20m nipype.workflow  [0m|[34;20m [Node] Cached "_PlotMosaicMean2" - collecting precomputed outputs[0m
2026-03-27 10:14:12 |[34;20m INFO     [0m|[34;20m nipype.workflow  [0m|[34;20m [Node] "_PlotMosaicMean2" found cached.[0m
2026-03-27 10:14:12 |[34;20m INFO     [0m|[34;20m nipype.workflow  [0m|[34;20m [Node] Setting-up "_PlotMosaicMean3" in "/local/nvme/ds006193_24053.783955/ds/tmp/mriqc_wf/funcMRIQC/func_report_wf/fc72f369a689cbc02a52d801a73e788f6f9085c0/PlotMosaicMean/mapflow/_PlotMosaicMean3".[0m
2026-03-27 10:14:12 |[34;20m INFO     [0m|[34;20m nipype.workflow  [0m|[34;20m [Node] Cached "_PlotMosaicMean3" - collecting precomputed outputs[0m
2026-03-27 10:14:12 |[34;20m INFO     [0m|[34;20m nipype.workflow  [0m|[34;20m [Node] "_PlotMosaicMean3" found cached.[0m
2026-03-27 10:14:12 |[34;20m INFO     [0m|[34;20m nipype.workflow  [0m|[34;20m [Node] Setting-up "_PlotMosaicMean4" in "/local/nvme/ds006193_24053.783955/ds/tmp/mriqc_wf/funcMRIQC/func_report_wf/fc72f369a689cbc02a52d801a73e788f6f9085c0/PlotMosaicMean/mapflow/_PlotMosaicMean4".[0m
2026-03-27 10:14:12 |[34;20m INFO     [0m|[34;20m nipype.workflow  [0m|[34;20m [Node] Cached "_PlotMosaicMean4" - collecting precomputed outputs[0m
2026-03-27 10:14:12 |[34;20m INFO     [0m|[34;20m nipype.workflow  [0m|[34;20m [Node] "_PlotMosaicMean4" found cached.[0m
2026-03-27 10:14:13 |[34;20m INFO     [0m|[34;20m nipype.workflow  [0m|[34;20m [Node] Finished "_quality2", elapsed time 17.46964s.[0m
2026-03-27 10:14:14 |[34;20m INFO     [0m|[34;20m nipype.workflow  [0m|[34;20m [Node] Finished "_PlotMosaicNoise2", elapsed time 1.999655s.[0m
2026-03-27 10:14:14 |[34;20m INFO     [0m|[34;20m nipype.workflow  [0m|[34;20m [Node] Setting-up "_PlotMosaicNoise3" in "/local/nvme/ds006193_24053.783955/ds/tmp/mriqc_wf/funcMRIQC/func_report_wf/fc72f369a689cbc02a52d801a73e788f6f9085c0/PlotMosaicNoise/mapflow/_PlotMosaicNoise3".[0m
2026-03-27 10:14:14 |[34;20m INFO     [0m|[34;20m nipype.workflow  [0m|[34;20m [Node] Setting-up "_PlotMosaicNoise4" in "/local/nvme/ds006193_24053.783955/ds/tmp/mriqc_wf/funcMRIQC/func_report_wf/fc72f369a689cbc02a52d801a73e788f6f9085c0/PlotMosaicNoise/mapflow/_PlotMosaicNoise4".[0m
2026-03-27 10:14:14 |[34;20m INFO     [0m|[34;20m nipype.workflow  [0m|[34;20m [Node] Finished "_PlotMosaicNoise1", elapsed time 2.004253s.[0m
2026-03-27 10:14:14 |[34;20m INFO     [0m|[34;20m nipype.workflow  [0m|[34;20m [Node] Executing "_PlotMosaicNoise3" <nireports.interfaces.mosaic.PlotMosaic>[0m
2026-03-27 10:14:14 |[34;20m INFO     [0m|[34;20m nipype.workflow  [0m|[34;20m [Node] Executing "_PlotMosaicNoise4" <nireports.interfaces.mosaic.PlotMosaic>[0m
2026-03-27 10:14:14 |[34;20m INFO     [0m|[34;20m nipype.workflow  [0m|[34;20m [Node] Finished "_quality1", elapsed time 18.036017s.[0m
2026-03-27 10:14:14 |[34;20m INFO     [0m|[34;20m nipype.workflow  [0m|[34;20m [Node] Finished "_quality4", elapsed time 16.519026s.[0m
2026-03-27 10:14:15 |[34;20m INFO     [0m|[34;20m nipype.workflow  [0m|[34;20m [Node] Finished "_quality0", elapsed time 19.004826s.[0m
2026-03-27 10:14:16 |[34;20m INFO     [0m|[34;20m nipype.workflow  [0m|[34;20m [Node] Finished "_PlotMosaicNoise4", elapsed time 1.950439s.[0m
2026-03-27 10:14:16 |[34;20m INFO     [0m|[34;20m nipype.workflow  [0m|[34;20m [Node] Setting-up "_PlotMosaicSD1" in "/local/nvme/ds006193_24053.783955/ds/tmp/mriqc_wf/funcMRIQC/func_report_wf/fc72f369a689cbc02a52d801a73e788f6f9085c0/PlotMosaicSD/mapflow/_PlotMosaicSD1".[0m
2026-03-27 10:14:16 |[34;20m INFO     [0m|[34;20m nipype.workflow  [0m|[34;20m [Node] Setting-up "_PlotMosaicSD0" in "/local/nvme/ds006193_24053.783955/ds/tmp/mriqc_wf/funcMRIQC/func_report_wf/fc72f369a689cbc02a52d801a73e788f6f9085c0/PlotMosaicSD/mapflow/_PlotMosaicSD0".[0m
2026-03-27 10:14:16 |[34;20m INFO     [0m|[34;20m nipype.workflow  [0m|[34;20m [Node] Setting-up "_PlotMosaicSD2" in "/local/nvme/ds006193_24053.783955/ds/tmp/mriqc_wf/funcMRIQC/func_report_wf/fc72f369a689cbc02a52d801a73e788f6f9085c0/PlotMosaicSD/mapflow/_PlotMosaicSD2".[0m
2026-03-27 10:14:16 |[34;20m INFO     [0m|[34;20m nipype.workflow  [0m|[34;20m [Node] Setting-up "_PlotMosaicSD3" in "/local/nvme/ds006193_24053.783955/ds/tmp/mriqc_wf/funcMRIQC/func_report_wf/fc72f369a689cbc02a52d801a73e788f6f9085c0/PlotMosaicSD/mapflow/_PlotMosaicSD3".[0m
2026-03-27 10:14:16 |[34;20m INFO     [0m|[34;20m nipype.workflow  [0m|[34;20m [Node] Executing "_PlotMosaicSD1" <nireports.interfaces.mosaic.PlotMosaic>[0m
2026-03-27 10:14:16 |[34;20m INFO     [0m|[34;20m nipype.workflow  [0m|[34;20m [Node] Executing "_PlotMosaicSD0" <nireports.interfaces.mosaic.PlotMosaic>[0m
2026-03-27 10:14:16 |[34;20m INFO     [0m|[34;20m nipype.workflow  [0m|[34;20m [Node] Setting-up "_PlotMosaicSD4" in "/local/nvme/ds006193_24053.783955/ds/tmp/mriqc_wf/funcMRIQC/func_report_wf/fc72f369a689cbc02a52d801a73e788f6f9085c0/PlotMosaicSD/mapflow/_PlotMosaicSD4".[0m
2026-03-27 10:14:16 |[34;20m INFO     [0m|[34;20m nipype.workflow  [0m|[34;20m [Node] Executing "_PlotMosaicSD2" <nireports.interfaces.mosaic.PlotMosaic>[0m
2026-03-27 10:14:16 |[34;20m INFO     [0m|[34;20m nipype.workflow  [0m|[34;20m [Node] Executing "_PlotMosaicSD3" <nireports.interfaces.mosaic.PlotMosaic>[0m
2026-03-27 10:14:16 |[34;20m INFO     [0m|[34;20m nipype.workflow  [0m|[34;20m [Node] Executing "_PlotMosaicSD4" <nireports.interfaces.mosaic.PlotMosaic>[0m
2026-03-27 10:14:16 |[34;20m INFO     [0m|[34;20m nipype.workflow  [0m|[34;20m [Node] Finished "_PlotMosaicNoise3", elapsed time 2.037245s.[0m
2026-03-27 10:14:16 |[34;20m INFO     [0m|[34;20m nipype.workflow  [0m|[34;20m [Node] Finished "_quality3", elapsed time 18.112433s.[0m
2026-03-27 10:14:18 |[34;20m INFO     [0m|[34;20m nipype.workflow  [0m|[34;20m [Node] Finished "_PlotMosaicSD2", elapsed time 1.9848s.[0m
2026-03-27 10:14:18 |[34;20m INFO     [0m|[34;20m nipype.workflow  [0m|[34;20m [Node] Setting-up "_PlotMosaicMean0" in "/local/nvme/ds006193_24053.783955/ds/tmp/mriqc_wf/funcMRIQC/func_report_wf/62325a652eefcadfe0b75061ecf8d7e5fac4daa0/PlotMosaicMean/mapflow/_PlotMosaicMean0".[0m
2026-03-27 10:14:18 |[34;20m INFO     [0m|[34;20m nipype.workflow  [0m|[34;20m [Node] Executing "_PlotMosaicMean0" <nireports.interfaces.mosaic.PlotMosaic>[0m
2026-03-27 10:14:18 |[34;20m INFO     [0m|[34;20m nipype.workflow  [0m|[34;20m [Node] Setting-up "_PlotMosaicNoise0" in "/local/nvme/ds006193_24053.783955/ds/tmp/mriqc_wf/funcMRIQC/func_report_wf/fc72f369a689cbc02a52d801a73e788f6f9085c0/PlotMosaicNoise/mapflow/_PlotMosaicNoise0".[0m
2026-03-27 10:14:18 |[34;20m INFO     [0m|[34;20m nipype.workflow  [0m|[34;20m [Node] Cached "_PlotMosaicNoise0" - collecting precomputed outputs[0m
2026-03-27 10:14:18 |[34;20m INFO     [0m|[34;20m nipype.workflow  [0m|[34;20m [Node] "_PlotMosaicNoise0" found cached.[0m
2026-03-27 10:14:18 |[34;20m INFO     [0m|[34;20m nipype.workflow  [0m|[34;20m [Node] Setting-up "_PlotMosaicNoise1" in "/local/nvme/ds006193_24053.783955/ds/tmp/mriqc_wf/funcMRIQC/func_report_wf/fc72f369a689cbc02a52d801a73e788f6f9085c0/PlotMosaicNoise/mapflow/_PlotMosaicNoise1".[0m
2026-03-27 10:14:18 |[34;20m INFO     [0m|[34;20m nipype.workflow  [0m|[34;20m [Node] Setting-up "_quality0" in "/local/nvme/ds006193_24053.783955/ds/tmp/mriqc_wf/funcMRIQC/ComputeIQMs/62325a652eefcadfe0b75061ecf8d7e5fac4daa0/quality/mapflow/_quality0".[0m
2026-03-27 10:14:18 |[34;20m INFO     [0m|[34;20m nipype.workflow  [0m|[34;20m [Node] Cached "_PlotMosaicNoise1" - collecting precomputed outputs[0m
2026-03-27 10:14:18 |[34;20m INFO     [0m|[34;20m nipype.workflow  [0m|[34;20m [Node] "_PlotMosaicNoise1" found cached.[0m
2026-03-27 10:14:18 |[34;20m INFO     [0m|[34;20m nipype.workflow  [0m|[34;20m [Node] Setting-up "_PlotMosaicNoise2" in "/local/nvme/ds006193_24053.783955/ds/tmp/mriqc_wf/funcMRIQC/func_report_wf/fc72f369a689cbc02a52d801a73e788f6f9085c0/PlotMosaicNoise/mapflow/_PlotMosaicNoise2".[0m
2026-03-27 10:14:18 |[34;20m INFO     [0m|[34;20m nipype.workflow  [0m|[34;20m [Node] Cached "_quality0" - collecting precomputed outputs[0m
2026-03-27 10:14:18 |[34;20m INFO     [0m|[34;20m nipype.workflow  [0m|[34;20m [Node] "_quality0" found cached.[0m
2026-03-27 10:14:18 |[34;20m INFO     [0m|[34;20m nipype.workflow  [0m|[34;20m [Node] Cached "_PlotMosaicNoise2" - collecting precomputed outputs[0m
2026-03-27 10:14:18 |[34;20m INFO     [0m|[34;20m nipype.workflow  [0m|[34;20m [Node] "_PlotMosaicNoise2" found cached.[0m
2026-03-27 10:14:18 |[34;20m INFO     [0m|[34;20m nipype.workflow  [0m|[34;20m [Node] Setting-up "_quality1" in "/local/nvme/ds006193_24053.783955/ds/tmp/mriqc_wf/funcMRIQC/ComputeIQMs/62325a652eefcadfe0b75061ecf8d7e5fac4daa0/quality/mapflow/_quality1".[0m
2026-03-27 10:14:18 |[34;20m INFO     [0m|[34;20m nipype.workflow  [0m|[34;20m [Node] Setting-up "_PlotMosaicNoise3" in "/local/nvme/ds006193_24053.783955/ds/tmp/mriqc_wf/funcMRIQC/func_report_wf/fc72f369a689cbc02a52d801a73e788f6f9085c0/PlotMosaicNoise/mapflow/_PlotMosaicNoise3".[0m
2026-03-27 10:14:18 |[34;20m INFO     [0m|[34;20m nipype.workflow  [0m|[34;20m [Node] Cached "_quality1" - collecting precomputed outputs[0m
2026-03-27 10:14:18 |[34;20m INFO     [0m|[34;20m nipype.workflow  [0m|[34;20m [Node] "_quality1" found cached.[0m
2026-03-27 10:14:18 |[34;20m INFO     [0m|[34;20m nipype.workflow  [0m|[34;20m [Node] Cached "_PlotMosaicNoise3" - collecting precomputed outputs[0m
2026-03-27 10:14:18 |[34;20m INFO     [0m|[34;20m nipype.workflow  [0m|[34;20m [Node] "_PlotMosaicNoise3" found cached.[0m
2026-03-27 10:14:18 |[34;20m INFO     [0m|[34;20m nipype.workflow  [0m|[34;20m [Node] Setting-up "_quality2" in "/local/nvme/ds006193_24053.783955/ds/tmp/mriqc_wf/funcMRIQC/ComputeIQMs/62325a652eefcadfe0b75061ecf8d7e5fac4daa0/quality/mapflow/_quality2".[0m
2026-03-27 10:14:18 |[34;20m INFO     [0m|[34;20m nipype.workflow  [0m|[34;20m [Node] Setting-up "_PlotMosaicNoise4" in "/local/nvme/ds006193_24053.783955/ds/tmp/mriqc_wf/funcMRIQC/func_report_wf/fc72f369a689cbc02a52d801a73e788f6f9085c0/PlotMosaicNoise/mapflow/_PlotMosaicNoise4".[0m
2026-03-27 10:14:18 |[34;20m INFO     [0m|[34;20m nipype.workflow  [0m|[34;20m [Node] Cached "_quality2" - collecting precomputed outputs[0m
2026-03-27 10:14:18 |[34;20m INFO     [0m|[34;20m nipype.workflow  [0m|[34;20m [Node] "_quality2" found cached.[0m
2026-03-27 10:14:18 |[34;20m INFO     [0m|[34;20m nipype.workflow  [0m|[34;20m [Node] Cached "_PlotMosaicNoise4" - collecting precomputed outputs[0m
2026-03-27 10:14:18 |[34;20m INFO     [0m|[34;20m nipype.workflow  [0m|[34;20m [Node] Setting-up "_quality3" in "/local/nvme/ds006193_24053.783955/ds/tmp/mriqc_wf/funcMRIQC/ComputeIQMs/62325a652eefcadfe0b75061ecf8d7e5fac4daa0/quality/mapflow/_quality3".[0m
2026-03-27 10:14:18 |[34;20m INFO     [0m|[34;20m nipype.workflow  [0m|[34;20m [Node] "_PlotMosaicNoise4" found cached.[0m
2026-03-27 10:14:18 |[34;20m INFO     [0m|[34;20m nipype.workflow  [0m|[34;20m [Node] Cached "_quality3" - collecting precomputed outputs[0m
2026-03-27 10:14:18 |[34;20m INFO     [0m|[34;20m nipype.workflow  [0m|[34;20m [Node] "_quality3" found cached.[0m
2026-03-27 10:14:18 |[34;20m INFO     [0m|[34;20m nipype.workflow  [0m|[34;20m [Node] Setting-up "_quality4" in "/local/nvme/ds006193_24053.783955/ds/tmp/mriqc_wf/funcMRIQC/ComputeIQMs/62325a652eefcadfe0b75061ecf8d7e5fac4daa0/quality/mapflow/_quality4".[0m
2026-03-27 10:14:18 |[34;20m INFO     [0m|[34;20m nipype.workflow  [0m|[34;20m [Node] Cached "_quality4" - collecting precomputed outputs[0m
2026-03-27 10:14:18 |[34;20m INFO     [0m|[34;20m nipype.workflow  [0m|[34;20m [Node] "_quality4" found cached.[0m
2026-03-27 10:14:18 |[34;20m INFO     [0m|[34;20m nipype.workflow  [0m|[34;20m [Node] Finished "_PlotMosaicSD4", elapsed time 2.052762s.[0m
2026-03-27 10:14:18 |[34;20m INFO     [0m|[34;20m nipype.workflow  [0m|[34;20m [Node] Finished "_PlotMosaicSD3", elapsed time 2.078303s.[0m
2026-03-27 10:14:18 |[34;20m INFO     [0m|[34;20m nipype.workflow  [0m|[34;20m [Node] Finished "_PlotMosaicSD1", elapsed time 2.123114s.[0m
2026-03-27 10:14:18 |[34;20m INFO     [0m|[34;20m nipype.workflow  [0m|[34;20m [Node] Finished "_PlotMosaicSD0", elapsed time 2.172163s.[0m
2026-03-27 10:14:20 |[34;20m INFO     [0m|[34;20m nipype.workflow  [0m|[34;20m [Node] Setting-up "_PlotMosaicSD0" in "/local/nvme/ds006193_24053.783955/ds/tmp/mriqc_wf/funcMRIQC/func_report_wf/fc72f369a689cbc02a52d801a73e788f6f9085c0/PlotMosaicSD/mapflow/_PlotMosaicSD0".[0m
2026-03-27 10:14:20 |[34;20m INFO     [0m|[34;20m nipype.workflow  [0m|[34;20m [Node] Cached "_PlotMosaicSD0" - collecting precomputed outputs[0m
2026-03-27 10:14:20 |[34;20m INFO     [0m|[34;20m nipype.workflow  [0m|[34;20m [Node] "_PlotMosaicSD0" found cached.[0m
2026-03-27 10:14:20 |[34;20m INFO     [0m|[34;20m nipype.workflow  [0m|[34;20m [Node] Setting-up "_PlotMosaicSD1" in "/local/nvme/ds006193_24053.783955/ds/tmp/mriqc_wf/funcMRIQC/func_report_wf/fc72f369a689cbc02a52d801a73e788f6f9085c0/PlotMosaicSD/mapflow/_PlotMosaicSD1".[0m
2026-03-27 10:14:20 |[34;20m INFO     [0m|[34;20m nipype.workflow  [0m|[34;20m [Node] Cached "_PlotMosaicSD1" - collecting precomputed outputs[0m
2026-03-27 10:14:20 |[34;20m INFO     [0m|[34;20m nipype.workflow  [0m|[34;20m [Node] "_PlotMosaicSD1" found cached.[0m
2026-03-27 10:14:20 |[34;20m INFO     [0m|[34;20m nipype.workflow  [0m|[34;20m [Node] Setting-up "_PlotMosaicSD2" in "/local/nvme/ds006193_24053.783955/ds/tmp/mriqc_wf/funcMRIQC/func_report_wf/fc72f369a689cbc02a52d801a73e788f6f9085c0/PlotMosaicSD/mapflow/_PlotMosaicSD2".[0m
2026-03-27 10:14:20 |[34;20m INFO     [0m|[34;20m nipype.workflow  [0m|[34;20m [Node] Cached "_PlotMosaicSD2" - collecting precomputed outputs[0m
2026-03-27 10:14:20 |[34;20m INFO     [0m|[34;20m nipype.workflow  [0m|[34;20m [Node] "_PlotMosaicSD2" found cached.[0m
2026-03-27 10:14:20 |[34;20m INFO     [0m|[34;20m nipype.workflow  [0m|[34;20m [Node] Setting-up "_PlotMosaicSD3" in "/local/nvme/ds006193_24053.783955/ds/tmp/mriqc_wf/funcMRIQC/func_report_wf/fc72f369a689cbc02a52d801a73e788f6f9085c0/PlotMosaicSD/mapflow/_PlotMosaicSD3".[0m
2026-03-27 10:14:20 |[34;20m INFO     [0m|[34;20m nipype.workflow  [0m|[34;20m [Node] Cached "_PlotMosaicSD3" - collecting precomputed outputs[0m
2026-03-27 10:14:20 |[34;20m INFO     [0m|[34;20m nipype.workflow  [0m|[34;20m [Node] "_PlotMosaicSD3" found cached.[0m
2026-03-27 10:14:20 |[34;20m INFO     [0m|[34;20m nipype.workflow  [0m|[34;20m [Node] Setting-up "_PlotMosaicSD4" in "/local/nvme/ds006193_24053.783955/ds/tmp/mriqc_wf/funcMRIQC/func_report_wf/fc72f369a689cbc02a52d801a73e788f6f9085c0/PlotMosaicSD/mapflow/_PlotMosaicSD4".[0m
2026-03-27 10:14:20 |[34;20m INFO     [0m|[34;20m nipype.workflow  [0m|[34;20m [Node] Setting-up "_PlotMosaicMean1" in "/local/nvme/ds006193_24053.783955/ds/tmp/mriqc_wf/funcMRIQC/func_report_wf/62325a652eefcadfe0b75061ecf8d7e5fac4daa0/PlotMosaicMean/mapflow/_PlotMosaicMean1".[0m
2026-03-27 10:14:20 |[34;20m INFO     [0m|[34;20m nipype.workflow  [0m|[34;20m [Node] Cached "_PlotMosaicSD4" - collecting precomputed outputs[0m
2026-03-27 10:14:20 |[34;20m INFO     [0m|[34;20m nipype.workflow  [0m|[34;20m [Node] "_PlotMosaicSD4" found cached.[0m
2026-03-27 10:14:20 |[34;20m INFO     [0m|[34;20m nipype.workflow  [0m|[34;20m [Node] Setting-up "_PlotMosaicMean2" in "/local/nvme/ds006193_24053.783955/ds/tmp/mriqc_wf/funcMRIQC/func_report_wf/62325a652eefcadfe0b75061ecf8d7e5fac4daa0/PlotMosaicMean/mapflow/_PlotMosaicMean2".[0m
2026-03-27 10:14:20 |[34;20m INFO     [0m|[34;20m nipype.workflow  [0m|[34;20m [Node] Executing "_PlotMosaicMean1" <nireports.interfaces.mosaic.PlotMosaic>[0m
2026-03-27 10:14:20 |[34;20m INFO     [0m|[34;20m nipype.workflow  [0m|[34;20m [Node] Setting-up "_PlotMosaicMean3" in "/local/nvme/ds006193_24053.783955/ds/tmp/mriqc_wf/funcMRIQC/func_report_wf/62325a652eefcadfe0b75061ecf8d7e5fac4daa0/PlotMosaicMean/mapflow/_PlotMosaicMean3".[0m
2026-03-27 10:14:20 |[34;20m INFO     [0m|[34;20m nipype.workflow  [0m|[34;20m [Node] Executing "_PlotMosaicMean2" <nireports.interfaces.mosaic.PlotMosaic>[0m
2026-03-27 10:14:20 |[34;20m INFO     [0m|[34;20m nipype.workflow  [0m|[34;20m [Node] Setting-up "_PlotMosaicMean4" in "/local/nvme/ds006193_24053.783955/ds/tmp/mriqc_wf/funcMRIQC/func_report_wf/62325a652eefcadfe0b75061ecf8d7e5fac4daa0/PlotMosaicMean/mapflow/_PlotMosaicMean4".[0m
2026-03-27 10:14:20 |[34;20m INFO     [0m|[34;20m nipype.workflow  [0m|[34;20m [Node] Setting-up "_PlotMosaicNoise0" in "/local/nvme/ds006193_24053.783955/ds/tmp/mriqc_wf/funcMRIQC/func_report_wf/62325a652eefcadfe0b75061ecf8d7e5fac4daa0/PlotMosaicNoise/mapflow/_PlotMosaicNoise0".[0m
2026-03-27 10:14:20 |[34;20m INFO     [0m|[34;20m nipype.workflow  [0m|[34;20m [Node] Setting-up "_PlotMosaicNoise1" in "/local/nvme/ds006193_24053.783955/ds/tmp/mriqc_wf/funcMRIQC/func_report_wf/62325a652eefcadfe0b75061ecf8d7e5fac4daa0/PlotMosaicNoise/mapflow/_PlotMosaicNoise1".[0m
2026-03-27 10:14:20 |[34;20m INFO     [0m|[34;20m nipype.workflow  [0m|[34;20m [Node] Executing "_PlotMosaicMean3" <nireports.interfaces.mosaic.PlotMosaic>[0m
2026-03-27 10:14:20 |[34;20m INFO     [0m|[34;20m nipype.workflow  [0m|[34;20m [Node] Executing "_PlotMosaicNoise0" <nireports.interfaces.mosaic.PlotMosaic>[0m
2026-03-27 10:14:20 |[34;20m INFO     [0m|[34;20m nipype.workflow  [0m|[34;20m [Node] Executing "_PlotMosaicMean4" <nireports.interfaces.mosaic.PlotMosaic>[0m
2026-03-27 10:14:20 |[34;20m INFO     [0m|[34;20m nipype.workflow  [0m|[34;20m [Node] Executing "_PlotMosaicNoise1" <nireports.interfaces.mosaic.PlotMosaic>[0m
2026-03-27 10:14:20 |[34;20m INFO     [0m|[34;20m nipype.workflow  [0m|[34;20m [Node] Finished "_PlotMosaicMean0", elapsed time 2.006334s.[0m
2026-03-27 10:14:22 |[34;20m INFO     [0m|[34;20m nipype.workflow  [0m|[34;20m [Node] Finished "_PlotMosaicNoise1", elapsed time 1.981795s.[0m
2026-03-27 10:14:22 |[34;20m INFO     [0m|[34;20m nipype.workflow  [0m|[34;20m [Node] Setting-up "_PlotMosaicNoise2" in "/local/nvme/ds006193_24053.783955/ds/tmp/mriqc_wf/funcMRIQC/func_report_wf/62325a652eefcadfe0b75061ecf8d7e5fac4daa0/PlotMosaicNoise/mapflow/_PlotMosaicNoise2".[0m
2026-03-27 10:14:22 |[34;20m INFO     [0m|[34;20m nipype.workflow  [0m|[34;20m [Node] Setting-up "_PlotMosaicNoise3" in "/local/nvme/ds006193_24053.783955/ds/tmp/mriqc_wf/funcMRIQC/func_report_wf/62325a652eefcadfe0b75061ecf8d7e5fac4daa0/PlotMosaicNoise/mapflow/_PlotMosaicNoise3".[0m
2026-03-27 10:14:22 |[34;20m INFO     [0m|[34;20m nipype.workflow  [0m|[34;20m [Node] Executing "_PlotMosaicNoise2" <nireports.interfaces.mosaic.PlotMosaic>[0m
2026-03-27 10:14:22 |[34;20m INFO     [0m|[34;20m nipype.workflow  [0m|[34;20m [Node] Executing "_PlotMosaicNoise3" <nireports.interfaces.mosaic.PlotMosaic>[0m
2026-03-27 10:14:22 |[34;20m INFO     [0m|[34;20m nipype.workflow  [0m|[34;20m [Node] Finished "_PlotMosaicNoise0", elapsed time 2.080506s.[0m
2026-03-27 10:14:22 |[34;20m INFO     [0m|[34;20m nipype.workflow  [0m|[34;20m [Node] Finished "_PlotMosaicMean2", elapsed time 2.085596s.[0m
2026-03-27 10:14:22 |[34;20m INFO     [0m|[34;20m nipype.workflow  [0m|[34;20m [Node] Finished "_PlotMosaicMean3", elapsed time 2.096661s.[0m
2026-03-27 10:14:22 |[34;20m INFO     [0m|[34;20m nipype.workflow  [0m|[34;20m [Node] Finished "_PlotMosaicMean4", elapsed time 2.142087s.[0m
2026-03-27 10:14:22 |[34;20m INFO     [0m|[34;20m nipype.workflow  [0m|[34;20m [Node] Finished "_PlotMosaicMean1", elapsed time 2.211578s.[0m
2026-03-27 10:14:24 |[34;20m INFO     [0m|[34;20m nipype.workflow  [0m|[34;20m [Node] Setting-up "_PlotMosaicNoise4" in "/local/nvme/ds006193_24053.783955/ds/tmp/mriqc_wf/funcMRIQC/func_report_wf/62325a652eefcadfe0b75061ecf8d7e5fac4daa0/PlotMosaicNoise/mapflow/_PlotMosaicNoise4".[0m
2026-03-27 10:14:24 |[34;20m INFO     [0m|[34;20m nipype.workflow  [0m|[34;20m [Node] Setting-up "_PlotMosaicSD0" in "/local/nvme/ds006193_24053.783955/ds/tmp/mriqc_wf/funcMRIQC/func_report_wf/62325a652eefcadfe0b75061ecf8d7e5fac4daa0/PlotMosaicSD/mapflow/_PlotMosaicSD0".[0m
2026-03-27 10:14:24 |[34;20m INFO     [0m|[34;20m nipype.workflow  [0m|[34;20m [Node] Setting-up "_PlotMosaicSD1" in "/local/nvme/ds006193_24053.783955/ds/tmp/mriqc_wf/funcMRIQC/func_report_wf/62325a652eefcadfe0b75061ecf8d7e5fac4daa0/PlotMosaicSD/mapflow/_PlotMosaicSD1".[0m
2026-03-27 10:14:24 |[34;20m INFO     [0m|[34;20m nipype.workflow  [0m|[34;20m [Node] Setting-up "_PlotMosaicSD2" in "/local/nvme/ds006193_24053.783955/ds/tmp/mriqc_wf/funcMRIQC/func_report_wf/62325a652eefcadfe0b75061ecf8d7e5fac4daa0/PlotMosaicSD/mapflow/_PlotMosaicSD2".[0m
2026-03-27 10:14:24 |[34;20m INFO     [0m|[34;20m nipype.workflow  [0m|[34;20m [Node] Setting-up "_PlotMosaicSD3" in "/local/nvme/ds006193_24053.783955/ds/tmp/mriqc_wf/funcMRIQC/func_report_wf/62325a652eefcadfe0b75061ecf8d7e5fac4daa0/PlotMosaicSD/mapflow/_PlotMosaicSD3".[0m
2026-03-27 10:14:24 |[34;20m INFO     [0m|[34;20m nipype.workflow  [0m|[34;20m [Node] Executing "_PlotMosaicNoise4" <nireports.interfaces.mosaic.PlotMosaic>[0m
2026-03-27 10:14:24 |[34;20m INFO     [0m|[34;20m nipype.workflow  [0m|[34;20m [Node] Setting-up "_PlotMosaicMean0" in "/local/nvme/ds006193_24053.783955/ds/tmp/mriqc_wf/funcMRIQC/func_report_wf/62325a652eefcadfe0b75061ecf8d7e5fac4daa0/PlotMosaicMean/mapflow/_PlotMosaicMean0".[0m
2026-03-27 10:14:24 |[34;20m INFO     [0m|[34;20m nipype.workflow  [0m|[34;20m [Node] Executing "_PlotMosaicSD2" <nireports.interfaces.mosaic.PlotMosaic>[0m
2026-03-27 10:14:24 |[34;20m INFO     [0m|[34;20m nipype.workflow  [0m|[34;20m [Node] Executing "_PlotMosaicSD3" <nireports.interfaces.mosaic.PlotMosaic>[0m
2026-03-27 10:14:24 |[34;20m INFO     [0m|[34;20m nipype.workflow  [0m|[34;20m [Node] Executing "_PlotMosaicSD1" <nireports.interfaces.mosaic.PlotMosaic>[0m
2026-03-27 10:14:24 |[34;20m INFO     [0m|[34;20m nipype.workflow  [0m|[34;20m [Node] Cached "_PlotMosaicMean0" - collecting precomputed outputs[0m
2026-03-27 10:14:24 |[34;20m INFO     [0m|[34;20m nipype.workflow  [0m|[34;20m [Node] "_PlotMosaicMean0" found cached.[0m
2026-03-27 10:14:24 |[34;20m INFO     [0m|[34;20m nipype.workflow  [0m|[34;20m [Node] Setting-up "_PlotMosaicMean1" in "/local/nvme/ds006193_24053.783955/ds/tmp/mriqc_wf/funcMRIQC/func_report_wf/62325a652eefcadfe0b75061ecf8d7e5fac4daa0/PlotMosaicMean/mapflow/_PlotMosaicMean1".[0m
2026-03-27 10:14:24 |[34;20m INFO     [0m|[34;20m nipype.workflow  [0m|[34;20m [Node] Cached "_PlotMosaicMean1" - collecting precomputed outputs[0m
2026-03-27 10:14:24 |[34;20m INFO     [0m|[34;20m nipype.workflow  [0m|[34;20m [Node] "_PlotMosaicMean1" found cached.[0m
2026-03-27 10:14:24 |[34;20m INFO     [0m|[34;20m nipype.workflow  [0m|[34;20m [Node] Setting-up "_PlotMosaicMean2" in "/local/nvme/ds006193_24053.783955/ds/tmp/mriqc_wf/funcMRIQC/func_report_wf/62325a652eefcadfe0b75061ecf8d7e5fac4daa0/PlotMosaicMean/mapflow/_PlotMosaicMean2".[0m
2026-03-27 10:14:24 |[34;20m INFO     [0m|[34;20m nipype.workflow  [0m|[34;20m [Node] Cached "_PlotMosaicMean2" - collecting precomputed outputs[0m
2026-03-27 10:14:24 |[34;20m INFO     [0m|[34;20m nipype.workflow  [0m|[34;20m [Node] "_PlotMosaicMean2" found cached.[0m
2026-03-27 10:14:24 |[34;20m INFO     [0m|[34;20m nipype.workflow  [0m|[34;20m [Node] Executing "_PlotMosaicSD0" <nireports.interfaces.mosaic.PlotMosaic>[0m
2026-03-27 10:14:24 |[34;20m INFO     [0m|[34;20m nipype.workflow  [0m|[34;20m [Node] Setting-up "_PlotMosaicMean3" in "/local/nvme/ds006193_24053.783955/ds/tmp/mriqc_wf/funcMRIQC/func_report_wf/62325a652eefcadfe0b75061ecf8d7e5fac4daa0/PlotMosaicMean/mapflow/_PlotMosaicMean3".[0m
2026-03-27 10:14:24 |[34;20m INFO     [0m|[34;20m nipype.workflow  [0m|[34;20m [Node] Cached "_PlotMosaicMean3" - collecting precomputed outputs[0m
2026-03-27 10:14:24 |[34;20m INFO     [0m|[34;20m nipype.workflow  [0m|[34;20m [Node] "_PlotMosaicMean3" found cached.[0m
2026-03-27 10:14:24 |[34;20m INFO     [0m|[34;20m nipype.workflow  [0m|[34;20m [Node] Setting-up "_PlotMosaicMean4" in "/local/nvme/ds006193_24053.783955/ds/tmp/mriqc_wf/funcMRIQC/func_report_wf/62325a652eefcadfe0b75061ecf8d7e5fac4daa0/PlotMosaicMean/mapflow/_PlotMosaicMean4".[0m
2026-03-27 10:14:24 |[34;20m INFO     [0m|[34;20m nipype.workflow  [0m|[34;20m [Node] Cached "_PlotMosaicMean4" - collecting precomputed outputs[0m
2026-03-27 10:14:24 |[34;20m INFO     [0m|[34;20m nipype.workflow  [0m|[34;20m [Node] "_PlotMosaicMean4" found cached.[0m
2026-03-27 10:14:24 |[34;20m INFO     [0m|[34;20m nipype.workflow  [0m|[34;20m [Node] Finished "_PlotMosaicNoise2", elapsed time 2.107019s.[0m
2026-03-27 10:14:24 |[34;20m INFO     [0m|[34;20m nipype.workflow  [0m|[34;20m [Node] Finished "_PlotMosaicNoise3", elapsed time 2.132173s.[0m
2026-03-27 10:14:26 |[34;20m INFO     [0m|[34;20m nipype.workflow  [0m|[34;20m [Node] Finished "_PlotMosaicSD1", elapsed time 1.991153s.[0m
2026-03-27 10:14:26 |[34;20m INFO     [0m|[34;20m nipype.workflow  [0m|[34;20m [Node] Finished "_PlotMosaicSD3", elapsed time 1.9996589999999999s.[0m
2026-03-27 10:14:26 |[34;20m INFO     [0m|[34;20m nipype.workflow  [0m|[34;20m [Node] Finished "_PlotMosaicSD2", elapsed time 2.005658s.[0m
2026-03-27 10:14:26 |[34;20m INFO     [0m|[34;20m nipype.workflow  [0m|[34;20m [Node] Finished "_PlotMosaicSD0", elapsed time 2.003941s.[0m
2026-03-27 10:14:26 |[34;20m INFO     [0m|[34;20m nipype.workflow  [0m|[34;20m [Node] Setting-up "_ds_report_mean0" in "/local/nvme/ds006193_24053.783955/ds/tmp/mriqc_wf/funcMRIQC/func_report_wf/fc72f369a689cbc02a52d801a73e788f6f9085c0/ds_report_mean/mapflow/_ds_report_mean0".[0m
2026-03-27 10:14:26 |[34;20m INFO     [0m|[34;20m nipype.workflow  [0m|[34;20m [Node] Setting-up "_PlotMosaicSD4" in "/local/nvme/ds006193_24053.783955/ds/tmp/mriqc_wf/funcMRIQC/func_report_wf/62325a652eefcadfe0b75061ecf8d7e5fac4daa0/PlotMosaicSD/mapflow/_PlotMosaicSD4".[0m
2026-03-27 10:14:26 |[34;20m INFO     [0m|[34;20m nipype.workflow  [0m|[34;20m [Node] Executing "_PlotMosaicSD4" <nireports.interfaces.mosaic.PlotMosaic>[0m
2026-03-27 10:14:26 |[34;20m INFO     [0m|[34;20m nipype.workflow  [0m|[34;20m [Node] Executing "_ds_report_mean0" <mriqc.interfaces.DerivativesDataSink>[0m
2026-03-27 10:14:26 |[34;20m INFO     [0m|[34;20m nipype.workflow  [0m|[34;20m [Node] Finished "_ds_report_mean0", elapsed time 0.009003s.[0m
2026-03-27 10:14:26 |[34;20m INFO     [0m|[34;20m nipype.workflow  [0m|[34;20m [Node] Setting-up "_ds_report_mean1" in "/local/nvme/ds006193_24053.783955/ds/tmp/mriqc_wf/funcMRIQC/func_report_wf/fc72f369a689cbc02a52d801a73e788f6f9085c0/ds_report_mean/mapflow/_ds_report_mean1".[0m
2026-03-27 10:14:26 |[34;20m INFO     [0m|[34;20m nipype.workflow  [0m|[34;20m [Node] Executing "_ds_report_mean1" <mriqc.interfaces.DerivativesDataSink>[0m
2026-03-27 10:14:26 |[34;20m INFO     [0m|[34;20m nipype.workflow  [0m|[34;20m [Node] Finished "_ds_report_mean1", elapsed time 0.005485s.[0m
2026-03-27 10:14:26 |[34;20m INFO     [0m|[34;20m nipype.workflow  [0m|[34;20m [Node] Finished "_PlotMosaicNoise4", elapsed time 2.243677s.[0m
2026-03-27 10:14:26 |[34;20m INFO     [0m|[34;20m nipype.workflow  [0m|[34;20m [Node] Setting-up "_ds_report_mean2" in "/local/nvme/ds006193_24053.783955/ds/tmp/mriqc_wf/funcMRIQC/func_report_wf/fc72f369a689cbc02a52d801a73e788f6f9085c0/ds_report_mean/mapflow/_ds_report_mean2".[0m
2026-03-27 10:14:26 |[34;20m INFO     [0m|[34;20m nipype.workflow  [0m|[34;20m [Node] Executing "_ds_report_mean2" <mriqc.interfaces.DerivativesDataSink>[0m
2026-03-27 10:14:26 |[34;20m INFO     [0m|[34;20m nipype.workflow  [0m|[34;20m [Node] Finished "_ds_report_mean2", elapsed time 0.005146s.[0m
2026-03-27 10:14:26 |[34;20m INFO     [0m|[34;20m nipype.workflow  [0m|[34;20m [Node] Setting-up "_ds_report_mean3" in "/local/nvme/ds006193_24053.783955/ds/tmp/mriqc_wf/funcMRIQC/func_report_wf/fc72f369a689cbc02a52d801a73e788f6f9085c0/ds_report_mean/mapflow/_ds_report_mean3".[0m
2026-03-27 10:14:26 |[34;20m INFO     [0m|[34;20m nipype.workflow  [0m|[34;20m [Node] Executing "_ds_report_mean3" <mriqc.interfaces.DerivativesDataSink>[0m
2026-03-27 10:14:26 |[34;20m INFO     [0m|[34;20m nipype.workflow  [0m|[34;20m [Node] Finished "_ds_report_mean3", elapsed time 0.005193s.[0m
2026-03-27 10:14:26 |[34;20m INFO     [0m|[34;20m nipype.workflow  [0m|[34;20m [Node] Setting-up "_ds_report_mean4" in "/local/nvme/ds006193_24053.783955/ds/tmp/mriqc_wf/funcMRIQC/func_report_wf/fc72f369a689cbc02a52d801a73e788f6f9085c0/ds_report_mean/mapflow/_ds_report_mean4".[0m
2026-03-27 10:14:26 |[34;20m INFO     [0m|[34;20m nipype.workflow  [0m|[34;20m [Node] Executing "_ds_report_mean4" <mriqc.interfaces.DerivativesDataSink>[0m
2026-03-27 10:14:26 |[34;20m INFO     [0m|[34;20m nipype.workflow  [0m|[34;20m [Node] Finished "_ds_report_mean4", elapsed time 0.005463s.[0m
2026-03-27 10:14:27 |[34;20m INFO     [0m|[34;20m nipype.workflow  [0m|[34;20m [Node] Setting-up "_ds_report_background0" in "/local/nvme/ds006193_24053.783955/ds/tmp/mriqc_wf/funcMRIQC/func_report_wf/fc72f369a689cbc02a52d801a73e788f6f9085c0/ds_report_background/mapflow/_ds_report_background0".[0m
2026-03-27 10:14:27 |[34;20m INFO     [0m|[34;20m nipype.workflow  [0m|[34;20m [Node] Executing "_ds_report_background0" <mriqc.interfaces.DerivativesDataSink>[0m
2026-03-27 10:14:27 |[34;20m INFO     [0m|[34;20m nipype.workflow  [0m|[34;20m [Node] Finished "_ds_report_background0", elapsed time 0.005171s.[0m
2026-03-27 10:14:27 |[34;20m INFO     [0m|[34;20m nipype.workflow  [0m|[34;20m [Node] Setting-up "_ds_report_background1" in "/local/nvme/ds006193_24053.783955/ds/tmp/mriqc_wf/funcMRIQC/func_report_wf/fc72f369a689cbc02a52d801a73e788f6f9085c0/ds_report_background/mapflow/_ds_report_background1".[0m
2026-03-27 10:14:27 |[34;20m INFO     [0m|[34;20m nipype.workflow  [0m|[34;20m [Node] Executing "_ds_report_background1" <mriqc.interfaces.DerivativesDataSink>[0m
2026-03-27 10:14:27 |[34;20m INFO     [0m|[34;20m nipype.workflow  [0m|[34;20m [Node] Finished "_ds_report_background1", elapsed time 0.00516s.[0m
2026-03-27 10:14:27 |[34;20m INFO     [0m|[34;20m nipype.workflow  [0m|[34;20m [Node] Setting-up "_ds_report_background2" in "/local/nvme/ds006193_24053.783955/ds/tmp/mriqc_wf/funcMRIQC/func_report_wf/fc72f369a689cbc02a52d801a73e788f6f9085c0/ds_report_background/mapflow/_ds_report_background2".[0m
2026-03-27 10:14:27 |[34;20m INFO     [0m|[34;20m nipype.workflow  [0m|[34;20m [Node] Executing "_ds_report_background2" <mriqc.interfaces.DerivativesDataSink>[0m
2026-03-27 10:14:27 |[34;20m INFO     [0m|[34;20m nipype.workflow  [0m|[34;20m [Node] Finished "_ds_report_background2", elapsed time 0.005185s.[0m
2026-03-27 10:14:27 |[34;20m INFO     [0m|[34;20m nipype.workflow  [0m|[34;20m [Node] Setting-up "_ds_report_background3" in "/local/nvme/ds006193_24053.783955/ds/tmp/mriqc_wf/funcMRIQC/func_report_wf/fc72f369a689cbc02a52d801a73e788f6f9085c0/ds_report_background/mapflow/_ds_report_background3".[0m
2026-03-27 10:14:27 |[34;20m INFO     [0m|[34;20m nipype.workflow  [0m|[34;20m [Node] Executing "_ds_report_background3" <mriqc.interfaces.DerivativesDataSink>[0m
2026-03-27 10:14:27 |[34;20m INFO     [0m|[34;20m nipype.workflow  [0m|[34;20m [Node] Finished "_ds_report_background3", elapsed time 0.005207s.[0m
2026-03-27 10:14:27 |[34;20m INFO     [0m|[34;20m nipype.workflow  [0m|[34;20m [Node] Setting-up "_ds_report_background4" in "/local/nvme/ds006193_24053.783955/ds/tmp/mriqc_wf/funcMRIQC/func_report_wf/fc72f369a689cbc02a52d801a73e788f6f9085c0/ds_report_background/mapflow/_ds_report_background4".[0m
2026-03-27 10:14:27 |[34;20m INFO     [0m|[34;20m nipype.workflow  [0m|[34;20m [Node] Executing "_ds_report_background4" <mriqc.interfaces.DerivativesDataSink>[0m
2026-03-27 10:14:27 |[34;20m INFO     [0m|[34;20m nipype.workflow  [0m|[34;20m [Node] Finished "_ds_report_background4", elapsed time 0.005233s.[0m
2026-03-27 10:14:27 |[34;20m INFO     [0m|[34;20m nipype.workflow  [0m|[34;20m [Node] Setting-up "_ds_report_stdev0" in "/local/nvme/ds006193_24053.783955/ds/tmp/mriqc_wf/funcMRIQC/func_report_wf/fc72f369a689cbc02a52d801a73e788f6f9085c0/ds_report_stdev/mapflow/_ds_report_stdev0".[0m
2026-03-27 10:14:27 |[34;20m INFO     [0m|[34;20m nipype.workflow  [0m|[34;20m [Node] Executing "_ds_report_stdev0" <mriqc.interfaces.DerivativesDataSink>[0m
2026-03-27 10:14:27 |[34;20m INFO     [0m|[34;20m nipype.workflow  [0m|[34;20m [Node] Finished "_ds_report_stdev0", elapsed time 0.005203s.[0m
2026-03-27 10:14:27 |[34;20m INFO     [0m|[34;20m nipype.workflow  [0m|[34;20m [Node] Setting-up "_ds_report_stdev1" in "/local/nvme/ds006193_24053.783955/ds/tmp/mriqc_wf/funcMRIQC/func_report_wf/fc72f369a689cbc02a52d801a73e788f6f9085c0/ds_report_stdev/mapflow/_ds_report_stdev1".[0m
2026-03-27 10:14:27 |[34;20m INFO     [0m|[34;20m nipype.workflow  [0m|[34;20m [Node] Executing "_ds_report_stdev1" <mriqc.interfaces.DerivativesDataSink>[0m
2026-03-27 10:14:27 |[34;20m INFO     [0m|[34;20m nipype.workflow  [0m|[34;20m [Node] Finished "_ds_report_stdev1", elapsed time 0.00521s.[0m
2026-03-27 10:14:27 |[34;20m INFO     [0m|[34;20m nipype.workflow  [0m|[34;20m [Node] Setting-up "_ds_report_stdev2" in "/local/nvme/ds006193_24053.783955/ds/tmp/mriqc_wf/funcMRIQC/func_report_wf/fc72f369a689cbc02a52d801a73e788f6f9085c0/ds_report_stdev/mapflow/_ds_report_stdev2".[0m
2026-03-27 10:14:27 |[34;20m INFO     [0m|[34;20m nipype.workflow  [0m|[34;20m [Node] Executing "_ds_report_stdev2" <mriqc.interfaces.DerivativesDataSink>[0m
2026-03-27 10:14:27 |[34;20m INFO     [0m|[34;20m nipype.workflow  [0m|[34;20m [Node] Finished "_ds_report_stdev2", elapsed time 0.005211s.[0m
2026-03-27 10:14:28 |[34;20m INFO     [0m|[34;20m nipype.workflow  [0m|[34;20m [Node] Setting-up "_ds_report_stdev3" in "/local/nvme/ds006193_24053.783955/ds/tmp/mriqc_wf/funcMRIQC/func_report_wf/fc72f369a689cbc02a52d801a73e788f6f9085c0/ds_report_stdev/mapflow/_ds_report_stdev3".[0m
2026-03-27 10:14:28 |[34;20m INFO     [0m|[34;20m nipype.workflow  [0m|[34;20m [Node] Executing "_ds_report_stdev3" <mriqc.interfaces.DerivativesDataSink>[0m
2026-03-27 10:14:28 |[34;20m INFO     [0m|[34;20m nipype.workflow  [0m|[34;20m [Node] Finished "_ds_report_stdev3", elapsed time 0.005114s.[0m
2026-03-27 10:14:28 |[34;20m INFO     [0m|[34;20m nipype.workflow  [0m|[34;20m [Node] Setting-up "_ds_report_stdev4" in "/local/nvme/ds006193_24053.783955/ds/tmp/mriqc_wf/funcMRIQC/func_report_wf/fc72f369a689cbc02a52d801a73e788f6f9085c0/ds_report_stdev/mapflow/_ds_report_stdev4".[0m
2026-03-27 10:14:28 |[34;20m INFO     [0m|[34;20m nipype.workflow  [0m|[34;20m [Node] Executing "_ds_report_stdev4" <mriqc.interfaces.DerivativesDataSink>[0m
2026-03-27 10:14:28 |[34;20m INFO     [0m|[34;20m nipype.workflow  [0m|[34;20m [Node] Finished "_ds_report_stdev4", elapsed time 0.005102s.[0m
2026-03-27 10:14:28 |[34;20m INFO     [0m|[34;20m nipype.workflow  [0m|[34;20m [Node] Setting-up "_PlotMosaicNoise0" in "/local/nvme/ds006193_24053.783955/ds/tmp/mriqc_wf/funcMRIQC/func_report_wf/62325a652eefcadfe0b75061ecf8d7e5fac4daa0/PlotMosaicNoise/mapflow/_PlotMosaicNoise0".[0m
2026-03-27 10:14:28 |[34;20m INFO     [0m|[34;20m nipype.workflow  [0m|[34;20m [Node] Cached "_PlotMosaicNoise0" - collecting precomputed outputs[0m
2026-03-27 10:14:28 |[34;20m INFO     [0m|[34;20m nipype.workflow  [0m|[34;20m [Node] "_PlotMosaicNoise0" found cached.[0m
2026-03-27 10:14:28 |[34;20m INFO     [0m|[34;20m nipype.workflow  [0m|[34;20m [Node] Setting-up "_PlotMosaicNoise1" in "/local/nvme/ds006193_24053.783955/ds/tmp/mriqc_wf/funcMRIQC/func_report_wf/62325a652eefcadfe0b75061ecf8d7e5fac4daa0/PlotMosaicNoise/mapflow/_PlotMosaicNoise1".[0m
2026-03-27 10:14:28 |[34;20m INFO     [0m|[34;20m nipype.workflow  [0m|[34;20m [Node] Cached "_PlotMosaicNoise1" - collecting precomputed outputs[0m
2026-03-27 10:14:28 |[34;20m INFO     [0m|[34;20m nipype.workflow  [0m|[34;20m [Node] "_PlotMosaicNoise1" found cached.[0m
2026-03-27 10:14:28 |[34;20m INFO     [0m|[34;20m nipype.workflow  [0m|[34;20m [Node] Setting-up "_ds_report_mean0" in "/local/nvme/ds006193_24053.783955/ds/tmp/mriqc_wf/funcMRIQC/func_report_wf/fc72f369a689cbc02a52d801a73e788f6f9085c0/ds_report_mean/mapflow/_ds_report_mean0".[0m
2026-03-27 10:14:28 |[34;20m INFO     [0m|[34;20m nipype.workflow  [0m|[34;20m [Node] Setting-up "_PlotMosaicNoise2" in "/local/nvme/ds006193_24053.783955/ds/tmp/mriqc_wf/funcMRIQC/func_report_wf/62325a652eefcadfe0b75061ecf8d7e5fac4daa0/PlotMosaicNoise/mapflow/_PlotMosaicNoise2".[0m
2026-03-27 10:14:28 |[34;20m INFO     [0m|[34;20m nipype.workflow  [0m|[34;20m [Node] Cached "_PlotMosaicNoise2" - collecting precomputed outputs[0m
2026-03-27 10:14:28 |[34;20m INFO     [0m|[34;20m nipype.workflow  [0m|[34;20m [Node] "_PlotMosaicNoise2" found cached.[0m
2026-03-27 10:14:28 |[34;20m INFO     [0m|[34;20m nipype.workflow  [0m|[34;20m [Node] Setting-up "_PlotMosaicNoise3" in "/local/nvme/ds006193_24053.783955/ds/tmp/mriqc_wf/funcMRIQC/func_report_wf/62325a652eefcadfe0b75061ecf8d7e5fac4daa0/PlotMosaicNoise/mapflow/_PlotMosaicNoise3".[0m
2026-03-27 10:14:28 |[34;20m INFO     [0m|[34;20m nipype.workflow  [0m|[34;20m [Node] Cached "_PlotMosaicNoise3" - collecting precomputed outputs[0m
2026-03-27 10:14:28 |[34;20m INFO     [0m|[34;20m nipype.workflow  [0m|[34;20m [Node] "_PlotMosaicNoise3" found cached.[0m
2026-03-27 10:14:28 |[34;20m INFO     [0m|[34;20m nipype.workflow  [0m|[34;20m [Node] Executing "_ds_report_mean0" <mriqc.interfaces.DerivativesDataSink>[0m
2026-03-27 10:14:28 |[34;20m INFO     [0m|[34;20m nipype.workflow  [0m|[34;20m [Node] Setting-up "_PlotMosaicNoise4" in "/local/nvme/ds006193_24053.783955/ds/tmp/mriqc_wf/funcMRIQC/func_report_wf/62325a652eefcadfe0b75061ecf8d7e5fac4daa0/PlotMosaicNoise/mapflow/_PlotMosaicNoise4".[0m
2026-03-27 10:14:28 |[34;20m INFO     [0m|[34;20m nipype.workflow  [0m|[34;20m [Node] Cached "_PlotMosaicNoise4" - collecting precomputed outputs[0m
2026-03-27 10:14:28 |[34;20m INFO     [0m|[34;20m nipype.workflow  [0m|[34;20m [Node] "_PlotMosaicNoise4" found cached.[0m
2026-03-27 10:14:28 |[34;20m INFO     [0m|[34;20m nipype.workflow  [0m|[34;20m [Node] Finished "_ds_report_mean0", elapsed time 0.005126s.[0m
2026-03-27 10:14:28 |[34;20m INFO     [0m|[34;20m nipype.workflow  [0m|[34;20m [Node] Setting-up "_ds_report_mean1" in "/local/nvme/ds006193_24053.783955/ds/tmp/mriqc_wf/funcMRIQC/func_report_wf/fc72f369a689cbc02a52d801a73e788f6f9085c0/ds_report_mean/mapflow/_ds_report_mean1".[0m
2026-03-27 10:14:28 |[34;20m INFO     [0m|[34;20m nipype.workflow  [0m|[34;20m [Node] Executing "_ds_report_mean1" <mriqc.interfaces.DerivativesDataSink>[0m
2026-03-27 10:14:28 |[34;20m INFO     [0m|[34;20m nipype.workflow  [0m|[34;20m [Node] Finished "_ds_report_mean1", elapsed time 0.004467s.[0m
2026-03-27 10:14:28 |[34;20m INFO     [0m|[34;20m nipype.workflow  [0m|[34;20m [Node] Setting-up "_ds_report_mean2" in "/local/nvme/ds006193_24053.783955/ds/tmp/mriqc_wf/funcMRIQC/func_report_wf/fc72f369a689cbc02a52d801a73e788f6f9085c0/ds_report_mean/mapflow/_ds_report_mean2".[0m
2026-03-27 10:14:28 |[34;20m INFO     [0m|[34;20m nipype.workflow  [0m|[34;20m [Node] Executing "_ds_report_mean2" <mriqc.interfaces.DerivativesDataSink>[0m
2026-03-27 10:14:28 |[34;20m INFO     [0m|[34;20m nipype.workflow  [0m|[34;20m [Node] Finished "_ds_report_mean2", elapsed time 0.004346s.[0m
2026-03-27 10:14:28 |[34;20m INFO     [0m|[34;20m nipype.workflow  [0m|[34;20m [Node] Setting-up "_ds_report_mean3" in "/local/nvme/ds006193_24053.783955/ds/tmp/mriqc_wf/funcMRIQC/func_report_wf/fc72f369a689cbc02a52d801a73e788f6f9085c0/ds_report_mean/mapflow/_ds_report_mean3".[0m
2026-03-27 10:14:28 |[34;20m INFO     [0m|[34;20m nipype.workflow  [0m|[34;20m [Node] Executing "_ds_report_mean3" <mriqc.interfaces.DerivativesDataSink>[0m
2026-03-27 10:14:28 |[34;20m INFO     [0m|[34;20m nipype.workflow  [0m|[34;20m [Node] Finished "_ds_report_mean3", elapsed time 0.004324s.[0m
2026-03-27 10:14:28 |[34;20m INFO     [0m|[34;20m nipype.workflow  [0m|[34;20m [Node] Setting-up "_ds_report_mean4" in "/local/nvme/ds006193_24053.783955/ds/tmp/mriqc_wf/funcMRIQC/func_report_wf/fc72f369a689cbc02a52d801a73e788f6f9085c0/ds_report_mean/mapflow/_ds_report_mean4".[0m
2026-03-27 10:14:28 |[34;20m INFO     [0m|[34;20m nipype.workflow  [0m|[34;20m [Node] Executing "_ds_report_mean4" <mriqc.interfaces.DerivativesDataSink>[0m
2026-03-27 10:14:28 |[34;20m INFO     [0m|[34;20m nipype.workflow  [0m|[34;20m [Node] Finished "_ds_report_mean4", elapsed time 0.004456s.[0m
2026-03-27 10:14:28 |[34;20m INFO     [0m|[34;20m nipype.workflow  [0m|[34;20m [Node] Finished "_PlotMosaicSD4", elapsed time 2.097806s.[0m
2026-03-27 10:14:28 |[34;20m INFO     [0m|[34;20m nipype.workflow  [0m|[34;20m [Node] Setting-up "_ds_report_background0" in "/local/nvme/ds006193_24053.783955/ds/tmp/mriqc_wf/funcMRIQC/func_report_wf/fc72f369a689cbc02a52d801a73e788f6f9085c0/ds_report_background/mapflow/_ds_report_background0".[0m
2026-03-27 10:14:28 |[34;20m INFO     [0m|[34;20m nipype.workflow  [0m|[34;20m [Node] Executing "_ds_report_background0" <mriqc.interfaces.DerivativesDataSink>[0m
2026-03-27 10:14:28 |[34;20m INFO     [0m|[34;20m nipype.workflow  [0m|[34;20m [Node] Finished "_ds_report_background0", elapsed time 0.004621s.[0m
2026-03-27 10:14:28 |[34;20m INFO     [0m|[34;20m nipype.workflow  [0m|[34;20m [Node] Setting-up "_ds_report_background1" in "/local/nvme/ds006193_24053.783955/ds/tmp/mriqc_wf/funcMRIQC/func_report_wf/fc72f369a689cbc02a52d801a73e788f6f9085c0/ds_report_background/mapflow/_ds_report_background1".[0m
2026-03-27 10:14:28 |[34;20m INFO     [0m|[34;20m nipype.workflow  [0m|[34;20m [Node] Executing "_ds_report_background1" <mriqc.interfaces.DerivativesDataSink>[0m
2026-03-27 10:14:28 |[34;20m INFO     [0m|[34;20m nipype.workflow  [0m|[34;20m [Node] Finished "_ds_report_background1", elapsed time 0.004454s.[0m
2026-03-27 10:14:28 |[34;20m INFO     [0m|[34;20m nipype.workflow  [0m|[34;20m [Node] Setting-up "_ds_report_background2" in "/local/nvme/ds006193_24053.783955/ds/tmp/mriqc_wf/funcMRIQC/func_report_wf/fc72f369a689cbc02a52d801a73e788f6f9085c0/ds_report_background/mapflow/_ds_report_background2".[0m
2026-03-27 10:14:28 |[34;20m INFO     [0m|[34;20m nipype.workflow  [0m|[34;20m [Node] Executing "_ds_report_background2" <mriqc.interfaces.DerivativesDataSink>[0m
2026-03-27 10:14:28 |[34;20m INFO     [0m|[34;20m nipype.workflow  [0m|[34;20m [Node] Finished "_ds_report_background2", elapsed time 0.004365s.[0m
2026-03-27 10:14:28 |[34;20m INFO     [0m|[34;20m nipype.workflow  [0m|[34;20m [Node] Setting-up "_ds_report_background3" in "/local/nvme/ds006193_24053.783955/ds/tmp/mriqc_wf/funcMRIQC/func_report_wf/fc72f369a689cbc02a52d801a73e788f6f9085c0/ds_report_background/mapflow/_ds_report_background3".[0m
2026-03-27 10:14:28 |[34;20m INFO     [0m|[34;20m nipype.workflow  [0m|[34;20m [Node] Executing "_ds_report_background3" <mriqc.interfaces.DerivativesDataSink>[0m
2026-03-27 10:14:28 |[34;20m INFO     [0m|[34;20m nipype.workflow  [0m|[34;20m [Node] Finished "_ds_report_background3", elapsed time 0.004347s.[0m
2026-03-27 10:14:28 |[34;20m INFO     [0m|[34;20m nipype.workflow  [0m|[34;20m [Node] Setting-up "_ds_report_background4" in "/local/nvme/ds006193_24053.783955/ds/tmp/mriqc_wf/funcMRIQC/func_report_wf/fc72f369a689cbc02a52d801a73e788f6f9085c0/ds_report_background/mapflow/_ds_report_background4".[0m
2026-03-27 10:14:28 |[34;20m INFO     [0m|[34;20m nipype.workflow  [0m|[34;20m [Node] Executing "_ds_report_background4" <mriqc.interfaces.DerivativesDataSink>[0m
2026-03-27 10:14:28 |[34;20m INFO     [0m|[34;20m nipype.workflow  [0m|[34;20m [Node] Finished "_ds_report_background4", elapsed time 0.004431s.[0m
2026-03-27 10:14:28 |[34;20m INFO     [0m|[34;20m nipype.workflow  [0m|[34;20m [Node] Setting-up "_ds_report_stdev0" in "/local/nvme/ds006193_24053.783955/ds/tmp/mriqc_wf/funcMRIQC/func_report_wf/fc72f369a689cbc02a52d801a73e788f6f9085c0/ds_report_stdev/mapflow/_ds_report_stdev0".[0m
2026-03-27 10:14:28 |[34;20m INFO     [0m|[34;20m nipype.workflow  [0m|[34;20m [Node] Executing "_ds_report_stdev0" <mriqc.interfaces.DerivativesDataSink>[0m
2026-03-27 10:14:28 |[34;20m INFO     [0m|[34;20m nipype.workflow  [0m|[34;20m [Node] Finished "_ds_report_stdev0", elapsed time 0.004753s.[0m
2026-03-27 10:14:28 |[34;20m INFO     [0m|[34;20m nipype.workflow  [0m|[34;20m [Node] Setting-up "_ds_report_stdev1" in "/local/nvme/ds006193_24053.783955/ds/tmp/mriqc_wf/funcMRIQC/func_report_wf/fc72f369a689cbc02a52d801a73e788f6f9085c0/ds_report_stdev/mapflow/_ds_report_stdev1".[0m
2026-03-27 10:14:28 |[34;20m INFO     [0m|[34;20m nipype.workflow  [0m|[34;20m [Node] Executing "_ds_report_stdev1" <mriqc.interfaces.DerivativesDataSink>[0m
2026-03-27 10:14:28 |[34;20m INFO     [0m|[34;20m nipype.workflow  [0m|[34;20m [Node] Finished "_ds_report_stdev1", elapsed time 0.004531s.[0m
2026-03-27 10:14:28 |[34;20m INFO     [0m|[34;20m nipype.workflow  [0m|[34;20m [Node] Setting-up "_ds_report_stdev2" in "/local/nvme/ds006193_24053.783955/ds/tmp/mriqc_wf/funcMRIQC/func_report_wf/fc72f369a689cbc02a52d801a73e788f6f9085c0/ds_report_stdev/mapflow/_ds_report_stdev2".[0m
2026-03-27 10:14:28 |[34;20m INFO     [0m|[34;20m nipype.workflow  [0m|[34;20m [Node] Executing "_ds_report_stdev2" <mriqc.interfaces.DerivativesDataSink>[0m
2026-03-27 10:14:28 |[34;20m INFO     [0m|[34;20m nipype.workflow  [0m|[34;20m [Node] Finished "_ds_report_stdev2", elapsed time 0.004379s.[0m
2026-03-27 10:14:28 |[34;20m INFO     [0m|[34;20m nipype.workflow  [0m|[34;20m [Node] Setting-up "_ds_report_stdev3" in "/local/nvme/ds006193_24053.783955/ds/tmp/mriqc_wf/funcMRIQC/func_report_wf/fc72f369a689cbc02a52d801a73e788f6f9085c0/ds_report_stdev/mapflow/_ds_report_stdev3".[0m
2026-03-27 10:14:28 |[34;20m INFO     [0m|[34;20m nipype.workflow  [0m|[34;20m [Node] Executing "_ds_report_stdev3" <mriqc.interfaces.DerivativesDataSink>[0m
2026-03-27 10:14:28 |[34;20m INFO     [0m|[34;20m nipype.workflow  [0m|[34;20m [Node] Finished "_ds_report_stdev3", elapsed time 0.004401s.[0m
2026-03-27 10:14:28 |[34;20m INFO     [0m|[34;20m nipype.workflow  [0m|[34;20m [Node] Setting-up "_ds_report_stdev4" in "/local/nvme/ds006193_24053.783955/ds/tmp/mriqc_wf/funcMRIQC/func_report_wf/fc72f369a689cbc02a52d801a73e788f6f9085c0/ds_report_stdev/mapflow/_ds_report_stdev4".[0m
2026-03-27 10:14:28 |[34;20m INFO     [0m|[34;20m nipype.workflow  [0m|[34;20m [Node] Executing "_ds_report_stdev4" <mriqc.interfaces.DerivativesDataSink>[0m
2026-03-27 10:14:28 |[34;20m INFO     [0m|[34;20m nipype.workflow  [0m|[34;20m [Node] Finished "_ds_report_stdev4", elapsed time 0.004371s.[0m
2026-03-27 10:14:28 |[34;20m INFO     [0m|[34;20m nipype.workflow  [0m|[34;20m [Node] Setting-up "_ds_report_mean0" in "/local/nvme/ds006193_24053.783955/ds/tmp/mriqc_wf/funcMRIQC/func_report_wf/62325a652eefcadfe0b75061ecf8d7e5fac4daa0/ds_report_mean/mapflow/_ds_report_mean0".[0m
2026-03-27 10:14:28 |[34;20m INFO     [0m|[34;20m nipype.workflow  [0m|[34;20m [Node] Executing "_ds_report_mean0" <mriqc.interfaces.DerivativesDataSink>[0m
2026-03-27 10:14:28 |[34;20m INFO     [0m|[34;20m nipype.workflow  [0m|[34;20m [Node] Finished "_ds_report_mean0", elapsed time 0.00524s.[0m
2026-03-27 10:14:29 |[34;20m INFO     [0m|[34;20m nipype.workflow  [0m|[34;20m [Node] Setting-up "_ds_report_mean1" in "/local/nvme/ds006193_24053.783955/ds/tmp/mriqc_wf/funcMRIQC/func_report_wf/62325a652eefcadfe0b75061ecf8d7e5fac4daa0/ds_report_mean/mapflow/_ds_report_mean1".[0m
2026-03-27 10:14:29 |[34;20m INFO     [0m|[34;20m nipype.workflow  [0m|[34;20m [Node] Executing "_ds_report_mean1" <mriqc.interfaces.DerivativesDataSink>[0m
2026-03-27 10:14:29 |[34;20m INFO     [0m|[34;20m nipype.workflow  [0m|[34;20m [Node] Finished "_ds_report_mean1", elapsed time 0.005284s.[0m
2026-03-27 10:14:29 |[34;20m INFO     [0m|[34;20m nipype.workflow  [0m|[34;20m [Node] Setting-up "_ds_report_mean2" in "/local/nvme/ds006193_24053.783955/ds/tmp/mriqc_wf/funcMRIQC/func_report_wf/62325a652eefcadfe0b75061ecf8d7e5fac4daa0/ds_report_mean/mapflow/_ds_report_mean2".[0m
2026-03-27 10:14:29 |[34;20m INFO     [0m|[34;20m nipype.workflow  [0m|[34;20m [Node] Executing "_ds_report_mean2" <mriqc.interfaces.DerivativesDataSink>[0m
2026-03-27 10:14:29 |[34;20m INFO     [0m|[34;20m nipype.workflow  [0m|[34;20m [Node] Finished "_ds_report_mean2", elapsed time 0.005266s.[0m
2026-03-27 10:14:29 |[34;20m INFO     [0m|[34;20m nipype.workflow  [0m|[34;20m [Node] Setting-up "_ds_report_mean3" in "/local/nvme/ds006193_24053.783955/ds/tmp/mriqc_wf/funcMRIQC/func_report_wf/62325a652eefcadfe0b75061ecf8d7e5fac4daa0/ds_report_mean/mapflow/_ds_report_mean3".[0m
2026-03-27 10:14:29 |[34;20m INFO     [0m|[34;20m nipype.workflow  [0m|[34;20m [Node] Executing "_ds_report_mean3" <mriqc.interfaces.DerivativesDataSink>[0m
2026-03-27 10:14:29 |[34;20m INFO     [0m|[34;20m nipype.workflow  [0m|[34;20m [Node] Finished "_ds_report_mean3", elapsed time 0.005204s.[0m
2026-03-27 10:14:29 |[34;20m INFO     [0m|[34;20m nipype.workflow  [0m|[34;20m [Node] Setting-up "_ds_report_mean4" in "/local/nvme/ds006193_24053.783955/ds/tmp/mriqc_wf/funcMRIQC/func_report_wf/62325a652eefcadfe0b75061ecf8d7e5fac4daa0/ds_report_mean/mapflow/_ds_report_mean4".[0m
2026-03-27 10:14:29 |[34;20m INFO     [0m|[34;20m nipype.workflow  [0m|[34;20m [Node] Executing "_ds_report_mean4" <mriqc.interfaces.DerivativesDataSink>[0m
2026-03-27 10:14:29 |[34;20m INFO     [0m|[34;20m nipype.workflow  [0m|[34;20m [Node] Finished "_ds_report_mean4", elapsed time 0.005203s.[0m
2026-03-27 10:14:30 |[34;20m INFO     [0m|[34;20m nipype.workflow  [0m|[34;20m [Node] Setting-up "_PlotMosaicSD0" in "/local/nvme/ds006193_24053.783955/ds/tmp/mriqc_wf/funcMRIQC/func_report_wf/62325a652eefcadfe0b75061ecf8d7e5fac4daa0/PlotMosaicSD/mapflow/_PlotMosaicSD0".[0m
2026-03-27 10:14:30 |[34;20m INFO     [0m|[34;20m nipype.workflow  [0m|[34;20m [Node] Cached "_PlotMosaicSD0" - collecting precomputed outputs[0m
2026-03-27 10:14:30 |[34;20m INFO     [0m|[34;20m nipype.workflow  [0m|[34;20m [Node] "_PlotMosaicSD0" found cached.[0m
2026-03-27 10:14:30 |[34;20m INFO     [0m|[34;20m nipype.workflow  [0m|[34;20m [Node] Setting-up "_PlotMosaicSD1" in "/local/nvme/ds006193_24053.783955/ds/tmp/mriqc_wf/funcMRIQC/func_report_wf/62325a652eefcadfe0b75061ecf8d7e5fac4daa0/PlotMosaicSD/mapflow/_PlotMosaicSD1".[0m
2026-03-27 10:14:30 |[34;20m INFO     [0m|[34;20m nipype.workflow  [0m|[34;20m [Node] Setting-up "_ds_report_mean0" in "/local/nvme/ds006193_24053.783955/ds/tmp/mriqc_wf/funcMRIQC/func_report_wf/62325a652eefcadfe0b75061ecf8d7e5fac4daa0/ds_report_mean/mapflow/_ds_report_mean0".[0m
2026-03-27 10:14:30 |[34;20m INFO     [0m|[34;20m nipype.workflow  [0m|[34;20m [Node] Cached "_PlotMosaicSD1" - collecting precomputed outputs[0m
2026-03-27 10:14:30 |[34;20m INFO     [0m|[34;20m nipype.workflow  [0m|[34;20m [Node] "_PlotMosaicSD1" found cached.[0m
2026-03-27 10:14:30 |[34;20m INFO     [0m|[34;20m nipype.workflow  [0m|[34;20m [Node] Setting-up "_PlotMosaicSD2" in "/local/nvme/ds006193_24053.783955/ds/tmp/mriqc_wf/funcMRIQC/func_report_wf/62325a652eefcadfe0b75061ecf8d7e5fac4daa0/PlotMosaicSD/mapflow/_PlotMosaicSD2".[0m
2026-03-27 10:14:30 |[34;20m INFO     [0m|[34;20m nipype.workflow  [0m|[34;20m [Node] Cached "_PlotMosaicSD2" - collecting precomputed outputs[0m
2026-03-27 10:14:30 |[34;20m INFO     [0m|[34;20m nipype.workflow  [0m|[34;20m [Node] "_PlotMosaicSD2" found cached.[0m
2026-03-27 10:14:30 |[34;20m INFO     [0m|[34;20m nipype.workflow  [0m|[34;20m [Node] Setting-up "_PlotMosaicSD3" in "/local/nvme/ds006193_24053.783955/ds/tmp/mriqc_wf/funcMRIQC/func_report_wf/62325a652eefcadfe0b75061ecf8d7e5fac4daa0/PlotMosaicSD/mapflow/_PlotMosaicSD3".[0m
2026-03-27 10:14:30 |[34;20m INFO     [0m|[34;20m nipype.workflow  [0m|[34;20m [Node] Executing "_ds_report_mean0" <mriqc.interfaces.DerivativesDataSink>[0m
2026-03-27 10:14:30 |[34;20m INFO     [0m|[34;20m nipype.workflow  [0m|[34;20m [Node] Cached "_PlotMosaicSD3" - collecting precomputed outputs[0m
2026-03-27 10:14:30 |[34;20m INFO     [0m|[34;20m nipype.workflow  [0m|[34;20m [Node] "_PlotMosaicSD3" found cached.[0m
2026-03-27 10:14:30 |[34;20m INFO     [0m|[34;20m nipype.workflow  [0m|[34;20m [Node] Setting-up "_PlotMosaicSD4" in "/local/nvme/ds006193_24053.783955/ds/tmp/mriqc_wf/funcMRIQC/func_report_wf/62325a652eefcadfe0b75061ecf8d7e5fac4daa0/PlotMosaicSD/mapflow/_PlotMosaicSD4".[0m
2026-03-27 10:14:30 |[34;20m INFO     [0m|[34;20m nipype.workflow  [0m|[34;20m [Node] Cached "_PlotMosaicSD4" - collecting precomputed outputs[0m
2026-03-27 10:14:30 |[34;20m INFO     [0m|[34;20m nipype.workflow  [0m|[34;20m [Node] "_PlotMosaicSD4" found cached.[0m
2026-03-27 10:14:30 |[34;20m INFO     [0m|[34;20m nipype.workflow  [0m|[34;20m [Node] Finished "_ds_report_mean0", elapsed time 0.004819s.[0m
2026-03-27 10:14:30 |[34;20m INFO     [0m|[34;20m nipype.workflow  [0m|[34;20m [Node] Setting-up "_ds_report_mean1" in "/local/nvme/ds006193_24053.783955/ds/tmp/mriqc_wf/funcMRIQC/func_report_wf/62325a652eefcadfe0b75061ecf8d7e5fac4daa0/ds_report_mean/mapflow/_ds_report_mean1".[0m
2026-03-27 10:14:30 |[34;20m INFO     [0m|[34;20m nipype.workflow  [0m|[34;20m [Node] Executing "_ds_report_mean1" <mriqc.interfaces.DerivativesDataSink>[0m
2026-03-27 10:14:30 |[34;20m INFO     [0m|[34;20m nipype.workflow  [0m|[34;20m [Node] Finished "_ds_report_mean1", elapsed time 0.004542s.[0m
2026-03-27 10:14:30 |[34;20m INFO     [0m|[34;20m nipype.workflow  [0m|[34;20m [Node] Setting-up "_ds_report_mean2" in "/local/nvme/ds006193_24053.783955/ds/tmp/mriqc_wf/funcMRIQC/func_report_wf/62325a652eefcadfe0b75061ecf8d7e5fac4daa0/ds_report_mean/mapflow/_ds_report_mean2".[0m
2026-03-27 10:14:30 |[34;20m INFO     [0m|[34;20m nipype.workflow  [0m|[34;20m [Node] Executing "_ds_report_mean2" <mriqc.interfaces.DerivativesDataSink>[0m
2026-03-27 10:14:30 |[34;20m INFO     [0m|[34;20m nipype.workflow  [0m|[34;20m [Node] Finished "_ds_report_mean2", elapsed time 0.004443s.[0m
2026-03-27 10:14:30 |[34;20m INFO     [0m|[34;20m nipype.workflow  [0m|[34;20m [Node] Setting-up "_ds_report_mean3" in "/local/nvme/ds006193_24053.783955/ds/tmp/mriqc_wf/funcMRIQC/func_report_wf/62325a652eefcadfe0b75061ecf8d7e5fac4daa0/ds_report_mean/mapflow/_ds_report_mean3".[0m
2026-03-27 10:14:30 |[34;20m INFO     [0m|[34;20m nipype.workflow  [0m|[34;20m [Node] Executing "_ds_report_mean3" <mriqc.interfaces.DerivativesDataSink>[0m
2026-03-27 10:14:30 |[34;20m INFO     [0m|[34;20m nipype.workflow  [0m|[34;20m [Node] Finished "_ds_report_mean3", elapsed time 0.004467s.[0m
2026-03-27 10:14:30 |[34;20m INFO     [0m|[34;20m nipype.workflow  [0m|[34;20m [Node] Setting-up "_ds_report_mean4" in "/local/nvme/ds006193_24053.783955/ds/tmp/mriqc_wf/funcMRIQC/func_report_wf/62325a652eefcadfe0b75061ecf8d7e5fac4daa0/ds_report_mean/mapflow/_ds_report_mean4".[0m
2026-03-27 10:14:30 |[34;20m INFO     [0m|[34;20m nipype.workflow  [0m|[34;20m [Node] Executing "_ds_report_mean4" <mriqc.interfaces.DerivativesDataSink>[0m
2026-03-27 10:14:30 |[34;20m INFO     [0m|[34;20m nipype.workflow  [0m|[34;20m [Node] Finished "_ds_report_mean4", elapsed time 0.004377s.[0m
2026-03-27 10:14:32 |[34;20m INFO     [0m|[34;20m nipype.workflow  [0m|[34;20m [Node] Setting-up "mriqc_wf.funcMRIQC.synthstrip_wf.pre_n4" in "/local/nvme/ds006193_24053.783955/ds/tmp/mriqc_wf/funcMRIQC/synthstrip_wf/fc72f369a689cbc02a52d801a73e788f6f9085c0/pre_n4".[0m
2026-03-27 10:14:32 |[34;20m INFO     [0m|[34;20m nipype.workflow  [0m|[34;20m [Node] Executing "pre_n4" <nipype.interfaces.ants.segmentation.N4BiasFieldCorrection>[0m
2026-03-27 10:14:34 |[34;20m INFO     [0m|[34;20m nipype.workflow  [0m|[34;20m [Node] Finished "pre_n4", elapsed time 1.866776s.[0m
2026-03-27 10:14:36 |[34;20m INFO     [0m|[34;20m nipype.workflow  [0m|[34;20m [Node] Setting-up "mriqc_wf.funcMRIQC.synthstrip_wf.pre_n4" in "/local/nvme/ds006193_24053.783955/ds/tmp/mriqc_wf/funcMRIQC/synthstrip_wf/62325a652eefcadfe0b75061ecf8d7e5fac4daa0/pre_n4".[0m
2026-03-27 10:14:36 |[34;20m INFO     [0m|[34;20m nipype.workflow  [0m|[34;20m [Node] Executing "pre_n4" <nipype.interfaces.ants.segmentation.N4BiasFieldCorrection>[0m
2026-03-27 10:14:38 |[34;20m INFO     [0m|[34;20m nipype.workflow  [0m|[34;20m [Node] Finished "pre_n4", elapsed time 1.823217s.[0m
2026-03-27 10:14:40 |[34;20m INFO     [0m|[34;20m nipype.workflow  [0m|[34;20m [Node] Setting-up "mriqc_wf.funcMRIQC.synthstrip_wf.synthstrip" in "/local/nvme/ds006193_24053.783955/ds/tmp/mriqc_wf/funcMRIQC/synthstrip_wf/fc72f369a689cbc02a52d801a73e788f6f9085c0/synthstrip".[0m
2026-03-27 10:14:40 |[34;20m INFO     [0m|[34;20m nipype.workflow  [0m|[34;20m [Node] Executing "synthstrip" <mriqc.interfaces.synthstrip.SynthStrip>[0m
2026-03-27 10:14:56 |[34;20m INFO     [0m|[34;20m nipype.workflow  [0m|[34;20m [Node] Finished "synthstrip", elapsed time 15.552656s.[0m
2026-03-27 10:14:56 |[34;20m INFO     [0m|[34;20m nipype.workflow  [0m|[34;20m [Node] Setting-up "mriqc_wf.funcMRIQC.synthstrip_wf.synthstrip" in "/local/nvme/ds006193_24053.783955/ds/tmp/mriqc_wf/funcMRIQC/synthstrip_wf/62325a652eefcadfe0b75061ecf8d7e5fac4daa0/synthstrip".[0m
2026-03-27 10:14:56 |[34;20m INFO     [0m|[34;20m nipype.workflow  [0m|[34;20m [Node] Executing "synthstrip" <mriqc.interfaces.synthstrip.SynthStrip>[0m
2026-03-27 10:15:10 |[34;20m INFO     [0m|[34;20m nipype.workflow  [0m|[34;20m [Node] Finished "synthstrip", elapsed time 13.605268s.[0m
2026-03-27 10:15:10 |[34;20m INFO     [0m|[34;20m nipype.workflow  [0m|[34;20m [Node] Setting-up "mriqc_wf.funcMRIQC.synthstrip_wf.post_n4" in "/local/nvme/ds006193_24053.783955/ds/tmp/mriqc_wf/funcMRIQC/synthstrip_wf/fc72f369a689cbc02a52d801a73e788f6f9085c0/post_n4".[0m
2026-03-27 10:15:10 |[34;20m INFO     [0m|[34;20m nipype.workflow  [0m|[34;20m [Node] Executing "post_n4" <nipype.interfaces.ants.segmentation.N4BiasFieldCorrection>[0m
2026-03-27 10:15:12 |[34;20m INFO     [0m|[34;20m nipype.workflow  [0m|[34;20m [Node] Finished "post_n4", elapsed time 1.397577s.[0m
2026-03-27 10:15:12 |[34;20m INFO     [0m|[34;20m nipype.workflow  [0m|[34;20m [Node] Setting-up "mriqc_wf.funcMRIQC.SpatialNormalization.EPI2MNI" in "/local/nvme/ds006193_24053.783955/ds/tmp/mriqc_wf/funcMRIQC/SpatialNormalization/fc72f369a689cbc02a52d801a73e788f6f9085c0/EPI2MNI".[0m
2026-03-27 10:15:12 |[34;20m INFO     [0m|[34;20m nipype.workflow  [0m|[34;20m [Node] Executing "EPI2MNI" <niworkflows.interfaces.reportlets.registration.SpatialNormalizationRPT>[0m
2026-03-27 10:15:12 |[34;20m INFO     [0m|[34;20m niworkflows      [0m|[34;20m Estimating initial transform using AffineInitializer[0m
2026-03-27 10:15:17 |[34;20m INFO     [0m|[34;20m niworkflows      [0m|[34;20m Loading settings from file /opt/conda/lib/python3.11/site-packages/niworkflows/data/boldref-mni_registration_precise_000.json.[0m
2026-03-27 10:15:17 |[34;20m INFO     [0m|[34;20m niworkflows      [0m|[34;20m Retry #1, commandline: 
antsRegistration --collapse-output-transforms 1 --dimensionality 3 --float 0 --initial-moving-transform [ /local/nvme/ds006193_24053.783955/ds/tmp/mriqc_wf/funcMRIQC/SpatialNormalization/fc72f369a689cbc02a52d801a73e788f6f9085c0/EPI2MNI/transform.mat, 0 ] --initialize-transforms-per-stage 0 --interpolation LanczosWindowedSinc --output [ epi_to_mni, epi_to_mni_Warped.nii.gz ] --transform Rigid[ 0.05 ] --metric Mattes[ /templateflow/tpl-MNI152NLin2009cAsym/tpl-MNI152NLin2009cAsym_res-02_desc-fMRIPrep_boldref.nii.gz, /local/nvme/ds006193_24053.783955/ds/tmp/mriqc_wf/funcMRIQC/SpatialNormalization/fc72f369a689cbc02a52d801a73e788f6f9085c0/SharpenEPI/sub-24053_ses-1_task-bao_dir-AP_run-01_echo-1_part-mag_desc-realigned_bold_tstat_corrected.nii.gz, 1, 56, Regular, 0.25 ] --convergence [ 10000x1000x100, 1e-06, 20 ] --smoothing-sigmas 4.0x2.0x1.0vox --shrink-factors 4x2x1 --use-histogram-matching 1 --masks [ /templateflow/tpl-MNI152NLin2009cAsym/tpl-MNI152NLin2009cAsym_res-02_desc-brain_mask.nii.gz, /local/nvme/ds006193_24053.783955/ds/tmp/mriqc_wf/funcMRIQC/synthstrip_wf/fc72f369a689cbc02a52d801a73e788f6f9085c0/synthstrip/clipped_corrected_desc-brain_mask.nii.gz ] --transform Affine[ 0.08 ] --metric Mattes[ /templateflow/tpl-MNI152NLin2009cAsym/tpl-MNI152NLin2009cAsym_res-02_desc-fMRIPrep_boldref.nii.gz, /local/nvme/ds006193_24053.783955/ds/tmp/mriqc_wf/funcMRIQC/SpatialNormalization/fc72f369a689cbc02a52d801a73e788f6f9085c0/SharpenEPI/sub-24053_ses-1_task-bao_dir-AP_run-01_echo-1_part-mag_desc-realigned_bold_tstat_corrected.nii.gz, 1, 56, Regular, 0.25 ] --convergence [ 500x250x100, 1e-06, 20 ] --smoothing-sigmas 4.0x2.0x1.0vox --shrink-factors 8x4x2 --use-histogram-matching 1 --masks [ /templateflow/tpl-MNI152NLin2009cAsym/tpl-MNI152NLin2009cAsym_res-02_desc-brain_mask.nii.gz, /local/nvme/ds006193_24053.783955/ds/tmp/mriqc_wf/funcMRIQC/synthstrip_wf/fc72f369a689cbc02a52d801a73e788f6f9085c0/synthstrip/clipped_corrected_desc-brain_mask.nii.gz ] --transform SyN[ 0.1, 3.0, 0.0 ] --metric CC[ /templateflow/tpl-MNI152NLin2009cAsym/tpl-MNI152NLin2009cAsym_res-02_desc-fMRIPrep_boldref.nii.gz, /local/nvme/ds006193_24053.783955/ds/tmp/mriqc_wf/funcMRIQC/SpatialNormalization/fc72f369a689cbc02a52d801a73e788f6f9085c0/SharpenEPI/sub-24053_ses-1_task-bao_dir-AP_run-01_echo-1_part-mag_desc-realigned_bold_tstat_corrected.nii.gz, 1, 4, None, 1 ] --convergence [ 100x30x20, 1e-06, 10 ] --smoothing-sigmas 3.0x2.0x1.0vox --shrink-factors 8x4x2 --use-histogram-matching 1 --masks [ /templateflow/tpl-MNI152NLin2009cAsym/tpl-MNI152NLin2009cAsym_res-02_desc-brain_mask.nii.gz, /local/nvme/ds006193_24053.783955/ds/tmp/mriqc_wf/funcMRIQC/synthstrip_wf/fc72f369a689cbc02a52d801a73e788f6f9085c0/synthstrip/clipped_corrected_desc-brain_mask.nii.gz ] --winsorize-image-intensities [ 0.005, 0.995 ]  --write-composite-transform 1[0m
2026-03-27 10:15:28 |[34;20m INFO     [0m|[34;20m niworkflows      [0m|[34;20m Successful spatial normalization (retry #1).[0m
2026-03-27 10:15:28 |[34;20m INFO     [0m|[34;20m niworkflows      [0m|[34;20m Report - setting fixed (/templateflow/tpl-MNI152NLin2009cAsym/tpl-MNI152NLin2009cAsym_res-02_desc-fMRIPrep_boldref.nii.gz) and moving (/local/nvme/ds006193_24053.783955/ds/tmp/mriqc_wf/funcMRIQC/SpatialNormalization/fc72f369a689cbc02a52d801a73e788f6f9085c0/EPI2MNI/epi_to_mni_Warped.nii.gz) images[0m
2026-03-27 10:15:28 |[34;20m INFO     [0m|[34;20m niworkflows      [0m|[34;20m Generating visual report[0m
2026-03-27 10:15:43 |[34;20m INFO     [0m|[34;20m nipype.workflow  [0m|[34;20m [Node] Finished "EPI2MNI", elapsed time 31.369951s.[0m
2026-03-27 10:15:44 |[34;20m INFO     [0m|[34;20m nipype.workflow  [0m|[34;20m [Node] Setting-up "mriqc_wf.funcMRIQC.func_report_wf.ds_report_norm" in "/local/nvme/ds006193_24053.783955/ds/tmp/mriqc_wf/funcMRIQC/func_report_wf/fc72f369a689cbc02a52d801a73e788f6f9085c0/ds_report_norm".[0m
2026-03-27 10:15:44 |[34;20m INFO     [0m|[34;20m nipype.workflow  [0m|[34;20m [Node] Setting-up "mriqc_wf.funcMRIQC.func_report_wf.dilated_mask" in "/local/nvme/ds006193_24053.783955/ds/tmp/mriqc_wf/funcMRIQC/func_report_wf/fc72f369a689cbc02a52d801a73e788f6f9085c0/dilated_mask".[0m
2026-03-27 10:15:44 |[34;20m INFO     [0m|[34;20m nipype.workflow  [0m|[34;20m [Node] Setting-up "mriqc_wf.funcMRIQC.func_report_wf.PlotBrainmask" in "/local/nvme/ds006193_24053.783955/ds/tmp/mriqc_wf/funcMRIQC/func_report_wf/fc72f369a689cbc02a52d801a73e788f6f9085c0/PlotBrainmask".[0m
2026-03-27 10:15:44 |[34;20m INFO     [0m|[34;20m nipype.workflow  [0m|[34;20m [Node] Setting-up "mriqc_wf.funcMRIQC.func_report_wf.dilated_mask" in "/local/nvme/ds006193_24053.783955/ds/tmp/mriqc_wf/funcMRIQC/func_report_wf/62325a652eefcadfe0b75061ecf8d7e5fac4daa0/dilated_mask".[0m
2026-03-27 10:15:44 |[34;20m INFO     [0m|[34;20m nipype.workflow  [0m|[34;20m [Node] Setting-up "mriqc_wf.funcMRIQC.func_report_wf.PlotBrainmask" in "/local/nvme/ds006193_24053.783955/ds/tmp/mriqc_wf/funcMRIQC/func_report_wf/62325a652eefcadfe0b75061ecf8d7e5fac4daa0/PlotBrainmask".[0m
2026-03-27 10:15:44 |[34;20m INFO     [0m|[34;20m nipype.workflow  [0m|[34;20m [Node] Setting-up "mriqc_wf.funcMRIQC.synthstrip_wf.final_masked" in "/local/nvme/ds006193_24053.783955/ds/tmp/mriqc_wf/funcMRIQC/synthstrip_wf/fc72f369a689cbc02a52d801a73e788f6f9085c0/final_masked".[0m
2026-03-27 10:15:44 |[34;20m INFO     [0m|[34;20m nipype.workflow  [0m|[34;20m [Node] Setting-up "mriqc_wf.funcMRIQC.SpatialNormalization.ResampleSegmentation" in "/local/nvme/ds006193_24053.783955/ds/tmp/mriqc_wf/funcMRIQC/SpatialNormalization/fc72f369a689cbc02a52d801a73e788f6f9085c0/ResampleSegmentation".[0m
2026-03-27 10:15:44 |[34;20m INFO     [0m|[34;20m nipype.workflow  [0m|[34;20m [Node] Executing "dilated_mask" <niworkflows.interfaces.morphology.BinaryDilation>[0m
2026-03-27 10:15:44 |[34;20m INFO     [0m|[34;20m nipype.workflow  [0m|[34;20m [Node] Executing "PlotBrainmask" <nireports.interfaces.mosaic.PlotContours>[0m
2026-03-27 10:15:44 |[34;20m INFO     [0m|[34;20m nipype.workflow  [0m|[34;20m [Node] Executing "dilated_mask" <niworkflows.interfaces.morphology.BinaryDilation>[0m
2026-03-27 10:15:44 |[34;20m INFO     [0m|[34;20m nipype.workflow  [0m|[34;20m [Node] Executing "ds_report_norm" <mriqc.interfaces.DerivativesDataSink>[0m
2026-03-27 10:15:44 |[34;20m INFO     [0m|[34;20m nipype.workflow  [0m|[34;20m [Node] Executing "final_masked" <niworkflows.interfaces.nibabel.ApplyMask>[0m
2026-03-27 10:15:44 |[34;20m INFO     [0m|[34;20m nipype.workflow  [0m|[34;20m [Node] Executing "PlotBrainmask" <nireports.interfaces.mosaic.PlotContours>[0m
2026-03-27 10:15:44 |[34;20m INFO     [0m|[34;20m nipype.workflow  [0m|[34;20m [Node] Executing "ResampleSegmentation" <nipype.interfaces.ants.resampling.ApplyTransforms>[0m
2026-03-27 10:15:44 |[34;20m INFO     [0m|[34;20m nipype.workflow  [0m|[34;20m [Node] Finished "ds_report_norm", elapsed time 0.010446s.[0m
2026-03-27 10:15:44 |[34;20m INFO     [0m|[34;20m nipype.workflow  [0m|[34;20m [Node] Finished "dilated_mask", elapsed time 0.0402s.[0m
2026-03-27 10:15:44 |[34;20m INFO     [0m|[34;20m nipype.workflow  [0m|[34;20m [Node] Finished "dilated_mask", elapsed time 0.058871s.[0m
2026-03-27 10:15:44 |[34;20m INFO     [0m|[34;20m nipype.workflow  [0m|[34;20m [Node] Finished "final_masked", elapsed time 0.057644s.[0m
2026-03-27 10:15:44 |[34;20m INFO     [0m|[34;20m nipype.workflow  [0m|[34;20m [Node] Setting-up "_ds_report_background0" in "/local/nvme/ds006193_24053.783955/ds/tmp/mriqc_wf/funcMRIQC/func_report_wf/62325a652eefcadfe0b75061ecf8d7e5fac4daa0/ds_report_background/mapflow/_ds_report_background0".[0m
2026-03-27 10:15:44 |[34;20m INFO     [0m|[34;20m nipype.workflow  [0m|[34;20m [Node] Executing "_ds_report_background0" <mriqc.interfaces.DerivativesDataSink>[0m
2026-03-27 10:15:44 |[34;20m INFO     [0m|[34;20m nipype.workflow  [0m|[34;20m [Node] Finished "_ds_report_background0", elapsed time 0.005334s.[0m
2026-03-27 10:15:44 |[34;20m INFO     [0m|[34;20m nipype.workflow  [0m|[34;20m [Node] Setting-up "_ds_report_background1" in "/local/nvme/ds006193_24053.783955/ds/tmp/mriqc_wf/funcMRIQC/func_report_wf/62325a652eefcadfe0b75061ecf8d7e5fac4daa0/ds_report_background/mapflow/_ds_report_background1".[0m
2026-03-27 10:15:44 |[34;20m INFO     [0m|[34;20m nipype.workflow  [0m|[34;20m [Node] Executing "_ds_report_background1" <mriqc.interfaces.DerivativesDataSink>[0m
2026-03-27 10:15:44 |[34;20m INFO     [0m|[34;20m nipype.workflow  [0m|[34;20m [Node] Finished "_ds_report_background1", elapsed time 0.005294s.[0m
2026-03-27 10:15:44 |[34;20m INFO     [0m|[34;20m nipype.workflow  [0m|[34;20m [Node] Setting-up "_ds_report_background2" in "/local/nvme/ds006193_24053.783955/ds/tmp/mriqc_wf/funcMRIQC/func_report_wf/62325a652eefcadfe0b75061ecf8d7e5fac4daa0/ds_report_background/mapflow/_ds_report_background2".[0m
2026-03-27 10:15:44 |[34;20m INFO     [0m|[34;20m nipype.workflow  [0m|[34;20m [Node] Executing "_ds_report_background2" <mriqc.interfaces.DerivativesDataSink>[0m
2026-03-27 10:15:44 |[34;20m INFO     [0m|[34;20m nipype.workflow  [0m|[34;20m [Node] Finished "_ds_report_background2", elapsed time 0.005204s.[0m
2026-03-27 10:15:44 |[34;20m INFO     [0m|[34;20m nipype.workflow  [0m|[34;20m [Node] Setting-up "_ds_report_background3" in "/local/nvme/ds006193_24053.783955/ds/tmp/mriqc_wf/funcMRIQC/func_report_wf/62325a652eefcadfe0b75061ecf8d7e5fac4daa0/ds_report_background/mapflow/_ds_report_background3".[0m
2026-03-27 10:15:44 |[34;20m INFO     [0m|[34;20m nipype.workflow  [0m|[34;20m [Node] Executing "_ds_report_background3" <mriqc.interfaces.DerivativesDataSink>[0m
2026-03-27 10:15:44 |[34;20m INFO     [0m|[34;20m nipype.workflow  [0m|[34;20m [Node] Finished "_ds_report_background3", elapsed time 0.005094s.[0m
2026-03-27 10:15:45 |[34;20m INFO     [0m|[34;20m nipype.workflow  [0m|[34;20m [Node] Setting-up "_ds_report_background4" in "/local/nvme/ds006193_24053.783955/ds/tmp/mriqc_wf/funcMRIQC/func_report_wf/62325a652eefcadfe0b75061ecf8d7e5fac4daa0/ds_report_background/mapflow/_ds_report_background4".[0m
2026-03-27 10:15:45 |[34;20m INFO     [0m|[34;20m nipype.workflow  [0m|[34;20m [Node] Executing "_ds_report_background4" <mriqc.interfaces.DerivativesDataSink>[0m
2026-03-27 10:15:45 |[34;20m INFO     [0m|[34;20m nipype.workflow  [0m|[34;20m [Node] Finished "_ds_report_background4", elapsed time 0.00519s.[0m
2026-03-27 10:15:45 |[34;20m INFO     [0m|[34;20m nipype.workflow  [0m|[34;20m [Node] Setting-up "_ds_report_stdev0" in "/local/nvme/ds006193_24053.783955/ds/tmp/mriqc_wf/funcMRIQC/func_report_wf/62325a652eefcadfe0b75061ecf8d7e5fac4daa0/ds_report_stdev/mapflow/_ds_report_stdev0".[0m
2026-03-27 10:15:45 |[34;20m INFO     [0m|[34;20m nipype.workflow  [0m|[34;20m [Node] Executing "_ds_report_stdev0" <mriqc.interfaces.DerivativesDataSink>[0m
2026-03-27 10:15:45 |[34;20m INFO     [0m|[34;20m nipype.workflow  [0m|[34;20m [Node] Finished "_ds_report_stdev0", elapsed time 0.00513s.[0m
2026-03-27 10:15:45 |[34;20m INFO     [0m|[34;20m nipype.workflow  [0m|[34;20m [Node] Setting-up "_ds_report_stdev1" in "/local/nvme/ds006193_24053.783955/ds/tmp/mriqc_wf/funcMRIQC/func_report_wf/62325a652eefcadfe0b75061ecf8d7e5fac4daa0/ds_report_stdev/mapflow/_ds_report_stdev1".[0m
2026-03-27 10:15:45 |[34;20m INFO     [0m|[34;20m nipype.workflow  [0m|[34;20m [Node] Executing "_ds_report_stdev1" <mriqc.interfaces.DerivativesDataSink>[0m
2026-03-27 10:15:45 |[34;20m INFO     [0m|[34;20m nipype.workflow  [0m|[34;20m [Node] Finished "_ds_report_stdev1", elapsed time 0.005199s.[0m
2026-03-27 10:15:45 |[34;20m INFO     [0m|[34;20m nipype.workflow  [0m|[34;20m [Node] Setting-up "_ds_report_stdev2" in "/local/nvme/ds006193_24053.783955/ds/tmp/mriqc_wf/funcMRIQC/func_report_wf/62325a652eefcadfe0b75061ecf8d7e5fac4daa0/ds_report_stdev/mapflow/_ds_report_stdev2".[0m
2026-03-27 10:15:45 |[34;20m INFO     [0m|[34;20m nipype.workflow  [0m|[34;20m [Node] Executing "_ds_report_stdev2" <mriqc.interfaces.DerivativesDataSink>[0m
2026-03-27 10:15:45 |[34;20m INFO     [0m|[34;20m nipype.workflow  [0m|[34;20m [Node] Finished "_ds_report_stdev2", elapsed time 0.005052s.[0m
2026-03-27 10:15:45 |[34;20m INFO     [0m|[34;20m nipype.workflow  [0m|[34;20m [Node] Setting-up "_ds_report_stdev3" in "/local/nvme/ds006193_24053.783955/ds/tmp/mriqc_wf/funcMRIQC/func_report_wf/62325a652eefcadfe0b75061ecf8d7e5fac4daa0/ds_report_stdev/mapflow/_ds_report_stdev3".[0m
2026-03-27 10:15:45 |[34;20m INFO     [0m|[34;20m nipype.workflow  [0m|[34;20m [Node] Executing "_ds_report_stdev3" <mriqc.interfaces.DerivativesDataSink>[0m
2026-03-27 10:15:45 |[34;20m INFO     [0m|[34;20m nipype.workflow  [0m|[34;20m [Node] Finished "_ds_report_stdev3", elapsed time 0.005247s.[0m
2026-03-27 10:15:45 |[34;20m INFO     [0m|[34;20m nipype.workflow  [0m|[34;20m [Node] Setting-up "_ds_report_stdev4" in "/local/nvme/ds006193_24053.783955/ds/tmp/mriqc_wf/funcMRIQC/func_report_wf/62325a652eefcadfe0b75061ecf8d7e5fac4daa0/ds_report_stdev/mapflow/_ds_report_stdev4".[0m
2026-03-27 10:15:45 |[34;20m INFO     [0m|[34;20m nipype.workflow  [0m|[34;20m [Node] Executing "_ds_report_stdev4" <mriqc.interfaces.DerivativesDataSink>[0m
2026-03-27 10:15:45 |[34;20m INFO     [0m|[34;20m nipype.workflow  [0m|[34;20m [Node] Finished "PlotBrainmask", elapsed time 1.250197s.[0m
2026-03-27 10:15:45 |[34;20m INFO     [0m|[34;20m nipype.workflow  [0m|[34;20m [Node] Finished "_ds_report_stdev4", elapsed time 0.005715s.[0m
2026-03-27 10:15:45 |[34;20m INFO     [0m|[34;20m nipype.workflow  [0m|[34;20m [Node] Setting-up "_ComputeDVARS0" in "/local/nvme/ds006193_24053.783955/ds/tmp/mriqc_wf/funcMRIQC/ComputeIQMs/fc72f369a689cbc02a52d801a73e788f6f9085c0/ComputeDVARS/mapflow/_ComputeDVARS0".[0m
2026-03-27 10:15:45 |[34;20m INFO     [0m|[34;20m nipype.workflow  [0m|[34;20m [Node] Setting-up "_ComputeDVARS1" in "/local/nvme/ds006193_24053.783955/ds/tmp/mriqc_wf/funcMRIQC/ComputeIQMs/fc72f369a689cbc02a52d801a73e788f6f9085c0/ComputeDVARS/mapflow/_ComputeDVARS1".[0m
2026-03-27 10:15:45 |[34;20m INFO     [0m|[34;20m nipype.workflow  [0m|[34;20m [Node] Executing "_ComputeDVARS0" <nipype.algorithms.confounds.ComputeDVARS>[0m
2026-03-27 10:15:45 |[34;20m INFO     [0m|[34;20m nipype.workflow  [0m|[34;20m [Node] Executing "_ComputeDVARS1" <nipype.algorithms.confounds.ComputeDVARS>[0m
2026-03-27 10:15:45 |[34;20m INFO     [0m|[34;20m nipype.workflow  [0m|[34;20m [Node] Finished "PlotBrainmask", elapsed time 1.400499s.[0m
2026-03-27 10:15:46 |[34;20m INFO     [0m|[34;20m nipype.workflow  [0m|[34;20m [Node] Setting-up "_ds_report_background0" in "/local/nvme/ds006193_24053.783955/ds/tmp/mriqc_wf/funcMRIQC/func_report_wf/62325a652eefcadfe0b75061ecf8d7e5fac4daa0/ds_report_background/mapflow/_ds_report_background0".[0m
2026-03-27 10:15:46 |[34;20m INFO     [0m|[34;20m nipype.workflow  [0m|[34;20m [Node] Executing "_ds_report_background0" <mriqc.interfaces.DerivativesDataSink>[0m
2026-03-27 10:15:46 |[34;20m INFO     [0m|[34;20m nipype.workflow  [0m|[34;20m [Node] Finished "_ds_report_background0", elapsed time 0.004697s.[0m
2026-03-27 10:15:46 |[34;20m INFO     [0m|[34;20m nipype.workflow  [0m|[34;20m [Node] Setting-up "_ds_report_background1" in "/local/nvme/ds006193_24053.783955/ds/tmp/mriqc_wf/funcMRIQC/func_report_wf/62325a652eefcadfe0b75061ecf8d7e5fac4daa0/ds_report_background/mapflow/_ds_report_background1".[0m
2026-03-27 10:15:46 |[34;20m INFO     [0m|[34;20m nipype.workflow  [0m|[34;20m [Node] Executing "_ds_report_background1" <mriqc.interfaces.DerivativesDataSink>[0m
2026-03-27 10:15:46 |[34;20m INFO     [0m|[34;20m nipype.workflow  [0m|[34;20m [Node] Finished "_ds_report_background1", elapsed time 0.004396s.[0m
2026-03-27 10:15:46 |[34;20m INFO     [0m|[34;20m nipype.workflow  [0m|[34;20m [Node] Setting-up "_ds_report_background2" in "/local/nvme/ds006193_24053.783955/ds/tmp/mriqc_wf/funcMRIQC/func_report_wf/62325a652eefcadfe0b75061ecf8d7e5fac4daa0/ds_report_background/mapflow/_ds_report_background2".[0m
2026-03-27 10:15:46 |[34;20m INFO     [0m|[34;20m nipype.workflow  [0m|[34;20m [Node] Executing "_ds_report_background2" <mriqc.interfaces.DerivativesDataSink>[0m
2026-03-27 10:15:46 |[34;20m INFO     [0m|[34;20m nipype.workflow  [0m|[34;20m [Node] Finished "_ds_report_background2", elapsed time 0.004377s.[0m
2026-03-27 10:15:46 |[34;20m INFO     [0m|[34;20m nipype.workflow  [0m|[34;20m [Node] Setting-up "_ds_report_background3" in "/local/nvme/ds006193_24053.783955/ds/tmp/mriqc_wf/funcMRIQC/func_report_wf/62325a652eefcadfe0b75061ecf8d7e5fac4daa0/ds_report_background/mapflow/_ds_report_background3".[0m
2026-03-27 10:15:46 |[34;20m INFO     [0m|[34;20m nipype.workflow  [0m|[34;20m [Node] Executing "_ds_report_background3" <mriqc.interfaces.DerivativesDataSink>[0m
2026-03-27 10:15:46 |[34;20m INFO     [0m|[34;20m nipype.workflow  [0m|[34;20m [Node] Finished "_ds_report_background3", elapsed time 0.004346s.[0m
2026-03-27 10:15:46 |[34;20m INFO     [0m|[34;20m nipype.workflow  [0m|[34;20m [Node] Setting-up "_ds_report_background4" in "/local/nvme/ds006193_24053.783955/ds/tmp/mriqc_wf/funcMRIQC/func_report_wf/62325a652eefcadfe0b75061ecf8d7e5fac4daa0/ds_report_background/mapflow/_ds_report_background4".[0m
2026-03-27 10:15:46 |[34;20m INFO     [0m|[34;20m nipype.workflow  [0m|[34;20m [Node] Executing "_ds_report_background4" <mriqc.interfaces.DerivativesDataSink>[0m
2026-03-27 10:15:46 |[34;20m INFO     [0m|[34;20m nipype.workflow  [0m|[34;20m [Node] Finished "_ds_report_background4", elapsed time 0.004702s.[0m
2026-03-27 10:15:46 |[34;20m INFO     [0m|[34;20m nipype.workflow  [0m|[34;20m [Node] Setting-up "_ds_report_stdev0" in "/local/nvme/ds006193_24053.783955/ds/tmp/mriqc_wf/funcMRIQC/func_report_wf/62325a652eefcadfe0b75061ecf8d7e5fac4daa0/ds_report_stdev/mapflow/_ds_report_stdev0".[0m
2026-03-27 10:15:46 |[34;20m INFO     [0m|[34;20m nipype.workflow  [0m|[34;20m [Node] Executing "_ds_report_stdev0" <mriqc.interfaces.DerivativesDataSink>[0m
2026-03-27 10:15:46 |[34;20m INFO     [0m|[34;20m nipype.workflow  [0m|[34;20m [Node] Finished "_ds_report_stdev0", elapsed time 0.004719s.[0m
2026-03-27 10:15:46 |[34;20m INFO     [0m|[34;20m nipype.workflow  [0m|[34;20m [Node] Setting-up "_ds_report_stdev1" in "/local/nvme/ds006193_24053.783955/ds/tmp/mriqc_wf/funcMRIQC/func_report_wf/62325a652eefcadfe0b75061ecf8d7e5fac4daa0/ds_report_stdev/mapflow/_ds_report_stdev1".[0m
2026-03-27 10:15:46 |[34;20m INFO     [0m|[34;20m nipype.workflow  [0m|[34;20m [Node] Executing "_ds_report_stdev1" <mriqc.interfaces.DerivativesDataSink>[0m
2026-03-27 10:15:46 |[34;20m INFO     [0m|[34;20m nipype.workflow  [0m|[34;20m [Node] Finished "_ds_report_stdev1", elapsed time 0.004421s.[0m
2026-03-27 10:15:46 |[34;20m INFO     [0m|[34;20m nipype.workflow  [0m|[34;20m [Node] Setting-up "_ds_report_stdev2" in "/local/nvme/ds006193_24053.783955/ds/tmp/mriqc_wf/funcMRIQC/func_report_wf/62325a652eefcadfe0b75061ecf8d7e5fac4daa0/ds_report_stdev/mapflow/_ds_report_stdev2".[0m
2026-03-27 10:15:46 |[34;20m INFO     [0m|[34;20m nipype.workflow  [0m|[34;20m [Node] Executing "_ds_report_stdev2" <mriqc.interfaces.DerivativesDataSink>[0m
2026-03-27 10:15:46 |[34;20m INFO     [0m|[34;20m nipype.workflow  [0m|[34;20m [Node] Finished "_ds_report_stdev2", elapsed time 0.004374s.[0m
2026-03-27 10:15:46 |[34;20m INFO     [0m|[34;20m nipype.workflow  [0m|[34;20m [Node] Setting-up "_ds_report_stdev3" in "/local/nvme/ds006193_24053.783955/ds/tmp/mriqc_wf/funcMRIQC/func_report_wf/62325a652eefcadfe0b75061ecf8d7e5fac4daa0/ds_report_stdev/mapflow/_ds_report_stdev3".[0m
2026-03-27 10:15:46 |[34;20m INFO     [0m|[34;20m nipype.workflow  [0m|[34;20m [Node] Executing "_ds_report_stdev3" <mriqc.interfaces.DerivativesDataSink>[0m
2026-03-27 10:15:46 |[34;20m INFO     [0m|[34;20m nipype.workflow  [0m|[34;20m [Node] Finished "_ds_report_stdev3", elapsed time 0.004511s.[0m
2026-03-27 10:15:46 |[34;20m INFO     [0m|[34;20m nipype.workflow  [0m|[34;20m [Node] Setting-up "_ds_report_stdev4" in "/local/nvme/ds006193_24053.783955/ds/tmp/mriqc_wf/funcMRIQC/func_report_wf/62325a652eefcadfe0b75061ecf8d7e5fac4daa0/ds_report_stdev/mapflow/_ds_report_stdev4".[0m
2026-03-27 10:15:46 |[34;20m INFO     [0m|[34;20m nipype.workflow  [0m|[34;20m [Node] Executing "_ds_report_stdev4" <mriqc.interfaces.DerivativesDataSink>[0m
2026-03-27 10:15:46 |[34;20m INFO     [0m|[34;20m nipype.workflow  [0m|[34;20m [Node] Finished "_ds_report_stdev4", elapsed time 0.004288s.[0m
2026-03-27 10:15:46 |[34;20m INFO     [0m|[34;20m nipype.workflow  [0m|[34;20m [Node] Setting-up "mriqc_wf.funcMRIQC.func_report_wf.ds_report_bmask" in "/local/nvme/ds006193_24053.783955/ds/tmp/mriqc_wf/funcMRIQC/func_report_wf/fc72f369a689cbc02a52d801a73e788f6f9085c0/ds_report_bmask".[0m
2026-03-27 10:15:46 |[34;20m INFO     [0m|[34;20m nipype.workflow  [0m|[34;20m [Node] Setting-up "mriqc_wf.funcMRIQC.func_report_wf.subtract_mask" in "/local/nvme/ds006193_24053.783955/ds/tmp/mriqc_wf/funcMRIQC/func_report_wf/fc72f369a689cbc02a52d801a73e788f6f9085c0/subtract_mask".[0m
2026-03-27 10:15:46 |[34;20m INFO     [0m|[34;20m nipype.workflow  [0m|[34;20m [Node] Executing "subtract_mask" <niworkflows.interfaces.morphology.BinarySubtraction>[0m
2026-03-27 10:15:46 |[34;20m INFO     [0m|[34;20m nipype.workflow  [0m|[34;20m [Node] Executing "ds_report_bmask" <mriqc.interfaces.DerivativesDataSink>[0m
2026-03-27 10:15:46 |[34;20m INFO     [0m|[34;20m nipype.workflow  [0m|[34;20m [Node] Finished "ds_report_bmask", elapsed time 0.010112s.[0m
2026-03-27 10:15:46 |[34;20m INFO     [0m|[34;20m nipype.workflow  [0m|[34;20m [Node] Finished "subtract_mask", elapsed time 0.018884s.[0m
2026-03-27 10:15:46 |[34;20m INFO     [0m|[34;20m nipype.workflow  [0m|[34;20m [Node] Setting-up "mriqc_wf.funcMRIQC.func_report_wf.ds_report_bmask" in "/local/nvme/ds006193_24053.783955/ds/tmp/mriqc_wf/funcMRIQC/func_report_wf/62325a652eefcadfe0b75061ecf8d7e5fac4daa0/ds_report_bmask".[0m
2026-03-27 10:15:46 |[34;20m INFO     [0m|[34;20m nipype.workflow  [0m|[34;20m [Node] Setting-up "mriqc_wf.funcMRIQC.func_report_wf.subtract_mask" in "/local/nvme/ds006193_24053.783955/ds/tmp/mriqc_wf/funcMRIQC/func_report_wf/62325a652eefcadfe0b75061ecf8d7e5fac4daa0/subtract_mask".[0m
2026-03-27 10:15:46 |[34;20m INFO     [0m|[34;20m nipype.workflow  [0m|[34;20m [Node] Executing "subtract_mask" <niworkflows.interfaces.morphology.BinarySubtraction>[0m
2026-03-27 10:15:46 |[34;20m INFO     [0m|[34;20m nipype.workflow  [0m|[34;20m [Node] Executing "ds_report_bmask" <mriqc.interfaces.DerivativesDataSink>[0m
2026-03-27 10:15:46 |[34;20m INFO     [0m|[34;20m nipype.workflow  [0m|[34;20m [Node] Finished "ds_report_bmask", elapsed time 0.009853s.[0m
2026-03-27 10:15:46 |[34;20m INFO     [0m|[34;20m nipype.workflow  [0m|[34;20m [Node] Finished "subtract_mask", elapsed time 0.018281s.[0m
2026-03-27 10:15:47 |[34;20m INFO     [0m|[34;20m nipype.workflow  [0m|[34;20m [Node] Setting-up "_ComputeDVARS2" in "/local/nvme/ds006193_24053.783955/ds/tmp/mriqc_wf/funcMRIQC/ComputeIQMs/fc72f369a689cbc02a52d801a73e788f6f9085c0/ComputeDVARS/mapflow/_ComputeDVARS2".[0m
2026-03-27 10:15:47 |[34;20m INFO     [0m|[34;20m nipype.workflow  [0m|[34;20m [Node] Setting-up "_ComputeDVARS3" in "/local/nvme/ds006193_24053.783955/ds/tmp/mriqc_wf/funcMRIQC/ComputeIQMs/fc72f369a689cbc02a52d801a73e788f6f9085c0/ComputeDVARS/mapflow/_ComputeDVARS3".[0m
2026-03-27 10:15:47 |[34;20m INFO     [0m|[34;20m nipype.workflow  [0m|[34;20m [Node] Setting-up "_ComputeDVARS4" in "/local/nvme/ds006193_24053.783955/ds/tmp/mriqc_wf/funcMRIQC/ComputeIQMs/fc72f369a689cbc02a52d801a73e788f6f9085c0/ComputeDVARS/mapflow/_ComputeDVARS4".[0m
2026-03-27 10:15:47 |[34;20m INFO     [0m|[34;20m nipype.workflow  [0m|[34;20m [Node] Executing "_ComputeDVARS3" <nipype.algorithms.confounds.ComputeDVARS>[0m
2026-03-27 10:15:47 |[34;20m INFO     [0m|[34;20m nipype.workflow  [0m|[34;20m [Node] Executing "_ComputeDVARS4" <nipype.algorithms.confounds.ComputeDVARS>[0m
2026-03-27 10:15:47 |[34;20m INFO     [0m|[34;20m nipype.workflow  [0m|[34;20m [Node] Executing "_ComputeDVARS2" <nipype.algorithms.confounds.ComputeDVARS>[0m
2026-03-27 10:15:48 |[34;20m INFO     [0m|[34;20m nipype.workflow  [0m|[34;20m [Node] Setting-up "_smoothness0" in "/local/nvme/ds006193_24053.783955/ds/tmp/mriqc_wf/funcMRIQC/ComputeIQMs/fc72f369a689cbc02a52d801a73e788f6f9085c0/smoothness/mapflow/_smoothness0".[0m
2026-03-27 10:15:48 |[34;20m INFO     [0m|[34;20m nipype.workflow  [0m|[34;20m [Node] Setting-up "_smoothness1" in "/local/nvme/ds006193_24053.783955/ds/tmp/mriqc_wf/funcMRIQC/ComputeIQMs/fc72f369a689cbc02a52d801a73e788f6f9085c0/smoothness/mapflow/_smoothness1".[0m
2026-03-27 10:15:48 |[34;20m INFO     [0m|[34;20m nipype.workflow  [0m|[34;20m [Node] Executing "_smoothness1" <nipype.interfaces.afni.utils.FWHMx>[0m
2026-03-27 10:15:48 |[34;20m INFO     [0m|[34;20m nipype.workflow  [0m|[34;20m [Node] Executing "_smoothness0" <nipype.interfaces.afni.utils.FWHMx>[0m
2026-03-27 10:15:49 |[34;20m INFO     [0m|[34;20m nipype.workflow  [0m|[34;20m [Node] Finished "_smoothness0", elapsed time 0.887363s.[0m
2026-03-27 10:15:49 |[34;20m INFO     [0m|[34;20m nipype.workflow  [0m|[34;20m [Node] Finished "_smoothness1", elapsed time 1.178329s.[0m
2026-03-27 10:15:49 |[34;20m INFO     [0m|[34;20m nipype.workflow  [0m|[34;20m [Node] Finished "ResampleSegmentation", elapsed time 5.192954s.[0m
2026-03-27 10:15:50 |[34;20m INFO     [0m|[34;20m nipype.workflow  [0m|[34;20m [Node] Setting-up "mriqc_wf.funcMRIQC.func_report_wf.parcels" in "/local/nvme/ds006193_24053.783955/ds/tmp/mriqc_wf/funcMRIQC/func_report_wf/fc72f369a689cbc02a52d801a73e788f6f9085c0/parcels".[0m
2026-03-27 10:15:50 |[34;20m INFO     [0m|[34;20m nipype.workflow  [0m|[34;20m [Node] Setting-up "_smoothness2" in "/local/nvme/ds006193_24053.783955/ds/tmp/mriqc_wf/funcMRIQC/ComputeIQMs/fc72f369a689cbc02a52d801a73e788f6f9085c0/smoothness/mapflow/_smoothness2".[0m
2026-03-27 10:15:50 |[34;20m INFO     [0m|[34;20m nipype.workflow  [0m|[34;20m [Node] Setting-up "_smoothness3" in "/local/nvme/ds006193_24053.783955/ds/tmp/mriqc_wf/funcMRIQC/ComputeIQMs/fc72f369a689cbc02a52d801a73e788f6f9085c0/smoothness/mapflow/_smoothness3".[0m
2026-03-27 10:15:50 |[34;20m INFO     [0m|[34;20m nipype.workflow  [0m|[34;20m [Node] Executing "_smoothness2" <nipype.interfaces.afni.utils.FWHMx>[0m
2026-03-27 10:15:50 |[34;20m INFO     [0m|[34;20m nipype.workflow  [0m|[34;20m [Node] Executing "parcels" <nipype.interfaces.utility.wrappers.Function>[0m
2026-03-27 10:15:50 |[34;20m INFO     [0m|[34;20m nipype.workflow  [0m|[34;20m [Node] Executing "_smoothness3" <nipype.interfaces.afni.utils.FWHMx>[0m
2026-03-27 10:15:50 |[34;20m INFO     [0m|[34;20m nipype.workflow  [0m|[34;20m [Node] Finished "parcels", elapsed time 0.058263s.[0m
2026-03-27 10:15:51 |[34;20m INFO     [0m|[34;20m nipype.workflow  [0m|[34;20m [Node] Finished "_smoothness3", elapsed time 0.709333s.[0m
2026-03-27 10:15:51 |[34;20m INFO     [0m|[34;20m nipype.workflow  [0m|[34;20m [Node] Finished "_smoothness2", elapsed time 0.916691s.[0m
2026-03-27 10:15:52 |[34;20m INFO     [0m|[34;20m nipype.workflow  [0m|[34;20m [Node] Setting-up "_smoothness4" in "/local/nvme/ds006193_24053.783955/ds/tmp/mriqc_wf/funcMRIQC/ComputeIQMs/fc72f369a689cbc02a52d801a73e788f6f9085c0/smoothness/mapflow/_smoothness4".[0m
2026-03-27 10:15:52 |[34;20m INFO     [0m|[34;20m nipype.workflow  [0m|[34;20m [Node] Setting-up "_outliers0" in "/local/nvme/ds006193_24053.783955/ds/tmp/mriqc_wf/funcMRIQC/ComputeIQMs/fc72f369a689cbc02a52d801a73e788f6f9085c0/outliers/mapflow/_outliers0".[0m
2026-03-27 10:15:52 |[34;20m INFO     [0m|[34;20m nipype.workflow  [0m|[34;20m [Node] Setting-up "_outliers1" in "/local/nvme/ds006193_24053.783955/ds/tmp/mriqc_wf/funcMRIQC/ComputeIQMs/fc72f369a689cbc02a52d801a73e788f6f9085c0/outliers/mapflow/_outliers1".[0m
2026-03-27 10:15:52 |[34;20m INFO     [0m|[34;20m nipype.workflow  [0m|[34;20m [Node] Executing "_outliers0" <nipype.interfaces.afni.preprocess.OutlierCount>[0m
2026-03-27 10:15:52 |[34;20m INFO     [0m|[34;20m nipype.workflow  [0m|[34;20m [Node] Executing "_smoothness4" <nipype.interfaces.afni.utils.FWHMx>[0m
2026-03-27 10:15:52 |[34;20m INFO     [0m|[34;20m nipype.workflow  [0m|[34;20m [Node] Executing "_outliers1" <nipype.interfaces.afni.preprocess.OutlierCount>[0m
2026-03-27 10:15:53 |[34;20m INFO     [0m|[34;20m nipype.workflow  [0m|[34;20m [Node] Finished "_smoothness4", elapsed time 0.851121s.[0m
2026-03-27 10:15:54 |[34;20m INFO     [0m|[34;20m nipype.workflow  [0m|[34;20m [Node] Setting-up "_smoothness0" in "/local/nvme/ds006193_24053.783955/ds/tmp/mriqc_wf/funcMRIQC/ComputeIQMs/fc72f369a689cbc02a52d801a73e788f6f9085c0/smoothness/mapflow/_smoothness0".[0m
2026-03-27 10:15:54 |[34;20m INFO     [0m|[34;20m nipype.workflow  [0m|[34;20m [Node] Cached "_smoothness0" - collecting precomputed outputs[0m
2026-03-27 10:15:54 |[34;20m INFO     [0m|[34;20m nipype.workflow  [0m|[34;20m [Node] "_smoothness0" found cached.[0m
2026-03-27 10:15:54 |[34;20m INFO     [0m|[34;20m nipype.workflow  [0m|[34;20m [Node] Setting-up "_smoothness1" in "/local/nvme/ds006193_24053.783955/ds/tmp/mriqc_wf/funcMRIQC/ComputeIQMs/fc72f369a689cbc02a52d801a73e788f6f9085c0/smoothness/mapflow/_smoothness1".[0m
2026-03-27 10:15:54 |[34;20m INFO     [0m|[34;20m nipype.workflow  [0m|[34;20m [Node] Cached "_smoothness1" - collecting precomputed outputs[0m
2026-03-27 10:15:54 |[34;20m INFO     [0m|[34;20m nipype.workflow  [0m|[34;20m [Node] "_smoothness1" found cached.[0m
2026-03-27 10:15:54 |[34;20m INFO     [0m|[34;20m nipype.workflow  [0m|[34;20m [Node] Setting-up "_smoothness2" in "/local/nvme/ds006193_24053.783955/ds/tmp/mriqc_wf/funcMRIQC/ComputeIQMs/fc72f369a689cbc02a52d801a73e788f6f9085c0/smoothness/mapflow/_smoothness2".[0m
2026-03-27 10:15:54 |[34;20m INFO     [0m|[34;20m nipype.workflow  [0m|[34;20m [Node] Cached "_smoothness2" - collecting precomputed outputs[0m
2026-03-27 10:15:54 |[34;20m INFO     [0m|[34;20m nipype.workflow  [0m|[34;20m [Node] "_smoothness2" found cached.[0m
2026-03-27 10:15:54 |[34;20m INFO     [0m|[34;20m nipype.workflow  [0m|[34;20m [Node] Setting-up "_smoothness3" in "/local/nvme/ds006193_24053.783955/ds/tmp/mriqc_wf/funcMRIQC/ComputeIQMs/fc72f369a689cbc02a52d801a73e788f6f9085c0/smoothness/mapflow/_smoothness3".[0m
2026-03-27 10:15:54 |[34;20m INFO     [0m|[34;20m nipype.workflow  [0m|[34;20m [Node] Cached "_smoothness3" - collecting precomputed outputs[0m
2026-03-27 10:15:54 |[34;20m INFO     [0m|[34;20m nipype.workflow  [0m|[34;20m [Node] "_smoothness3" found cached.[0m
2026-03-27 10:15:54 |[34;20m INFO     [0m|[34;20m nipype.workflow  [0m|[34;20m [Node] Setting-up "_smoothness4" in "/local/nvme/ds006193_24053.783955/ds/tmp/mriqc_wf/funcMRIQC/ComputeIQMs/fc72f369a689cbc02a52d801a73e788f6f9085c0/smoothness/mapflow/_smoothness4".[0m
2026-03-27 10:15:54 |[34;20m INFO     [0m|[34;20m nipype.workflow  [0m|[34;20m [Node] Cached "_smoothness4" - collecting precomputed outputs[0m
2026-03-27 10:15:54 |[34;20m INFO     [0m|[34;20m nipype.workflow  [0m|[34;20m [Node] "_smoothness4" found cached.[0m
2026-03-27 10:15:56 |[34;20m INFO     [0m|[34;20m nipype.workflow  [0m|[34;20m [Node] Setting-up "_outliers2" in "/local/nvme/ds006193_24053.783955/ds/tmp/mriqc_wf/funcMRIQC/ComputeIQMs/fc72f369a689cbc02a52d801a73e788f6f9085c0/outliers/mapflow/_outliers2".[0m
2026-03-27 10:15:56 |[34;20m INFO     [0m|[34;20m nipype.workflow  [0m|[34;20m [Node] Executing "_outliers2" <nipype.interfaces.afni.preprocess.OutlierCount>[0m
2026-03-27 10:15:59 |[34;20m INFO     [0m|[34;20m nipype.workflow  [0m|[34;20m [Node] Finished "_outliers0", elapsed time 6.589884s.[0m
2026-03-27 10:15:59 |[34;20m INFO     [0m|[34;20m nipype.workflow  [0m|[34;20m [Node] Finished "_outliers1", elapsed time 6.994736s.[0m
2026-03-27 10:16:00 |[34;20m INFO     [0m|[34;20m nipype.workflow  [0m|[34;20m [Node] Setting-up "_outliers3" in "/local/nvme/ds006193_24053.783955/ds/tmp/mriqc_wf/funcMRIQC/ComputeIQMs/fc72f369a689cbc02a52d801a73e788f6f9085c0/outliers/mapflow/_outliers3".[0m
2026-03-27 10:16:00 |[34;20m INFO     [0m|[34;20m nipype.workflow  [0m|[34;20m [Node] Setting-up "_outliers4" in "/local/nvme/ds006193_24053.783955/ds/tmp/mriqc_wf/funcMRIQC/ComputeIQMs/fc72f369a689cbc02a52d801a73e788f6f9085c0/outliers/mapflow/_outliers4".[0m
2026-03-27 10:16:00 |[34;20m INFO     [0m|[34;20m nipype.workflow  [0m|[34;20m [Node] Executing "_outliers3" <nipype.interfaces.afni.preprocess.OutlierCount>[0m
2026-03-27 10:16:00 |[34;20m INFO     [0m|[34;20m nipype.workflow  [0m|[34;20m [Node] Executing "_outliers4" <nipype.interfaces.afni.preprocess.OutlierCount>[0m
2026-03-27 10:16:03 |[34;20m INFO     [0m|[34;20m nipype.workflow  [0m|[34;20m [Node] Finished "_outliers2", elapsed time 6.582618s.[0m
2026-03-27 10:16:04 |[34;20m INFO     [0m|[34;20m nipype.workflow  [0m|[34;20m [Node] Setting-up "_gcor0" in "/local/nvme/ds006193_24053.783955/ds/tmp/mriqc_wf/funcMRIQC/ComputeIQMs/fc72f369a689cbc02a52d801a73e788f6f9085c0/gcor/mapflow/_gcor0".[0m
2026-03-27 10:16:04 |[34;20m INFO     [0m|[34;20m nipype.workflow  [0m|[34;20m [Node] Executing "_gcor0" <mriqc.interfaces.transitional.GCOR>[0m
2026-03-27 10:16:07 |[34;20m INFO     [0m|[34;20m nipype.workflow  [0m|[34;20m [Node] Finished "_outliers3", elapsed time 6.580022s.[0m
2026-03-27 10:16:07 |[34;20m INFO     [0m|[34;20m nipype.workflow  [0m|[34;20m [Node] Finished "_outliers4", elapsed time 6.590015s.[0m
2026-03-27 10:16:08 |[34;20m INFO     [0m|[34;20m nipype.workflow  [0m|[34;20m [Node] Setting-up "_gcor1" in "/local/nvme/ds006193_24053.783955/ds/tmp/mriqc_wf/funcMRIQC/ComputeIQMs/fc72f369a689cbc02a52d801a73e788f6f9085c0/gcor/mapflow/_gcor1".[0m
2026-03-27 10:16:08 |[34;20m INFO     [0m|[34;20m nipype.workflow  [0m|[34;20m [Node] Executing "_gcor1" <mriqc.interfaces.transitional.GCOR>[0m
2026-03-27 10:16:08 |[34;20m INFO     [0m|[34;20m nipype.workflow  [0m|[34;20m [Node] Setting-up "_outliers0" in "/local/nvme/ds006193_24053.783955/ds/tmp/mriqc_wf/funcMRIQC/ComputeIQMs/fc72f369a689cbc02a52d801a73e788f6f9085c0/outliers/mapflow/_outliers0".[0m
2026-03-27 10:16:08 |[34;20m INFO     [0m|[34;20m nipype.workflow  [0m|[34;20m [Node] Cached "_outliers0" - collecting precomputed outputs[0m
2026-03-27 10:16:08 |[34;20m INFO     [0m|[34;20m nipype.workflow  [0m|[34;20m [Node] "_outliers0" found cached.[0m
2026-03-27 10:16:08 |[34;20m INFO     [0m|[34;20m nipype.workflow  [0m|[34;20m [Node] Setting-up "_outliers1" in "/local/nvme/ds006193_24053.783955/ds/tmp/mriqc_wf/funcMRIQC/ComputeIQMs/fc72f369a689cbc02a52d801a73e788f6f9085c0/outliers/mapflow/_outliers1".[0m
2026-03-27 10:16:08 |[34;20m INFO     [0m|[34;20m nipype.workflow  [0m|[34;20m [Node] Cached "_outliers1" - collecting precomputed outputs[0m
2026-03-27 10:16:08 |[34;20m INFO     [0m|[34;20m nipype.workflow  [0m|[34;20m [Node] "_outliers1" found cached.[0m
2026-03-27 10:16:08 |[34;20m INFO     [0m|[34;20m nipype.workflow  [0m|[34;20m [Node] Setting-up "_outliers2" in "/local/nvme/ds006193_24053.783955/ds/tmp/mriqc_wf/funcMRIQC/ComputeIQMs/fc72f369a689cbc02a52d801a73e788f6f9085c0/outliers/mapflow/_outliers2".[0m
2026-03-27 10:16:08 |[34;20m INFO     [0m|[34;20m nipype.workflow  [0m|[34;20m [Node] Cached "_outliers2" - collecting precomputed outputs[0m
2026-03-27 10:16:08 |[34;20m INFO     [0m|[34;20m nipype.workflow  [0m|[34;20m [Node] "_outliers2" found cached.[0m
2026-03-27 10:16:08 |[34;20m INFO     [0m|[34;20m nipype.workflow  [0m|[34;20m [Node] Setting-up "_outliers3" in "/local/nvme/ds006193_24053.783955/ds/tmp/mriqc_wf/funcMRIQC/ComputeIQMs/fc72f369a689cbc02a52d801a73e788f6f9085c0/outliers/mapflow/_outliers3".[0m
2026-03-27 10:16:08 |[34;20m INFO     [0m|[34;20m nipype.workflow  [0m|[34;20m [Node] Cached "_outliers3" - collecting precomputed outputs[0m
2026-03-27 10:16:08 |[34;20m INFO     [0m|[34;20m nipype.workflow  [0m|[34;20m [Node] "_outliers3" found cached.[0m
2026-03-27 10:16:08 |[34;20m INFO     [0m|[34;20m nipype.workflow  [0m|[34;20m [Node] Setting-up "_outliers4" in "/local/nvme/ds006193_24053.783955/ds/tmp/mriqc_wf/funcMRIQC/ComputeIQMs/fc72f369a689cbc02a52d801a73e788f6f9085c0/outliers/mapflow/_outliers4".[0m
2026-03-27 10:16:08 |[34;20m INFO     [0m|[34;20m nipype.workflow  [0m|[34;20m [Node] Cached "_outliers4" - collecting precomputed outputs[0m
2026-03-27 10:16:08 |[34;20m INFO     [0m|[34;20m nipype.workflow  [0m|[34;20m [Node] "_outliers4" found cached.[0m
2026-03-27 10:16:10 |[34;20m INFO     [0m|[34;20m nipype.workflow  [0m|[34;20m [Node] Setting-up "_gcor2" in "/local/nvme/ds006193_24053.783955/ds/tmp/mriqc_wf/funcMRIQC/ComputeIQMs/fc72f369a689cbc02a52d801a73e788f6f9085c0/gcor/mapflow/_gcor2".[0m
2026-03-27 10:16:10 |[34;20m INFO     [0m|[34;20m nipype.workflow  [0m|[34;20m [Node] Executing "_gcor2" <mriqc.interfaces.transitional.GCOR>[0m
2026-03-27 10:16:13 |[34;20m INFO     [0m|[34;20m nipype.workflow  [0m|[34;20m [Node] Finished "_gcor0", elapsed time 9.447264s.[0m
2026-03-27 10:16:14 |[34;20m INFO     [0m|[34;20m nipype.workflow  [0m|[34;20m [Node] Setting-up "_gcor3" in "/local/nvme/ds006193_24053.783955/ds/tmp/mriqc_wf/funcMRIQC/ComputeIQMs/fc72f369a689cbc02a52d801a73e788f6f9085c0/gcor/mapflow/_gcor3".[0m
2026-03-27 10:16:14 |[34;20m INFO     [0m|[34;20m nipype.workflow  [0m|[34;20m [Node] Executing "_gcor3" <mriqc.interfaces.transitional.GCOR>[0m
2026-03-27 10:16:15 |[34;20m INFO     [0m|[34;20m nipype.workflow  [0m|[34;20m [Node] Finished "_ComputeDVARS1", elapsed time 29.197373s.[0m
2026-03-27 10:16:15 |[34;20m INFO     [0m|[34;20m nipype.workflow  [0m|[34;20m [Node] Finished "_ComputeDVARS0", elapsed time 29.240099s.[0m
2026-03-27 10:16:15 |[34;20m INFO     [0m|[34;20m nipype.workflow  [0m|[34;20m [Node] Finished "_ComputeDVARS4", elapsed time 28.773773s.[0m
2026-03-27 10:16:16 |[34;20m INFO     [0m|[34;20m nipype.workflow  [0m|[34;20m [Node] Finished "_ComputeDVARS2", elapsed time 29.329097s.[0m
2026-03-27 10:16:16 |[34;20m INFO     [0m|[34;20m nipype.workflow  [0m|[34;20m [Node] Finished "_ComputeDVARS3", elapsed time 29.349631s.[0m
2026-03-27 10:16:16 |[34;20m INFO     [0m|[34;20m nipype.workflow  [0m|[34;20m [Node] Setting-up "_PlotMosaicZoomed0" in "/local/nvme/ds006193_24053.783955/ds/tmp/mriqc_wf/funcMRIQC/func_report_wf/fc72f369a689cbc02a52d801a73e788f6f9085c0/PlotMosaicZoomed/mapflow/_PlotMosaicZoomed0".[0m
2026-03-27 10:16:16 |[34;20m INFO     [0m|[34;20m nipype.workflow  [0m|[34;20m [Node] Setting-up "_PlotMosaicZoomed1" in "/local/nvme/ds006193_24053.783955/ds/tmp/mriqc_wf/funcMRIQC/func_report_wf/fc72f369a689cbc02a52d801a73e788f6f9085c0/PlotMosaicZoomed/mapflow/_PlotMosaicZoomed1".[0m
2026-03-27 10:16:16 |[34;20m INFO     [0m|[34;20m nipype.workflow  [0m|[34;20m [Node] Executing "_PlotMosaicZoomed0" <nireports.interfaces.mosaic.PlotMosaic>[0m
2026-03-27 10:16:16 |[34;20m INFO     [0m|[34;20m nipype.workflow  [0m|[34;20m [Node] Executing "_PlotMosaicZoomed1" <nireports.interfaces.mosaic.PlotMosaic>[0m
2026-03-27 10:16:16 |[34;20m INFO     [0m|[34;20m nipype.workflow  [0m|[34;20m [Node] Setting-up "_gcor4" in "/local/nvme/ds006193_24053.783955/ds/tmp/mriqc_wf/funcMRIQC/ComputeIQMs/fc72f369a689cbc02a52d801a73e788f6f9085c0/gcor/mapflow/_gcor4".[0m
2026-03-27 10:16:16 |[34;20m INFO     [0m|[34;20m nipype.workflow  [0m|[34;20m [Node] Executing "_gcor4" <mriqc.interfaces.transitional.GCOR>[0m
2026-03-27 10:16:18 |[34;20m INFO     [0m|[34;20m nipype.workflow  [0m|[34;20m [Node] Finished "_gcor1", elapsed time 9.535308s.[0m
2026-03-27 10:16:18 |[34;20m INFO     [0m|[34;20m nipype.workflow  [0m|[34;20m [Node] Finished "_PlotMosaicZoomed0", elapsed time 1.686016s.[0m
2026-03-27 10:16:18 |[34;20m INFO     [0m|[34;20m nipype.workflow  [0m|[34;20m [Node] Finished "_PlotMosaicZoomed1", elapsed time 1.746992s.[0m
2026-03-27 10:16:18 |[34;20m INFO     [0m|[34;20m nipype.workflow  [0m|[34;20m [Node] Setting-up "_PlotMosaicZoomed2" in "/local/nvme/ds006193_24053.783955/ds/tmp/mriqc_wf/funcMRIQC/func_report_wf/fc72f369a689cbc02a52d801a73e788f6f9085c0/PlotMosaicZoomed/mapflow/_PlotMosaicZoomed2".[0m
2026-03-27 10:16:18 |[34;20m INFO     [0m|[34;20m nipype.workflow  [0m|[34;20m [Node] Setting-up "_PlotMosaicZoomed3" in "/local/nvme/ds006193_24053.783955/ds/tmp/mriqc_wf/funcMRIQC/func_report_wf/fc72f369a689cbc02a52d801a73e788f6f9085c0/PlotMosaicZoomed/mapflow/_PlotMosaicZoomed3".[0m
2026-03-27 10:16:18 |[34;20m INFO     [0m|[34;20m nipype.workflow  [0m|[34;20m [Node] Setting-up "_PlotMosaicZoomed4" in "/local/nvme/ds006193_24053.783955/ds/tmp/mriqc_wf/funcMRIQC/func_report_wf/fc72f369a689cbc02a52d801a73e788f6f9085c0/PlotMosaicZoomed/mapflow/_PlotMosaicZoomed4".[0m
2026-03-27 10:16:18 |[34;20m INFO     [0m|[34;20m nipype.workflow  [0m|[34;20m [Node] Executing "_PlotMosaicZoomed2" <nireports.interfaces.mosaic.PlotMosaic>[0m
2026-03-27 10:16:18 |[34;20m INFO     [0m|[34;20m nipype.workflow  [0m|[34;20m [Node] Setting-up "_ComputeDVARS0" in "/local/nvme/ds006193_24053.783955/ds/tmp/mriqc_wf/funcMRIQC/ComputeIQMs/62325a652eefcadfe0b75061ecf8d7e5fac4daa0/ComputeDVARS/mapflow/_ComputeDVARS0".[0m
2026-03-27 10:16:18 |[34;20m INFO     [0m|[34;20m nipype.workflow  [0m|[34;20m [Node] Executing "_PlotMosaicZoomed3" <nireports.interfaces.mosaic.PlotMosaic>[0m
2026-03-27 10:16:18 |[34;20m INFO     [0m|[34;20m nipype.workflow  [0m|[34;20m [Node] Executing "_PlotMosaicZoomed4" <nireports.interfaces.mosaic.PlotMosaic>[0m
2026-03-27 10:16:18 |[34;20m INFO     [0m|[34;20m nipype.workflow  [0m|[34;20m [Node] Executing "_ComputeDVARS0" <nipype.algorithms.confounds.ComputeDVARS>[0m
2026-03-27 10:16:18 |[34;20m INFO     [0m|[34;20m nipype.workflow  [0m|[34;20m [Node] Setting-up "_ComputeDVARS0" in "/local/nvme/ds006193_24053.783955/ds/tmp/mriqc_wf/funcMRIQC/ComputeIQMs/fc72f369a689cbc02a52d801a73e788f6f9085c0/ComputeDVARS/mapflow/_ComputeDVARS0".[0m
2026-03-27 10:16:18 |[34;20m INFO     [0m|[34;20m nipype.workflow  [0m|[34;20m [Node] Cached "_ComputeDVARS0" - collecting precomputed outputs[0m
2026-03-27 10:16:18 |[34;20m INFO     [0m|[34;20m nipype.workflow  [0m|[34;20m [Node] "_ComputeDVARS0" found cached.[0m
2026-03-27 10:16:18 |[34;20m INFO     [0m|[34;20m nipype.workflow  [0m|[34;20m [Node] Setting-up "_ComputeDVARS1" in "/local/nvme/ds006193_24053.783955/ds/tmp/mriqc_wf/funcMRIQC/ComputeIQMs/fc72f369a689cbc02a52d801a73e788f6f9085c0/ComputeDVARS/mapflow/_ComputeDVARS1".[0m
2026-03-27 10:16:18 |[34;20m INFO     [0m|[34;20m nipype.workflow  [0m|[34;20m [Node] Cached "_ComputeDVARS1" - collecting precomputed outputs[0m
2026-03-27 10:16:18 |[34;20m INFO     [0m|[34;20m nipype.workflow  [0m|[34;20m [Node] "_ComputeDVARS1" found cached.[0m
2026-03-27 10:16:18 |[34;20m INFO     [0m|[34;20m nipype.workflow  [0m|[34;20m [Node] Setting-up "_ComputeDVARS2" in "/local/nvme/ds006193_24053.783955/ds/tmp/mriqc_wf/funcMRIQC/ComputeIQMs/fc72f369a689cbc02a52d801a73e788f6f9085c0/ComputeDVARS/mapflow/_ComputeDVARS2".[0m
2026-03-27 10:16:18 |[34;20m INFO     [0m|[34;20m nipype.workflow  [0m|[34;20m [Node] Cached "_ComputeDVARS2" - collecting precomputed outputs[0m
2026-03-27 10:16:18 |[34;20m INFO     [0m|[34;20m nipype.workflow  [0m|[34;20m [Node] "_ComputeDVARS2" found cached.[0m
2026-03-27 10:16:18 |[34;20m INFO     [0m|[34;20m nipype.workflow  [0m|[34;20m [Node] Setting-up "_ComputeDVARS3" in "/local/nvme/ds006193_24053.783955/ds/tmp/mriqc_wf/funcMRIQC/ComputeIQMs/fc72f369a689cbc02a52d801a73e788f6f9085c0/ComputeDVARS/mapflow/_ComputeDVARS3".[0m
2026-03-27 10:16:18 |[34;20m INFO     [0m|[34;20m nipype.workflow  [0m|[34;20m [Node] Cached "_ComputeDVARS3" - collecting precomputed outputs[0m
2026-03-27 10:16:18 |[34;20m INFO     [0m|[34;20m nipype.workflow  [0m|[34;20m [Node] "_ComputeDVARS3" found cached.[0m
2026-03-27 10:16:18 |[34;20m INFO     [0m|[34;20m nipype.workflow  [0m|[34;20m [Node] Setting-up "_ComputeDVARS4" in "/local/nvme/ds006193_24053.783955/ds/tmp/mriqc_wf/funcMRIQC/ComputeIQMs/fc72f369a689cbc02a52d801a73e788f6f9085c0/ComputeDVARS/mapflow/_ComputeDVARS4".[0m
2026-03-27 10:16:18 |[34;20m INFO     [0m|[34;20m nipype.workflow  [0m|[34;20m [Node] Cached "_ComputeDVARS4" - collecting precomputed outputs[0m
2026-03-27 10:16:18 |[34;20m INFO     [0m|[34;20m nipype.workflow  [0m|[34;20m [Node] "_ComputeDVARS4" found cached.[0m
2026-03-27 10:16:19 |[34;20m INFO     [0m|[34;20m nipype.workflow  [0m|[34;20m [Node] Finished "_gcor2", elapsed time 9.359734s.[0m
2026-03-27 10:16:20 |[34;20m INFO     [0m|[34;20m nipype.workflow  [0m|[34;20m [Node] Finished "_PlotMosaicZoomed2", elapsed time 1.660506s.[0m
2026-03-27 10:16:20 |[34;20m INFO     [0m|[34;20m nipype.workflow  [0m|[34;20m [Node] Finished "_PlotMosaicZoomed4", elapsed time 1.881269s.[0m
2026-03-27 10:16:20 |[34;20m INFO     [0m|[34;20m nipype.workflow  [0m|[34;20m [Node] Finished "_PlotMosaicZoomed3", elapsed time 1.894648s.[0m
2026-03-27 10:16:20 |[34;20m INFO     [0m|[34;20m nipype.workflow  [0m|[34;20m [Node] Setting-up "_ComputeDVARS1" in "/local/nvme/ds006193_24053.783955/ds/tmp/mriqc_wf/funcMRIQC/ComputeIQMs/62325a652eefcadfe0b75061ecf8d7e5fac4daa0/ComputeDVARS/mapflow/_ComputeDVARS1".[0m
2026-03-27 10:16:20 |[34;20m INFO     [0m|[34;20m nipype.workflow  [0m|[34;20m [Node] Setting-up "_ComputeDVARS2" in "/local/nvme/ds006193_24053.783955/ds/tmp/mriqc_wf/funcMRIQC/ComputeIQMs/62325a652eefcadfe0b75061ecf8d7e5fac4daa0/ComputeDVARS/mapflow/_ComputeDVARS2".[0m
2026-03-27 10:16:20 |[34;20m INFO     [0m|[34;20m nipype.workflow  [0m|[34;20m [Node] Setting-up "_ComputeDVARS3" in "/local/nvme/ds006193_24053.783955/ds/tmp/mriqc_wf/funcMRIQC/ComputeIQMs/62325a652eefcadfe0b75061ecf8d7e5fac4daa0/ComputeDVARS/mapflow/_ComputeDVARS3".[0m
2026-03-27 10:16:20 |[34;20m INFO     [0m|[34;20m nipype.workflow  [0m|[34;20m [Node] Setting-up "_ComputeDVARS4" in "/local/nvme/ds006193_24053.783955/ds/tmp/mriqc_wf/funcMRIQC/ComputeIQMs/62325a652eefcadfe0b75061ecf8d7e5fac4daa0/ComputeDVARS/mapflow/_ComputeDVARS4".[0m
2026-03-27 10:16:20 |[34;20m INFO     [0m|[34;20m nipype.workflow  [0m|[34;20m [Node] Executing "_ComputeDVARS2" <nipype.algorithms.confounds.ComputeDVARS>[0m
2026-03-27 10:16:20 |[34;20m INFO     [0m|[34;20m nipype.workflow  [0m|[34;20m [Node] Executing "_ComputeDVARS1" <nipype.algorithms.confounds.ComputeDVARS>[0m
2026-03-27 10:16:20 |[34;20m INFO     [0m|[34;20m nipype.workflow  [0m|[34;20m [Node] Executing "_ComputeDVARS3" <nipype.algorithms.confounds.ComputeDVARS>[0m
2026-03-27 10:16:20 |[34;20m INFO     [0m|[34;20m nipype.workflow  [0m|[34;20m [Node] Executing "_ComputeDVARS4" <nipype.algorithms.confounds.ComputeDVARS>[0m
2026-03-27 10:16:22 |[34;20m INFO     [0m|[34;20m nipype.workflow  [0m|[34;20m [Node] Setting-up "_PlotMosaicZoomed0" in "/local/nvme/ds006193_24053.783955/ds/tmp/mriqc_wf/funcMRIQC/func_report_wf/fc72f369a689cbc02a52d801a73e788f6f9085c0/PlotMosaicZoomed/mapflow/_PlotMosaicZoomed0".[0m
2026-03-27 10:16:22 |[34;20m INFO     [0m|[34;20m nipype.workflow  [0m|[34;20m [Node] Cached "_PlotMosaicZoomed0" - collecting precomputed outputs[0m
2026-03-27 10:16:22 |[34;20m INFO     [0m|[34;20m nipype.workflow  [0m|[34;20m [Node] "_PlotMosaicZoomed0" found cached.[0m
2026-03-27 10:16:22 |[34;20m INFO     [0m|[34;20m nipype.workflow  [0m|[34;20m [Node] Setting-up "_PlotMosaicZoomed1" in "/local/nvme/ds006193_24053.783955/ds/tmp/mriqc_wf/funcMRIQC/func_report_wf/fc72f369a689cbc02a52d801a73e788f6f9085c0/PlotMosaicZoomed/mapflow/_PlotMosaicZoomed1".[0m
2026-03-27 10:16:22 |[34;20m INFO     [0m|[34;20m nipype.workflow  [0m|[34;20m [Node] Cached "_PlotMosaicZoomed1" - collecting precomputed outputs[0m
2026-03-27 10:16:22 |[34;20m INFO     [0m|[34;20m nipype.workflow  [0m|[34;20m [Node] "_PlotMosaicZoomed1" found cached.[0m
2026-03-27 10:16:22 |[34;20m INFO     [0m|[34;20m nipype.workflow  [0m|[34;20m [Node] Setting-up "_PlotMosaicZoomed2" in "/local/nvme/ds006193_24053.783955/ds/tmp/mriqc_wf/funcMRIQC/func_report_wf/fc72f369a689cbc02a52d801a73e788f6f9085c0/PlotMosaicZoomed/mapflow/_PlotMosaicZoomed2".[0m
2026-03-27 10:16:22 |[34;20m INFO     [0m|[34;20m nipype.workflow  [0m|[34;20m [Node] Cached "_PlotMosaicZoomed2" - collecting precomputed outputs[0m
2026-03-27 10:16:22 |[34;20m INFO     [0m|[34;20m nipype.workflow  [0m|[34;20m [Node] "_PlotMosaicZoomed2" found cached.[0m
2026-03-27 10:16:22 |[34;20m INFO     [0m|[34;20m nipype.workflow  [0m|[34;20m [Node] Setting-up "_PlotMosaicZoomed3" in "/local/nvme/ds006193_24053.783955/ds/tmp/mriqc_wf/funcMRIQC/func_report_wf/fc72f369a689cbc02a52d801a73e788f6f9085c0/PlotMosaicZoomed/mapflow/_PlotMosaicZoomed3".[0m
2026-03-27 10:16:22 |[34;20m INFO     [0m|[34;20m nipype.workflow  [0m|[34;20m [Node] Cached "_PlotMosaicZoomed3" - collecting precomputed outputs[0m
2026-03-27 10:16:22 |[34;20m INFO     [0m|[34;20m nipype.workflow  [0m|[34;20m [Node] "_PlotMosaicZoomed3" found cached.[0m
2026-03-27 10:16:22 |[34;20m INFO     [0m|[34;20m nipype.workflow  [0m|[34;20m [Node] Setting-up "_PlotMosaicZoomed4" in "/local/nvme/ds006193_24053.783955/ds/tmp/mriqc_wf/funcMRIQC/func_report_wf/fc72f369a689cbc02a52d801a73e788f6f9085c0/PlotMosaicZoomed/mapflow/_PlotMosaicZoomed4".[0m
2026-03-27 10:16:22 |[34;20m INFO     [0m|[34;20m nipype.workflow  [0m|[34;20m [Node] Cached "_PlotMosaicZoomed4" - collecting precomputed outputs[0m
2026-03-27 10:16:22 |[34;20m INFO     [0m|[34;20m nipype.workflow  [0m|[34;20m [Node] "_PlotMosaicZoomed4" found cached.[0m
2026-03-27 10:16:23 |[34;20m INFO     [0m|[34;20m nipype.workflow  [0m|[34;20m [Node] Finished "_gcor3", elapsed time 9.222621s.[0m
2026-03-27 10:16:24 |[34;20m INFO     [0m|[34;20m nipype.workflow  [0m|[34;20m [Node] Setting-up "_smoothness0" in "/local/nvme/ds006193_24053.783955/ds/tmp/mriqc_wf/funcMRIQC/ComputeIQMs/62325a652eefcadfe0b75061ecf8d7e5fac4daa0/smoothness/mapflow/_smoothness0".[0m
2026-03-27 10:16:24 |[34;20m INFO     [0m|[34;20m nipype.workflow  [0m|[34;20m [Node] Setting-up "_smoothness1" in "/local/nvme/ds006193_24053.783955/ds/tmp/mriqc_wf/funcMRIQC/ComputeIQMs/62325a652eefcadfe0b75061ecf8d7e5fac4daa0/smoothness/mapflow/_smoothness1".[0m
2026-03-27 10:16:24 |[34;20m INFO     [0m|[34;20m nipype.workflow  [0m|[34;20m [Node] Executing "_smoothness0" <nipype.interfaces.afni.utils.FWHMx>[0m
2026-03-27 10:16:24 |[34;20m INFO     [0m|[34;20m nipype.workflow  [0m|[34;20m [Node] Executing "_smoothness1" <nipype.interfaces.afni.utils.FWHMx>[0m
2026-03-27 10:16:25 |[34;20m INFO     [0m|[34;20m nipype.workflow  [0m|[34;20m [Node] Finished "_smoothness1", elapsed time 0.775818s.[0m
2026-03-27 10:16:25 |[34;20m INFO     [0m|[34;20m nipype.workflow  [0m|[34;20m [Node] Finished "_smoothness0", elapsed time 1.0808119999999999s.[0m
2026-03-27 10:16:25 |[34;20m INFO     [0m|[34;20m nipype.workflow  [0m|[34;20m [Node] Finished "_gcor4", elapsed time 9.223533s.[0m
2026-03-27 10:16:26 |[34;20m INFO     [0m|[34;20m nipype.workflow  [0m|[34;20m [Node] Setting-up "_smoothness2" in "/local/nvme/ds006193_24053.783955/ds/tmp/mriqc_wf/funcMRIQC/ComputeIQMs/62325a652eefcadfe0b75061ecf8d7e5fac4daa0/smoothness/mapflow/_smoothness2".[0m
2026-03-27 10:16:26 |[34;20m INFO     [0m|[34;20m nipype.workflow  [0m|[34;20m [Node] Setting-up "_smoothness3" in "/local/nvme/ds006193_24053.783955/ds/tmp/mriqc_wf/funcMRIQC/ComputeIQMs/62325a652eefcadfe0b75061ecf8d7e5fac4daa0/smoothness/mapflow/_smoothness3".[0m
2026-03-27 10:16:26 |[34;20m INFO     [0m|[34;20m nipype.workflow  [0m|[34;20m [Node] Executing "_smoothness2" <nipype.interfaces.afni.utils.FWHMx>[0m
2026-03-27 10:16:26 |[34;20m INFO     [0m|[34;20m nipype.workflow  [0m|[34;20m [Node] Executing "_smoothness3" <nipype.interfaces.afni.utils.FWHMx>[0m
2026-03-27 10:16:26 |[34;20m INFO     [0m|[34;20m nipype.workflow  [0m|[34;20m [Node] Setting-up "_gcor0" in "/local/nvme/ds006193_24053.783955/ds/tmp/mriqc_wf/funcMRIQC/ComputeIQMs/fc72f369a689cbc02a52d801a73e788f6f9085c0/gcor/mapflow/_gcor0".[0m
2026-03-27 10:16:26 |[34;20m INFO     [0m|[34;20m nipype.workflow  [0m|[34;20m [Node] Cached "_gcor0" - collecting precomputed outputs[0m
2026-03-27 10:16:26 |[34;20m INFO     [0m|[34;20m nipype.workflow  [0m|[34;20m [Node] "_gcor0" found cached.[0m
2026-03-27 10:16:26 |[34;20m INFO     [0m|[34;20m nipype.workflow  [0m|[34;20m [Node] Setting-up "_gcor1" in "/local/nvme/ds006193_24053.783955/ds/tmp/mriqc_wf/funcMRIQC/ComputeIQMs/fc72f369a689cbc02a52d801a73e788f6f9085c0/gcor/mapflow/_gcor1".[0m
2026-03-27 10:16:26 |[34;20m INFO     [0m|[34;20m nipype.workflow  [0m|[34;20m [Node] Cached "_gcor1" - collecting precomputed outputs[0m
2026-03-27 10:16:26 |[34;20m INFO     [0m|[34;20m nipype.workflow  [0m|[34;20m [Node] "_gcor1" found cached.[0m
2026-03-27 10:16:26 |[34;20m INFO     [0m|[34;20m nipype.workflow  [0m|[34;20m [Node] Setting-up "_gcor2" in "/local/nvme/ds006193_24053.783955/ds/tmp/mriqc_wf/funcMRIQC/ComputeIQMs/fc72f369a689cbc02a52d801a73e788f6f9085c0/gcor/mapflow/_gcor2".[0m
2026-03-27 10:16:26 |[34;20m INFO     [0m|[34;20m nipype.workflow  [0m|[34;20m [Node] Cached "_gcor2" - collecting precomputed outputs[0m
2026-03-27 10:16:26 |[34;20m INFO     [0m|[34;20m nipype.workflow  [0m|[34;20m [Node] "_gcor2" found cached.[0m
2026-03-27 10:16:26 |[34;20m INFO     [0m|[34;20m nipype.workflow  [0m|[34;20m [Node] Setting-up "_gcor3" in "/local/nvme/ds006193_24053.783955/ds/tmp/mriqc_wf/funcMRIQC/ComputeIQMs/fc72f369a689cbc02a52d801a73e788f6f9085c0/gcor/mapflow/_gcor3".[0m
2026-03-27 10:16:26 |[34;20m INFO     [0m|[34;20m nipype.workflow  [0m|[34;20m [Node] Cached "_gcor3" - collecting precomputed outputs[0m
2026-03-27 10:16:26 |[34;20m INFO     [0m|[34;20m nipype.workflow  [0m|[34;20m [Node] "_gcor3" found cached.[0m
2026-03-27 10:16:26 |[34;20m INFO     [0m|[34;20m nipype.workflow  [0m|[34;20m [Node] Setting-up "_gcor4" in "/local/nvme/ds006193_24053.783955/ds/tmp/mriqc_wf/funcMRIQC/ComputeIQMs/fc72f369a689cbc02a52d801a73e788f6f9085c0/gcor/mapflow/_gcor4".[0m
2026-03-27 10:16:26 |[34;20m INFO     [0m|[34;20m nipype.workflow  [0m|[34;20m [Node] Cached "_gcor4" - collecting precomputed outputs[0m
2026-03-27 10:16:26 |[34;20m INFO     [0m|[34;20m nipype.workflow  [0m|[34;20m [Node] "_gcor4" found cached.[0m
2026-03-27 10:16:27 |[34;20m INFO     [0m|[34;20m nipype.workflow  [0m|[34;20m [Node] Finished "_smoothness3", elapsed time 0.833323s.[0m
2026-03-27 10:16:27 |[34;20m INFO     [0m|[34;20m nipype.workflow  [0m|[34;20m [Node] Finished "_smoothness2", elapsed time 0.907216s.[0m
2026-03-27 10:16:28 |[34;20m INFO     [0m|[34;20m nipype.workflow  [0m|[34;20m [Node] Setting-up "_smoothness4" in "/local/nvme/ds006193_24053.783955/ds/tmp/mriqc_wf/funcMRIQC/ComputeIQMs/62325a652eefcadfe0b75061ecf8d7e5fac4daa0/smoothness/mapflow/_smoothness4".[0m
2026-03-27 10:16:28 |[34;20m INFO     [0m|[34;20m nipype.workflow  [0m|[34;20m [Node] Setting-up "_outliers1" in "/local/nvme/ds006193_24053.783955/ds/tmp/mriqc_wf/funcMRIQC/ComputeIQMs/62325a652eefcadfe0b75061ecf8d7e5fac4daa0/outliers/mapflow/_outliers1".[0m
2026-03-27 10:16:28 |[34;20m INFO     [0m|[34;20m nipype.workflow  [0m|[34;20m [Node] Setting-up "_outliers0" in "/local/nvme/ds006193_24053.783955/ds/tmp/mriqc_wf/funcMRIQC/ComputeIQMs/62325a652eefcadfe0b75061ecf8d7e5fac4daa0/outliers/mapflow/_outliers0".[0m
2026-03-27 10:16:28 |[34;20m INFO     [0m|[34;20m nipype.workflow  [0m|[34;20m [Node] Executing "_smoothness4" <nipype.interfaces.afni.utils.FWHMx>[0m
2026-03-27 10:16:28 |[34;20m INFO     [0m|[34;20m nipype.workflow  [0m|[34;20m [Node] Executing "_outliers1" <nipype.interfaces.afni.preprocess.OutlierCount>[0m
2026-03-27 10:16:28 |[34;20m INFO     [0m|[34;20m nipype.workflow  [0m|[34;20m [Node] Executing "_outliers0" <nipype.interfaces.afni.preprocess.OutlierCount>[0m
2026-03-27 10:16:29 |[34;20m INFO     [0m|[34;20m nipype.workflow  [0m|[34;20m [Node] Finished "_smoothness4", elapsed time 0.82653s.[0m
2026-03-27 10:16:30 |[34;20m INFO     [0m|[34;20m nipype.workflow  [0m|[34;20m [Node] Setting-up "_smoothness0" in "/local/nvme/ds006193_24053.783955/ds/tmp/mriqc_wf/funcMRIQC/ComputeIQMs/62325a652eefcadfe0b75061ecf8d7e5fac4daa0/smoothness/mapflow/_smoothness0".[0m
2026-03-27 10:16:30 |[34;20m INFO     [0m|[34;20m nipype.workflow  [0m|[34;20m [Node] Cached "_smoothness0" - collecting precomputed outputs[0m
2026-03-27 10:16:30 |[34;20m INFO     [0m|[34;20m nipype.workflow  [0m|[34;20m [Node] "_smoothness0" found cached.[0m
2026-03-27 10:16:30 |[34;20m INFO     [0m|[34;20m nipype.workflow  [0m|[34;20m [Node] Setting-up "_smoothness1" in "/local/nvme/ds006193_24053.783955/ds/tmp/mriqc_wf/funcMRIQC/ComputeIQMs/62325a652eefcadfe0b75061ecf8d7e5fac4daa0/smoothness/mapflow/_smoothness1".[0m
2026-03-27 10:16:30 |[34;20m INFO     [0m|[34;20m nipype.workflow  [0m|[34;20m [Node] Cached "_smoothness1" - collecting precomputed outputs[0m
2026-03-27 10:16:30 |[34;20m INFO     [0m|[34;20m nipype.workflow  [0m|[34;20m [Node] "_smoothness1" found cached.[0m
2026-03-27 10:16:30 |[34;20m INFO     [0m|[34;20m nipype.workflow  [0m|[34;20m [Node] Setting-up "_smoothness2" in "/local/nvme/ds006193_24053.783955/ds/tmp/mriqc_wf/funcMRIQC/ComputeIQMs/62325a652eefcadfe0b75061ecf8d7e5fac4daa0/smoothness/mapflow/_smoothness2".[0m
2026-03-27 10:16:30 |[34;20m INFO     [0m|[34;20m nipype.workflow  [0m|[34;20m [Node] Cached "_smoothness2" - collecting precomputed outputs[0m
2026-03-27 10:16:30 |[34;20m INFO     [0m|[34;20m nipype.workflow  [0m|[34;20m [Node] "_smoothness2" found cached.[0m
2026-03-27 10:16:30 |[34;20m INFO     [0m|[34;20m nipype.workflow  [0m|[34;20m [Node] Setting-up "_smoothness3" in "/local/nvme/ds006193_24053.783955/ds/tmp/mriqc_wf/funcMRIQC/ComputeIQMs/62325a652eefcadfe0b75061ecf8d7e5fac4daa0/smoothness/mapflow/_smoothness3".[0m
2026-03-27 10:16:30 |[34;20m INFO     [0m|[34;20m nipype.workflow  [0m|[34;20m [Node] Cached "_smoothness3" - collecting precomputed outputs[0m
2026-03-27 10:16:30 |[34;20m INFO     [0m|[34;20m nipype.workflow  [0m|[34;20m [Node] "_smoothness3" found cached.[0m
2026-03-27 10:16:30 |[34;20m INFO     [0m|[34;20m nipype.workflow  [0m|[34;20m [Node] Setting-up "_smoothness4" in "/local/nvme/ds006193_24053.783955/ds/tmp/mriqc_wf/funcMRIQC/ComputeIQMs/62325a652eefcadfe0b75061ecf8d7e5fac4daa0/smoothness/mapflow/_smoothness4".[0m
2026-03-27 10:16:30 |[34;20m INFO     [0m|[34;20m nipype.workflow  [0m|[34;20m [Node] Cached "_smoothness4" - collecting precomputed outputs[0m
2026-03-27 10:16:30 |[34;20m INFO     [0m|[34;20m nipype.workflow  [0m|[34;20m [Node] "_smoothness4" found cached.[0m
2026-03-27 10:16:32 |[34;20m INFO     [0m|[34;20m nipype.workflow  [0m|[34;20m [Node] Setting-up "_outliers2" in "/local/nvme/ds006193_24053.783955/ds/tmp/mriqc_wf/funcMRIQC/ComputeIQMs/62325a652eefcadfe0b75061ecf8d7e5fac4daa0/outliers/mapflow/_outliers2".[0m
2026-03-27 10:16:32 |[34;20m INFO     [0m|[34;20m nipype.workflow  [0m|[34;20m [Node] Executing "_outliers2" <nipype.interfaces.afni.preprocess.OutlierCount>[0m
2026-03-27 10:16:37 |[34;20m INFO     [0m|[34;20m nipype.workflow  [0m|[34;20m [Node] Finished "_outliers0", elapsed time 9.25566s.[0m
2026-03-27 10:16:38 |[34;20m INFO     [0m|[34;20m nipype.workflow  [0m|[34;20m [Node] Finished "_outliers1", elapsed time 9.871882s.[0m
2026-03-27 10:16:38 |[34;20m INFO     [0m|[34;20m nipype.workflow  [0m|[34;20m [Node] Setting-up "_outliers3" in "/local/nvme/ds006193_24053.783955/ds/tmp/mriqc_wf/funcMRIQC/ComputeIQMs/62325a652eefcadfe0b75061ecf8d7e5fac4daa0/outliers/mapflow/_outliers3".[0m
2026-03-27 10:16:38 |[34;20m INFO     [0m|[34;20m nipype.workflow  [0m|[34;20m [Node] Setting-up "_outliers4" in "/local/nvme/ds006193_24053.783955/ds/tmp/mriqc_wf/funcMRIQC/ComputeIQMs/62325a652eefcadfe0b75061ecf8d7e5fac4daa0/outliers/mapflow/_outliers4".[0m
2026-03-27 10:16:38 |[34;20m INFO     [0m|[34;20m nipype.workflow  [0m|[34;20m [Node] Executing "_outliers3" <nipype.interfaces.afni.preprocess.OutlierCount>[0m
2026-03-27 10:16:38 |[34;20m INFO     [0m|[34;20m nipype.workflow  [0m|[34;20m [Node] Executing "_outliers4" <nipype.interfaces.afni.preprocess.OutlierCount>[0m
2026-03-27 10:16:42 |[34;20m INFO     [0m|[34;20m nipype.workflow  [0m|[34;20m [Node] Finished "_outliers2", elapsed time 9.67296s.[0m
2026-03-27 10:16:42 |[34;20m INFO     [0m|[34;20m nipype.workflow  [0m|[34;20m [Node] Setting-up "_gcor0" in "/local/nvme/ds006193_24053.783955/ds/tmp/mriqc_wf/funcMRIQC/ComputeIQMs/62325a652eefcadfe0b75061ecf8d7e5fac4daa0/gcor/mapflow/_gcor0".[0m
2026-03-27 10:16:42 |[34;20m INFO     [0m|[34;20m nipype.workflow  [0m|[34;20m [Node] Executing "_gcor0" <mriqc.interfaces.transitional.GCOR>[0m
2026-03-27 10:16:47 |[34;20m INFO     [0m|[34;20m nipype.workflow  [0m|[34;20m [Node] Finished "_outliers3", elapsed time 9.183445s.[0m
2026-03-27 10:16:47 |[34;20m INFO     [0m|[34;20m nipype.workflow  [0m|[34;20m [Node] Finished "_outliers4", elapsed time 9.240914s.[0m
2026-03-27 10:16:48 |[34;20m INFO     [0m|[34;20m nipype.workflow  [0m|[34;20m [Node] Setting-up "_gcor1" in "/local/nvme/ds006193_24053.783955/ds/tmp/mriqc_wf/funcMRIQC/ComputeIQMs/62325a652eefcadfe0b75061ecf8d7e5fac4daa0/gcor/mapflow/_gcor1".[0m
2026-03-27 10:16:48 |[34;20m INFO     [0m|[34;20m nipype.workflow  [0m|[34;20m [Node] Executing "_gcor1" <mriqc.interfaces.transitional.GCOR>[0m
2026-03-27 10:16:48 |[34;20m INFO     [0m|[34;20m nipype.workflow  [0m|[34;20m [Node] Setting-up "_outliers0" in "/local/nvme/ds006193_24053.783955/ds/tmp/mriqc_wf/funcMRIQC/ComputeIQMs/62325a652eefcadfe0b75061ecf8d7e5fac4daa0/outliers/mapflow/_outliers0".[0m
2026-03-27 10:16:48 |[34;20m INFO     [0m|[34;20m nipype.workflow  [0m|[34;20m [Node] Cached "_outliers0" - collecting precomputed outputs[0m
2026-03-27 10:16:48 |[34;20m INFO     [0m|[34;20m nipype.workflow  [0m|[34;20m [Node] "_outliers0" found cached.[0m
2026-03-27 10:16:48 |[34;20m INFO     [0m|[34;20m nipype.workflow  [0m|[34;20m [Node] Setting-up "_outliers1" in "/local/nvme/ds006193_24053.783955/ds/tmp/mriqc_wf/funcMRIQC/ComputeIQMs/62325a652eefcadfe0b75061ecf8d7e5fac4daa0/outliers/mapflow/_outliers1".[0m
2026-03-27 10:16:48 |[34;20m INFO     [0m|[34;20m nipype.workflow  [0m|[34;20m [Node] Cached "_outliers1" - collecting precomputed outputs[0m
2026-03-27 10:16:48 |[34;20m INFO     [0m|[34;20m nipype.workflow  [0m|[34;20m [Node] "_outliers1" found cached.[0m
2026-03-27 10:16:48 |[34;20m INFO     [0m|[34;20m nipype.workflow  [0m|[34;20m [Node] Setting-up "_outliers2" in "/local/nvme/ds006193_24053.783955/ds/tmp/mriqc_wf/funcMRIQC/ComputeIQMs/62325a652eefcadfe0b75061ecf8d7e5fac4daa0/outliers/mapflow/_outliers2".[0m
2026-03-27 10:16:48 |[34;20m INFO     [0m|[34;20m nipype.workflow  [0m|[34;20m [Node] Cached "_outliers2" - collecting precomputed outputs[0m
2026-03-27 10:16:48 |[34;20m INFO     [0m|[34;20m nipype.workflow  [0m|[34;20m [Node] "_outliers2" found cached.[0m
2026-03-27 10:16:48 |[34;20m INFO     [0m|[34;20m nipype.workflow  [0m|[34;20m [Node] Setting-up "_outliers3" in "/local/nvme/ds006193_24053.783955/ds/tmp/mriqc_wf/funcMRIQC/ComputeIQMs/62325a652eefcadfe0b75061ecf8d7e5fac4daa0/outliers/mapflow/_outliers3".[0m
2026-03-27 10:16:48 |[34;20m INFO     [0m|[34;20m nipype.workflow  [0m|[34;20m [Node] Cached "_outliers3" - collecting precomputed outputs[0m
2026-03-27 10:16:48 |[34;20m INFO     [0m|[34;20m nipype.workflow  [0m|[34;20m [Node] "_outliers3" found cached.[0m
2026-03-27 10:16:48 |[34;20m INFO     [0m|[34;20m nipype.workflow  [0m|[34;20m [Node] Setting-up "_outliers4" in "/local/nvme/ds006193_24053.783955/ds/tmp/mriqc_wf/funcMRIQC/ComputeIQMs/62325a652eefcadfe0b75061ecf8d7e5fac4daa0/outliers/mapflow/_outliers4".[0m
2026-03-27 10:16:48 |[34;20m INFO     [0m|[34;20m nipype.workflow  [0m|[34;20m [Node] Cached "_outliers4" - collecting precomputed outputs[0m
2026-03-27 10:16:48 |[34;20m INFO     [0m|[34;20m nipype.workflow  [0m|[34;20m [Node] "_outliers4" found cached.[0m
2026-03-27 10:16:50 |[34;20m INFO     [0m|[34;20m nipype.workflow  [0m|[34;20m [Node] Setting-up "_gcor2" in "/local/nvme/ds006193_24053.783955/ds/tmp/mriqc_wf/funcMRIQC/ComputeIQMs/62325a652eefcadfe0b75061ecf8d7e5fac4daa0/gcor/mapflow/_gcor2".[0m
2026-03-27 10:16:50 |[34;20m INFO     [0m|[34;20m nipype.workflow  [0m|[34;20m [Node] Executing "_gcor2" <mriqc.interfaces.transitional.GCOR>[0m
2026-03-27 10:16:52 |[34;20m INFO     [0m|[34;20m nipype.workflow  [0m|[34;20m [Node] Finished "_ComputeDVARS0", elapsed time 34.22668s.[0m
2026-03-27 10:16:54 |[34;20m INFO     [0m|[34;20m nipype.workflow  [0m|[34;20m [Node] Finished "_ComputeDVARS1", elapsed time 33.79634s.[0m
2026-03-27 10:16:54 |[34;20m INFO     [0m|[34;20m nipype.workflow  [0m|[34;20m [Node] Setting-up "_gcor3" in "/local/nvme/ds006193_24053.783955/ds/tmp/mriqc_wf/funcMRIQC/ComputeIQMs/62325a652eefcadfe0b75061ecf8d7e5fac4daa0/gcor/mapflow/_gcor3".[0m
2026-03-27 10:16:54 |[34;20m INFO     [0m|[34;20m nipype.workflow  [0m|[34;20m [Node] Setting-up "_gcor4" in "/local/nvme/ds006193_24053.783955/ds/tmp/mriqc_wf/funcMRIQC/ComputeIQMs/62325a652eefcadfe0b75061ecf8d7e5fac4daa0/gcor/mapflow/_gcor4".[0m
2026-03-27 10:16:54 |[34;20m INFO     [0m|[34;20m nipype.workflow  [0m|[34;20m [Node] Executing "_gcor3" <mriqc.interfaces.transitional.GCOR>[0m
2026-03-27 10:16:54 |[34;20m INFO     [0m|[34;20m nipype.workflow  [0m|[34;20m [Node] Executing "_gcor4" <mriqc.interfaces.transitional.GCOR>[0m
2026-03-27 10:16:54 |[34;20m INFO     [0m|[34;20m nipype.workflow  [0m|[34;20m [Node] Finished "_ComputeDVARS4", elapsed time 34.121628s.[0m
2026-03-27 10:16:54 |[34;20m INFO     [0m|[34;20m nipype.workflow  [0m|[34;20m [Node] Finished "_ComputeDVARS2", elapsed time 34.465417s.[0m
2026-03-27 10:16:55 |[34;20m INFO     [0m|[34;20m nipype.workflow  [0m|[34;20m [Node] Finished "_ComputeDVARS3", elapsed time 34.667246s.[0m
2026-03-27 10:16:56 |[34;20m INFO     [0m|[34;20m nipype.workflow  [0m|[34;20m [Node] Finished "_gcor0", elapsed time 13.904755s.[0m
2026-03-27 10:16:56 |[34;20m INFO     [0m|[34;20m nipype.workflow  [0m|[34;20m [Node] Setting-up "_PlotMosaicZoomed0" in "/local/nvme/ds006193_24053.783955/ds/tmp/mriqc_wf/funcMRIQC/func_report_wf/62325a652eefcadfe0b75061ecf8d7e5fac4daa0/PlotMosaicZoomed/mapflow/_PlotMosaicZoomed0".[0m
2026-03-27 10:16:56 |[34;20m INFO     [0m|[34;20m nipype.workflow  [0m|[34;20m [Node] Setting-up "_PlotMosaicZoomed1" in "/local/nvme/ds006193_24053.783955/ds/tmp/mriqc_wf/funcMRIQC/func_report_wf/62325a652eefcadfe0b75061ecf8d7e5fac4daa0/PlotMosaicZoomed/mapflow/_PlotMosaicZoomed1".[0m
2026-03-27 10:16:56 |[34;20m INFO     [0m|[34;20m nipype.workflow  [0m|[34;20m [Node] Executing "_PlotMosaicZoomed0" <nireports.interfaces.mosaic.PlotMosaic>[0m
2026-03-27 10:16:56 |[34;20m INFO     [0m|[34;20m nipype.workflow  [0m|[34;20m [Node] Setting-up "_ComputeDVARS0" in "/local/nvme/ds006193_24053.783955/ds/tmp/mriqc_wf/funcMRIQC/ComputeIQMs/62325a652eefcadfe0b75061ecf8d7e5fac4daa0/ComputeDVARS/mapflow/_ComputeDVARS0".[0m
2026-03-27 10:16:56 |[34;20m INFO     [0m|[34;20m nipype.workflow  [0m|[34;20m [Node] Executing "_PlotMosaicZoomed1" <nireports.interfaces.mosaic.PlotMosaic>[0m
2026-03-27 10:16:56 |[34;20m INFO     [0m|[34;20m nipype.workflow  [0m|[34;20m [Node] Cached "_ComputeDVARS0" - collecting precomputed outputs[0m
2026-03-27 10:16:56 |[34;20m INFO     [0m|[34;20m nipype.workflow  [0m|[34;20m [Node] "_ComputeDVARS0" found cached.[0m
2026-03-27 10:16:56 |[34;20m INFO     [0m|[34;20m nipype.workflow  [0m|[34;20m [Node] Setting-up "_ComputeDVARS1" in "/local/nvme/ds006193_24053.783955/ds/tmp/mriqc_wf/funcMRIQC/ComputeIQMs/62325a652eefcadfe0b75061ecf8d7e5fac4daa0/ComputeDVARS/mapflow/_ComputeDVARS1".[0m
2026-03-27 10:16:56 |[34;20m INFO     [0m|[34;20m nipype.workflow  [0m|[34;20m [Node] Cached "_ComputeDVARS1" - collecting precomputed outputs[0m
2026-03-27 10:16:56 |[34;20m INFO     [0m|[34;20m nipype.workflow  [0m|[34;20m [Node] "_ComputeDVARS1" found cached.[0m
2026-03-27 10:16:56 |[34;20m INFO     [0m|[34;20m nipype.workflow  [0m|[34;20m [Node] Setting-up "_ComputeDVARS2" in "/local/nvme/ds006193_24053.783955/ds/tmp/mriqc_wf/funcMRIQC/ComputeIQMs/62325a652eefcadfe0b75061ecf8d7e5fac4daa0/ComputeDVARS/mapflow/_ComputeDVARS2".[0m
2026-03-27 10:16:56 |[34;20m INFO     [0m|[34;20m nipype.workflow  [0m|[34;20m [Node] Cached "_ComputeDVARS2" - collecting precomputed outputs[0m
2026-03-27 10:16:56 |[34;20m INFO     [0m|[34;20m nipype.workflow  [0m|[34;20m [Node] "_ComputeDVARS2" found cached.[0m
2026-03-27 10:16:56 |[34;20m INFO     [0m|[34;20m nipype.workflow  [0m|[34;20m [Node] Setting-up "_ComputeDVARS3" in "/local/nvme/ds006193_24053.783955/ds/tmp/mriqc_wf/funcMRIQC/ComputeIQMs/62325a652eefcadfe0b75061ecf8d7e5fac4daa0/ComputeDVARS/mapflow/_ComputeDVARS3".[0m
2026-03-27 10:16:56 |[34;20m INFO     [0m|[34;20m nipype.workflow  [0m|[34;20m [Node] Cached "_ComputeDVARS3" - collecting precomputed outputs[0m
2026-03-27 10:16:56 |[34;20m INFO     [0m|[34;20m nipype.workflow  [0m|[34;20m [Node] "_ComputeDVARS3" found cached.[0m
2026-03-27 10:16:56 |[34;20m INFO     [0m|[34;20m nipype.workflow  [0m|[34;20m [Node] Setting-up "_ComputeDVARS4" in "/local/nvme/ds006193_24053.783955/ds/tmp/mriqc_wf/funcMRIQC/ComputeIQMs/62325a652eefcadfe0b75061ecf8d7e5fac4daa0/ComputeDVARS/mapflow/_ComputeDVARS4".[0m
2026-03-27 10:16:56 |[34;20m INFO     [0m|[34;20m nipype.workflow  [0m|[34;20m [Node] Cached "_ComputeDVARS4" - collecting precomputed outputs[0m
2026-03-27 10:16:56 |[34;20m INFO     [0m|[34;20m nipype.workflow  [0m|[34;20m [Node] "_ComputeDVARS4" found cached.[0m
2026-03-27 10:16:58 |[34;20m INFO     [0m|[34;20m nipype.workflow  [0m|[34;20m [Node] Finished "_PlotMosaicZoomed0", elapsed time 1.671538s.[0m
2026-03-27 10:16:58 |[34;20m INFO     [0m|[34;20m nipype.workflow  [0m|[34;20m [Node] Finished "_PlotMosaicZoomed1", elapsed time 1.772866s.[0m
2026-03-27 10:16:58 |[34;20m INFO     [0m|[34;20m nipype.workflow  [0m|[34;20m [Node] Setting-up "_PlotMosaicZoomed3" in "/local/nvme/ds006193_24053.783955/ds/tmp/mriqc_wf/funcMRIQC/func_report_wf/62325a652eefcadfe0b75061ecf8d7e5fac4daa0/PlotMosaicZoomed/mapflow/_PlotMosaicZoomed3".[0m
2026-03-27 10:16:58 |[34;20m INFO     [0m|[34;20m nipype.workflow  [0m|[34;20m [Node] Setting-up "_PlotMosaicZoomed2" in "/local/nvme/ds006193_24053.783955/ds/tmp/mriqc_wf/funcMRIQC/func_report_wf/62325a652eefcadfe0b75061ecf8d7e5fac4daa0/PlotMosaicZoomed/mapflow/_PlotMosaicZoomed2".[0m
2026-03-27 10:16:58 |[34;20m INFO     [0m|[34;20m nipype.workflow  [0m|[34;20m [Node] Setting-up "_PlotMosaicZoomed4" in "/local/nvme/ds006193_24053.783955/ds/tmp/mriqc_wf/funcMRIQC/func_report_wf/62325a652eefcadfe0b75061ecf8d7e5fac4daa0/PlotMosaicZoomed/mapflow/_PlotMosaicZoomed4".[0m
2026-03-27 10:16:58 |[34;20m INFO     [0m|[34;20m nipype.workflow  [0m|[34;20m [Node] Setting-up "_timeseries0" in "/local/nvme/ds006193_24053.783955/ds/tmp/mriqc_wf/funcMRIQC/ComputeIQMs/fc72f369a689cbc02a52d801a73e788f6f9085c0/timeseries/mapflow/_timeseries0".[0m
2026-03-27 10:16:58 |[34;20m INFO     [0m|[34;20m nipype.workflow  [0m|[34;20m [Node] Executing "_PlotMosaicZoomed3" <nireports.interfaces.mosaic.PlotMosaic>[0m
2026-03-27 10:16:58 |[34;20m INFO     [0m|[34;20m nipype.workflow  [0m|[34;20m [Node] Executing "_PlotMosaicZoomed2" <nireports.interfaces.mosaic.PlotMosaic>[0m
2026-03-27 10:16:58 |[34;20m INFO     [0m|[34;20m nipype.workflow  [0m|[34;20m [Node] Executing "_PlotMosaicZoomed4" <nireports.interfaces.mosaic.PlotMosaic>[0m
2026-03-27 10:16:58 |[34;20m INFO     [0m|[34;20m nipype.workflow  [0m|[34;20m [Node] Executing "_timeseries0" <mriqc.interfaces.functional.GatherTimeseries>[0m
2026-03-27 10:16:58 |[34;20m INFO     [0m|[34;20m nipype.workflow  [0m|[34;20m [Node] Finished "_timeseries0", elapsed time 0.01832s.[0m
2026-03-27 10:17:00 |[34;20m INFO     [0m|[34;20m nipype.workflow  [0m|[34;20m [Node] Finished "_PlotMosaicZoomed3", elapsed time 1.7846009999999999s.[0m
2026-03-27 10:17:00 |[34;20m INFO     [0m|[34;20m nipype.workflow  [0m|[34;20m [Node] Finished "_PlotMosaicZoomed4", elapsed time 1.8961869999999998s.[0m
2026-03-27 10:17:00 |[34;20m INFO     [0m|[34;20m nipype.workflow  [0m|[34;20m [Node] Setting-up "_timeseries1" in "/local/nvme/ds006193_24053.783955/ds/tmp/mriqc_wf/funcMRIQC/ComputeIQMs/fc72f369a689cbc02a52d801a73e788f6f9085c0/timeseries/mapflow/_timeseries1".[0m
2026-03-27 10:17:00 |[34;20m INFO     [0m|[34;20m nipype.workflow  [0m|[34;20m [Node] Setting-up "_timeseries2" in "/local/nvme/ds006193_24053.783955/ds/tmp/mriqc_wf/funcMRIQC/ComputeIQMs/fc72f369a689cbc02a52d801a73e788f6f9085c0/timeseries/mapflow/_timeseries2".[0m
2026-03-27 10:17:00 |[34;20m INFO     [0m|[34;20m nipype.workflow  [0m|[34;20m [Node] Executing "_timeseries1" <mriqc.interfaces.functional.GatherTimeseries>[0m
2026-03-27 10:17:00 |[34;20m INFO     [0m|[34;20m nipype.workflow  [0m|[34;20m [Node] Executing "_timeseries2" <mriqc.interfaces.functional.GatherTimeseries>[0m
2026-03-27 10:17:00 |[34;20m INFO     [0m|[34;20m nipype.workflow  [0m|[34;20m [Node] Finished "_timeseries1", elapsed time 0.008626s.[0m
2026-03-27 10:17:00 |[34;20m INFO     [0m|[34;20m nipype.workflow  [0m|[34;20m [Node] Finished "_timeseries2", elapsed time 0.010772s.[0m
2026-03-27 10:17:00 |[34;20m INFO     [0m|[34;20m nipype.workflow  [0m|[34;20m [Node] Finished "_PlotMosaicZoomed2", elapsed time 2.100884s.[0m
2026-03-27 10:17:02 |[34;20m INFO     [0m|[34;20m nipype.workflow  [0m|[34;20m [Node] Finished "_gcor1", elapsed time 13.827504s.[0m
2026-03-27 10:17:02 |[34;20m INFO     [0m|[34;20m nipype.workflow  [0m|[34;20m [Node] Setting-up "_measures0" in "/local/nvme/ds006193_24053.783955/ds/tmp/mriqc_wf/funcMRIQC/ComputeIQMs/fc72f369a689cbc02a52d801a73e788f6f9085c0/measures/mapflow/_measures0".[0m
2026-03-27 10:17:02 |[34;20m INFO     [0m|[34;20m nipype.workflow  [0m|[34;20m [Node] Executing "_measures0" <mriqc.interfaces.functional.FunctionalQC>[0m
2026-03-27 10:17:02 |[34;20m INFO     [0m|[34;20m nipype.workflow  [0m|[34;20m [Node] Setting-up "_PlotMosaicZoomed0" in "/local/nvme/ds006193_24053.783955/ds/tmp/mriqc_wf/funcMRIQC/func_report_wf/62325a652eefcadfe0b75061ecf8d7e5fac4daa0/PlotMosaicZoomed/mapflow/_PlotMosaicZoomed0".[0m
2026-03-27 10:17:02 |[34;20m INFO     [0m|[34;20m nipype.workflow  [0m|[34;20m [Node] Cached "_PlotMosaicZoomed0" - collecting precomputed outputs[0m
2026-03-27 10:17:02 |[34;20m INFO     [0m|[34;20m nipype.workflow  [0m|[34;20m [Node] "_PlotMosaicZoomed0" found cached.[0m
2026-03-27 10:17:02 |[34;20m INFO     [0m|[34;20m nipype.workflow  [0m|[34;20m [Node] Setting-up "_PlotMosaicZoomed1" in "/local/nvme/ds006193_24053.783955/ds/tmp/mriqc_wf/funcMRIQC/func_report_wf/62325a652eefcadfe0b75061ecf8d7e5fac4daa0/PlotMosaicZoomed/mapflow/_PlotMosaicZoomed1".[0m
2026-03-27 10:17:02 |[34;20m INFO     [0m|[34;20m nipype.workflow  [0m|[34;20m [Node] Cached "_PlotMosaicZoomed1" - collecting precomputed outputs[0m
2026-03-27 10:17:02 |[34;20m INFO     [0m|[34;20m nipype.workflow  [0m|[34;20m [Node] "_PlotMosaicZoomed1" found cached.[0m
2026-03-27 10:17:02 |[34;20m INFO     [0m|[34;20m nipype.workflow  [0m|[34;20m [Node] Setting-up "_PlotMosaicZoomed2" in "/local/nvme/ds006193_24053.783955/ds/tmp/mriqc_wf/funcMRIQC/func_report_wf/62325a652eefcadfe0b75061ecf8d7e5fac4daa0/PlotMosaicZoomed/mapflow/_PlotMosaicZoomed2".[0m
2026-03-27 10:17:02 |[34;20m INFO     [0m|[34;20m nipype.workflow  [0m|[34;20m [Node] Cached "_PlotMosaicZoomed2" - collecting precomputed outputs[0m
2026-03-27 10:17:02 |[34;20m INFO     [0m|[34;20m nipype.workflow  [0m|[34;20m [Node] "_PlotMosaicZoomed2" found cached.[0m
2026-03-27 10:17:02 |[34;20m INFO     [0m|[34;20m nipype.workflow  [0m|[34;20m [Node] Setting-up "_PlotMosaicZoomed3" in "/local/nvme/ds006193_24053.783955/ds/tmp/mriqc_wf/funcMRIQC/func_report_wf/62325a652eefcadfe0b75061ecf8d7e5fac4daa0/PlotMosaicZoomed/mapflow/_PlotMosaicZoomed3".[0m
2026-03-27 10:17:02 |[34;20m INFO     [0m|[34;20m nipype.workflow  [0m|[34;20m [Node] Cached "_PlotMosaicZoomed3" - collecting precomputed outputs[0m
2026-03-27 10:17:02 |[34;20m INFO     [0m|[34;20m nipype.workflow  [0m|[34;20m [Node] "_PlotMosaicZoomed3" found cached.[0m
2026-03-27 10:17:02 |[34;20m INFO     [0m|[34;20m nipype.workflow  [0m|[34;20m [Node] Setting-up "_PlotMosaicZoomed4" in "/local/nvme/ds006193_24053.783955/ds/tmp/mriqc_wf/funcMRIQC/func_report_wf/62325a652eefcadfe0b75061ecf8d7e5fac4daa0/PlotMosaicZoomed/mapflow/_PlotMosaicZoomed4".[0m
2026-03-27 10:17:02 |[34;20m INFO     [0m|[34;20m nipype.workflow  [0m|[34;20m [Node] Cached "_PlotMosaicZoomed4" - collecting precomputed outputs[0m
2026-03-27 10:17:02 |[34;20m INFO     [0m|[34;20m nipype.workflow  [0m|[34;20m [Node] "_PlotMosaicZoomed4" found cached.[0m
2026-03-27 10:17:04 |[34;20m INFO     [0m|[34;20m nipype.workflow  [0m|[34;20m [Node] Finished "_gcor2", elapsed time 13.795234s.[0m
2026-03-27 10:17:04 |[34;20m INFO     [0m|[34;20m nipype.workflow  [0m|[34;20m [Node] Setting-up "_timeseries3" in "/local/nvme/ds006193_24053.783955/ds/tmp/mriqc_wf/funcMRIQC/ComputeIQMs/fc72f369a689cbc02a52d801a73e788f6f9085c0/timeseries/mapflow/_timeseries3".[0m
2026-03-27 10:17:04 |[34;20m INFO     [0m|[34;20m nipype.workflow  [0m|[34;20m [Node] Executing "_timeseries3" <mriqc.interfaces.functional.GatherTimeseries>[0m
2026-03-27 10:17:04 |[34;20m INFO     [0m|[34;20m nipype.workflow  [0m|[34;20m [Node] Setting-up "_timeseries4" in "/local/nvme/ds006193_24053.783955/ds/tmp/mriqc_wf/funcMRIQC/ComputeIQMs/fc72f369a689cbc02a52d801a73e788f6f9085c0/timeseries/mapflow/_timeseries4".[0m
2026-03-27 10:17:04 |[34;20m INFO     [0m|[34;20m nipype.workflow  [0m|[34;20m [Node] Executing "_timeseries4" <mriqc.interfaces.functional.GatherTimeseries>[0m
2026-03-27 10:17:04 |[34;20m INFO     [0m|[34;20m nipype.workflow  [0m|[34;20m [Node] Finished "_timeseries3", elapsed time 0.008795s.[0m
2026-03-27 10:17:04 |[34;20m INFO     [0m|[34;20m nipype.workflow  [0m|[34;20m [Node] Finished "_timeseries4", elapsed time 0.011516s.[0m
2026-03-27 10:17:05 |[34;20m INFO     [0m|[34;20m nipype.workflow  [0m|[34;20m [Node] Finished "_measures0", elapsed time 3.081897s.[0m
2026-03-27 10:17:06 |[34;20m INFO     [0m|[34;20m nipype.workflow  [0m|[34;20m [Node] Setting-up "_ds_report_zoomed0" in "/local/nvme/ds006193_24053.783955/ds/tmp/mriqc_wf/funcMRIQC/func_report_wf/fc72f369a689cbc02a52d801a73e788f6f9085c0/ds_report_zoomed/mapflow/_ds_report_zoomed0".[0m
2026-03-27 10:17:06 |[34;20m INFO     [0m|[34;20m nipype.workflow  [0m|[34;20m [Node] Setting-up "_measures1" in "/local/nvme/ds006193_24053.783955/ds/tmp/mriqc_wf/funcMRIQC/ComputeIQMs/fc72f369a689cbc02a52d801a73e788f6f9085c0/measures/mapflow/_measures1".[0m
2026-03-27 10:17:06 |[34;20m INFO     [0m|[34;20m nipype.workflow  [0m|[34;20m [Node] Executing "_measures1" <mriqc.interfaces.functional.FunctionalQC>[0m
2026-03-27 10:17:06 |[34;20m INFO     [0m|[34;20m nipype.workflow  [0m|[34;20m [Node] Executing "_ds_report_zoomed0" <mriqc.interfaces.DerivativesDataSink>[0m
2026-03-27 10:17:06 |[34;20m INFO     [0m|[34;20m nipype.workflow  [0m|[34;20m [Node] Setting-up "_timeseries0" in "/local/nvme/ds006193_24053.783955/ds/tmp/mriqc_wf/funcMRIQC/ComputeIQMs/fc72f369a689cbc02a52d801a73e788f6f9085c0/timeseries/mapflow/_timeseries0".[0m
2026-03-27 10:17:06 |[34;20m INFO     [0m|[34;20m nipype.workflow  [0m|[34;20m [Node] Cached "_timeseries0" - collecting precomputed outputs[0m
2026-03-27 10:17:06 |[34;20m INFO     [0m|[34;20m nipype.workflow  [0m|[34;20m [Node] "_timeseries0" found cached.[0m
2026-03-27 10:17:06 |[34;20m INFO     [0m|[34;20m nipype.workflow  [0m|[34;20m [Node] Setting-up "_timeseries1" in "/local/nvme/ds006193_24053.783955/ds/tmp/mriqc_wf/funcMRIQC/ComputeIQMs/fc72f369a689cbc02a52d801a73e788f6f9085c0/timeseries/mapflow/_timeseries1".[0m
2026-03-27 10:17:06 |[34;20m INFO     [0m|[34;20m nipype.workflow  [0m|[34;20m [Node] Cached "_timeseries1" - collecting precomputed outputs[0m
2026-03-27 10:17:06 |[34;20m INFO     [0m|[34;20m nipype.workflow  [0m|[34;20m [Node] "_timeseries1" found cached.[0m
2026-03-27 10:17:06 |[34;20m INFO     [0m|[34;20m nipype.workflow  [0m|[34;20m [Node] Setting-up "_timeseries2" in "/local/nvme/ds006193_24053.783955/ds/tmp/mriqc_wf/funcMRIQC/ComputeIQMs/fc72f369a689cbc02a52d801a73e788f6f9085c0/timeseries/mapflow/_timeseries2".[0m
2026-03-27 10:17:06 |[34;20m INFO     [0m|[34;20m nipype.workflow  [0m|[34;20m [Node] Cached "_timeseries2" - collecting precomputed outputs[0m
2026-03-27 10:17:06 |[34;20m INFO     [0m|[34;20m nipype.workflow  [0m|[34;20m [Node] "_timeseries2" found cached.[0m
2026-03-27 10:17:06 |[34;20m INFO     [0m|[34;20m nipype.workflow  [0m|[34;20m [Node] Finished "_ds_report_zoomed0", elapsed time 0.005323s.[0m
2026-03-27 10:17:06 |[34;20m INFO     [0m|[34;20m nipype.workflow  [0m|[34;20m [Node] Setting-up "_timeseries3" in "/local/nvme/ds006193_24053.783955/ds/tmp/mriqc_wf/funcMRIQC/ComputeIQMs/fc72f369a689cbc02a52d801a73e788f6f9085c0/timeseries/mapflow/_timeseries3".[0m
2026-03-27 10:17:06 |[34;20m INFO     [0m|[34;20m nipype.workflow  [0m|[34;20m [Node] Cached "_timeseries3" - collecting precomputed outputs[0m
2026-03-27 10:17:06 |[34;20m INFO     [0m|[34;20m nipype.workflow  [0m|[34;20m [Node] "_timeseries3" found cached.[0m
2026-03-27 10:17:06 |[34;20m INFO     [0m|[34;20m nipype.workflow  [0m|[34;20m [Node] Setting-up "_timeseries4" in "/local/nvme/ds006193_24053.783955/ds/tmp/mriqc_wf/funcMRIQC/ComputeIQMs/fc72f369a689cbc02a52d801a73e788f6f9085c0/timeseries/mapflow/_timeseries4".[0m
2026-03-27 10:17:06 |[34;20m INFO     [0m|[34;20m nipype.workflow  [0m|[34;20m [Node] Cached "_timeseries4" - collecting precomputed outputs[0m
2026-03-27 10:17:06 |[34;20m INFO     [0m|[34;20m nipype.workflow  [0m|[34;20m [Node] "_timeseries4" found cached.[0m
2026-03-27 10:17:06 |[34;20m INFO     [0m|[34;20m nipype.workflow  [0m|[34;20m [Node] Setting-up "_ds_report_zoomed1" in "/local/nvme/ds006193_24053.783955/ds/tmp/mriqc_wf/funcMRIQC/func_report_wf/fc72f369a689cbc02a52d801a73e788f6f9085c0/ds_report_zoomed/mapflow/_ds_report_zoomed1".[0m
2026-03-27 10:17:06 |[34;20m INFO     [0m|[34;20m nipype.workflow  [0m|[34;20m [Node] Executing "_ds_report_zoomed1" <mriqc.interfaces.DerivativesDataSink>[0m
2026-03-27 10:17:06 |[34;20m INFO     [0m|[34;20m nipype.workflow  [0m|[34;20m [Node] Finished "_ds_report_zoomed1", elapsed time 0.005102s.[0m
2026-03-27 10:17:06 |[34;20m INFO     [0m|[34;20m nipype.workflow  [0m|[34;20m [Node] Setting-up "_ds_report_zoomed2" in "/local/nvme/ds006193_24053.783955/ds/tmp/mriqc_wf/funcMRIQC/func_report_wf/fc72f369a689cbc02a52d801a73e788f6f9085c0/ds_report_zoomed/mapflow/_ds_report_zoomed2".[0m
2026-03-27 10:17:06 |[34;20m INFO     [0m|[34;20m nipype.workflow  [0m|[34;20m [Node] Executing "_ds_report_zoomed2" <mriqc.interfaces.DerivativesDataSink>[0m
2026-03-27 10:17:06 |[34;20m INFO     [0m|[34;20m nipype.workflow  [0m|[34;20m [Node] Finished "_ds_report_zoomed2", elapsed time 0.005598s.[0m
2026-03-27 10:17:06 |[34;20m INFO     [0m|[34;20m nipype.workflow  [0m|[34;20m [Node] Setting-up "_ds_report_zoomed3" in "/local/nvme/ds006193_24053.783955/ds/tmp/mriqc_wf/funcMRIQC/func_report_wf/fc72f369a689cbc02a52d801a73e788f6f9085c0/ds_report_zoomed/mapflow/_ds_report_zoomed3".[0m
2026-03-27 10:17:06 |[34;20m INFO     [0m|[34;20m nipype.workflow  [0m|[34;20m [Node] Executing "_ds_report_zoomed3" <mriqc.interfaces.DerivativesDataSink>[0m
2026-03-27 10:17:06 |[34;20m INFO     [0m|[34;20m nipype.workflow  [0m|[34;20m [Node] Finished "_ds_report_zoomed3", elapsed time 0.005095s.[0m
2026-03-27 10:17:06 |[34;20m INFO     [0m|[34;20m nipype.workflow  [0m|[34;20m [Node] Setting-up "_ds_report_zoomed4" in "/local/nvme/ds006193_24053.783955/ds/tmp/mriqc_wf/funcMRIQC/func_report_wf/fc72f369a689cbc02a52d801a73e788f6f9085c0/ds_report_zoomed/mapflow/_ds_report_zoomed4".[0m
2026-03-27 10:17:06 |[34;20m INFO     [0m|[34;20m nipype.workflow  [0m|[34;20m [Node] Executing "_ds_report_zoomed4" <mriqc.interfaces.DerivativesDataSink>[0m
2026-03-27 10:17:06 |[34;20m INFO     [0m|[34;20m nipype.workflow  [0m|[34;20m [Node] Finished "_ds_report_zoomed4", elapsed time 0.005159s.[0m
2026-03-27 10:17:07 |[34;20m INFO     [0m|[34;20m nipype.workflow  [0m|[34;20m [Node] Setting-up "_timeseries0" in "/local/nvme/ds006193_24053.783955/ds/tmp/mriqc_wf/funcMRIQC/ComputeIQMs/62325a652eefcadfe0b75061ecf8d7e5fac4daa0/timeseries/mapflow/_timeseries0".[0m
2026-03-27 10:17:07 |[34;20m INFO     [0m|[34;20m nipype.workflow  [0m|[34;20m [Node] Executing "_timeseries0" <mriqc.interfaces.functional.GatherTimeseries>[0m
2026-03-27 10:17:07 |[34;20m INFO     [0m|[34;20m nipype.workflow  [0m|[34;20m [Node] Finished "_timeseries0", elapsed time 0.014021s.[0m
2026-03-27 10:17:08 |[34;20m INFO     [0m|[34;20m nipype.workflow  [0m|[34;20m [Node] Finished "_gcor4", elapsed time 13.665266s.[0m
2026-03-27 10:17:08 |[34;20m INFO     [0m|[34;20m nipype.workflow  [0m|[34;20m [Node] Finished "_gcor3", elapsed time 13.714791s.[0m
2026-03-27 10:17:08 |[34;20m INFO     [0m|[34;20m nipype.workflow  [0m|[34;20m [Node] Setting-up "_gcor0" in "/local/nvme/ds006193_24053.783955/ds/tmp/mriqc_wf/funcMRIQC/ComputeIQMs/62325a652eefcadfe0b75061ecf8d7e5fac4daa0/gcor/mapflow/_gcor0".[0m
2026-03-27 10:17:08 |[34;20m INFO     [0m|[34;20m nipype.workflow  [0m|[34;20m [Node] Cached "_gcor0" - collecting precomputed outputs[0m
2026-03-27 10:17:08 |[34;20m INFO     [0m|[34;20m nipype.workflow  [0m|[34;20m [Node] "_gcor0" found cached.[0m
2026-03-27 10:17:08 |[34;20m INFO     [0m|[34;20m nipype.workflow  [0m|[34;20m [Node] Setting-up "_gcor1" in "/local/nvme/ds006193_24053.783955/ds/tmp/mriqc_wf/funcMRIQC/ComputeIQMs/62325a652eefcadfe0b75061ecf8d7e5fac4daa0/gcor/mapflow/_gcor1".[0m
2026-03-27 10:17:08 |[34;20m INFO     [0m|[34;20m nipype.workflow  [0m|[34;20m [Node] Cached "_gcor1" - collecting precomputed outputs[0m
2026-03-27 10:17:08 |[34;20m INFO     [0m|[34;20m nipype.workflow  [0m|[34;20m [Node] "_gcor1" found cached.[0m
2026-03-27 10:17:08 |[34;20m INFO     [0m|[34;20m nipype.workflow  [0m|[34;20m [Node] Setting-up "_gcor2" in "/local/nvme/ds006193_24053.783955/ds/tmp/mriqc_wf/funcMRIQC/ComputeIQMs/62325a652eefcadfe0b75061ecf8d7e5fac4daa0/gcor/mapflow/_gcor2".[0m
2026-03-27 10:17:08 |[34;20m INFO     [0m|[34;20m nipype.workflow  [0m|[34;20m [Node] Cached "_gcor2" - collecting precomputed outputs[0m
2026-03-27 10:17:08 |[34;20m INFO     [0m|[34;20m nipype.workflow  [0m|[34;20m [Node] "_gcor2" found cached.[0m
2026-03-27 10:17:08 |[34;20m INFO     [0m|[34;20m nipype.workflow  [0m|[34;20m [Node] Setting-up "_ds_report_zoomed0" in "/local/nvme/ds006193_24053.783955/ds/tmp/mriqc_wf/funcMRIQC/func_report_wf/fc72f369a689cbc02a52d801a73e788f6f9085c0/ds_report_zoomed/mapflow/_ds_report_zoomed0".[0m
2026-03-27 10:17:08 |[34;20m INFO     [0m|[34;20m nipype.workflow  [0m|[34;20m [Node] Setting-up "_gcor3" in "/local/nvme/ds006193_24053.783955/ds/tmp/mriqc_wf/funcMRIQC/ComputeIQMs/62325a652eefcadfe0b75061ecf8d7e5fac4daa0/gcor/mapflow/_gcor3".[0m
2026-03-27 10:17:08 |[34;20m INFO     [0m|[34;20m nipype.workflow  [0m|[34;20m [Node] Cached "_gcor3" - collecting precomputed outputs[0m
2026-03-27 10:17:08 |[34;20m INFO     [0m|[34;20m nipype.workflow  [0m|[34;20m [Node] "_gcor3" found cached.[0m
2026-03-27 10:17:08 |[34;20m INFO     [0m|[34;20m nipype.workflow  [0m|[34;20m [Node] Setting-up "_gcor4" in "/local/nvme/ds006193_24053.783955/ds/tmp/mriqc_wf/funcMRIQC/ComputeIQMs/62325a652eefcadfe0b75061ecf8d7e5fac4daa0/gcor/mapflow/_gcor4".[0m
2026-03-27 10:17:08 |[34;20m INFO     [0m|[34;20m nipype.workflow  [0m|[34;20m [Node] Cached "_gcor4" - collecting precomputed outputs[0m
2026-03-27 10:17:08 |[34;20m INFO     [0m|[34;20m nipype.workflow  [0m|[34;20m [Node] "_gcor4" found cached.[0m
2026-03-27 10:17:08 |[34;20m INFO     [0m|[34;20m nipype.workflow  [0m|[34;20m [Node] Executing "_ds_report_zoomed0" <mriqc.interfaces.DerivativesDataSink>[0m
2026-03-27 10:17:08 |[34;20m INFO     [0m|[34;20m nipype.workflow  [0m|[34;20m [Node] Finished "_ds_report_zoomed0", elapsed time 0.005088s.[0m
2026-03-27 10:17:08 |[34;20m INFO     [0m|[34;20m nipype.workflow  [0m|[34;20m [Node] Setting-up "_ds_report_zoomed1" in "/local/nvme/ds006193_24053.783955/ds/tmp/mriqc_wf/funcMRIQC/func_report_wf/fc72f369a689cbc02a52d801a73e788f6f9085c0/ds_report_zoomed/mapflow/_ds_report_zoomed1".[0m
2026-03-27 10:17:08 |[34;20m INFO     [0m|[34;20m nipype.workflow  [0m|[34;20m [Node] Executing "_ds_report_zoomed1" <mriqc.interfaces.DerivativesDataSink>[0m
2026-03-27 10:17:08 |[34;20m INFO     [0m|[34;20m nipype.workflow  [0m|[34;20m [Node] Finished "_ds_report_zoomed1", elapsed time 0.004372s.[0m
2026-03-27 10:17:08 |[34;20m INFO     [0m|[34;20m nipype.workflow  [0m|[34;20m [Node] Setting-up "_ds_report_zoomed2" in "/local/nvme/ds006193_24053.783955/ds/tmp/mriqc_wf/funcMRIQC/func_report_wf/fc72f369a689cbc02a52d801a73e788f6f9085c0/ds_report_zoomed/mapflow/_ds_report_zoomed2".[0m
2026-03-27 10:17:08 |[34;20m INFO     [0m|[34;20m nipype.workflow  [0m|[34;20m [Node] Executing "_ds_report_zoomed2" <mriqc.interfaces.DerivativesDataSink>[0m
2026-03-27 10:17:08 |[34;20m INFO     [0m|[34;20m nipype.workflow  [0m|[34;20m [Node] Finished "_ds_report_zoomed2", elapsed time 0.004351s.[0m
2026-03-27 10:17:08 |[34;20m INFO     [0m|[34;20m nipype.workflow  [0m|[34;20m [Node] Setting-up "_ds_report_zoomed3" in "/local/nvme/ds006193_24053.783955/ds/tmp/mriqc_wf/funcMRIQC/func_report_wf/fc72f369a689cbc02a52d801a73e788f6f9085c0/ds_report_zoomed/mapflow/_ds_report_zoomed3".[0m
2026-03-27 10:17:08 |[34;20m INFO     [0m|[34;20m nipype.workflow  [0m|[34;20m [Node] Executing "_ds_report_zoomed3" <mriqc.interfaces.DerivativesDataSink>[0m
2026-03-27 10:17:08 |[34;20m INFO     [0m|[34;20m nipype.workflow  [0m|[34;20m [Node] Finished "_ds_report_zoomed3", elapsed time 0.004308s.[0m
2026-03-27 10:17:08 |[34;20m INFO     [0m|[34;20m nipype.workflow  [0m|[34;20m [Node] Setting-up "_ds_report_zoomed4" in "/local/nvme/ds006193_24053.783955/ds/tmp/mriqc_wf/funcMRIQC/func_report_wf/fc72f369a689cbc02a52d801a73e788f6f9085c0/ds_report_zoomed/mapflow/_ds_report_zoomed4".[0m
2026-03-27 10:17:08 |[34;20m INFO     [0m|[34;20m nipype.workflow  [0m|[34;20m [Node] Executing "_ds_report_zoomed4" <mriqc.interfaces.DerivativesDataSink>[0m
2026-03-27 10:17:08 |[34;20m INFO     [0m|[34;20m nipype.workflow  [0m|[34;20m [Node] Finished "_ds_report_zoomed4", elapsed time 0.004349s.[0m
2026-03-27 10:17:08 |[34;20m INFO     [0m|[34;20m nipype.workflow  [0m|[34;20m [Node] Setting-up "_timeseries1" in "/local/nvme/ds006193_24053.783955/ds/tmp/mriqc_wf/funcMRIQC/ComputeIQMs/62325a652eefcadfe0b75061ecf8d7e5fac4daa0/timeseries/mapflow/_timeseries1".[0m
2026-03-27 10:17:08 |[34;20m INFO     [0m|[34;20m nipype.workflow  [0m|[34;20m [Node] Setting-up "_BigPlot0" in "/local/nvme/ds006193_24053.783955/ds/tmp/mriqc_wf/funcMRIQC/func_report_wf/fc72f369a689cbc02a52d801a73e788f6f9085c0/BigPlot/mapflow/_BigPlot0".[0m
2026-03-27 10:17:08 |[34;20m INFO     [0m|[34;20m nipype.workflow  [0m|[34;20m [Node] Executing "_timeseries1" <mriqc.interfaces.functional.GatherTimeseries>[0m
2026-03-27 10:17:08 |[34;20m INFO     [0m|[34;20m nipype.workflow  [0m|[34;20m [Node] Executing "_BigPlot0" <nireports.interfaces.fmri.FMRISummary>[0m
2026-03-27 10:17:08 |[34;20m INFO     [0m|[34;20m nipype.workflow  [0m|[34;20m [Node] Finished "_timeseries1", elapsed time 0.011253s.[0m
2026-03-27 10:17:09 |[34;20m INFO     [0m|[34;20m nipype.workflow  [0m|[34;20m [Node] Finished "_measures1", elapsed time 3.152409s.[0m
2026-03-27 10:17:10 |[34;20m INFO     [0m|[34;20m nipype.workflow  [0m|[34;20m [Node] Setting-up "_measures2" in "/local/nvme/ds006193_24053.783955/ds/tmp/mriqc_wf/funcMRIQC/ComputeIQMs/fc72f369a689cbc02a52d801a73e788f6f9085c0/measures/mapflow/_measures2".[0m
2026-03-27 10:17:10 |[34;20m INFO     [0m|[34;20m nipype.workflow  [0m|[34;20m [Node] Setting-up "_BigPlot1" in "/local/nvme/ds006193_24053.783955/ds/tmp/mriqc_wf/funcMRIQC/func_report_wf/fc72f369a689cbc02a52d801a73e788f6f9085c0/BigPlot/mapflow/_BigPlot1".[0m
2026-03-27 10:17:10 |[34;20m INFO     [0m|[34;20m nipype.workflow  [0m|[34;20m [Node] Executing "_measures2" <mriqc.interfaces.functional.FunctionalQC>[0m
2026-03-27 10:17:10 |[34;20m INFO     [0m|[34;20m nipype.workflow  [0m|[34;20m [Node] Executing "_BigPlot1" <nireports.interfaces.fmri.FMRISummary>[0m
2026-03-27 10:17:13 |[34;20m INFO     [0m|[34;20m nipype.workflow  [0m|[34;20m [Node] Finished "_measures2", elapsed time 3.070082s.[0m
2026-03-27 10:17:14 |[34;20m INFO     [0m|[34;20m nipype.workflow  [0m|[34;20m [Node] Setting-up "_measures3" in "/local/nvme/ds006193_24053.783955/ds/tmp/mriqc_wf/funcMRIQC/ComputeIQMs/fc72f369a689cbc02a52d801a73e788f6f9085c0/measures/mapflow/_measures3".[0m
2026-03-27 10:17:14 |[34;20m INFO     [0m|[34;20m nipype.workflow  [0m|[34;20m [Node] Executing "_measures3" <mriqc.interfaces.functional.FunctionalQC>[0m
2026-03-27 10:17:14 |[34;20m INFO     [0m|[34;20m nipype.workflow  [0m|[34;20m [Node] Finished "_BigPlot0", elapsed time 5.947016s.[0m
2026-03-27 10:17:16 |[34;20m INFO     [0m|[34;20m nipype.workflow  [0m|[34;20m [Node] Finished "_BigPlot1", elapsed time 5.8837019999999995s.[0m
2026-03-27 10:17:16 |[34;20m INFO     [0m|[34;20m nipype.workflow  [0m|[34;20m [Node] Setting-up "_BigPlot2" in "/local/nvme/ds006193_24053.783955/ds/tmp/mriqc_wf/funcMRIQC/func_report_wf/fc72f369a689cbc02a52d801a73e788f6f9085c0/BigPlot/mapflow/_BigPlot2".[0m
2026-03-27 10:17:16 |[34;20m INFO     [0m|[34;20m nipype.workflow  [0m|[34;20m [Node] Executing "_BigPlot2" <nireports.interfaces.fmri.FMRISummary>[0m
2026-03-27 10:17:17 |[34;20m INFO     [0m|[34;20m nipype.workflow  [0m|[34;20m [Node] Finished "_measures3", elapsed time 2.977871s.[0m
2026-03-27 10:17:18 |[34;20m INFO     [0m|[34;20m nipype.workflow  [0m|[34;20m [Node] Setting-up "_measures4" in "/local/nvme/ds006193_24053.783955/ds/tmp/mriqc_wf/funcMRIQC/ComputeIQMs/fc72f369a689cbc02a52d801a73e788f6f9085c0/measures/mapflow/_measures4".[0m
2026-03-27 10:17:18 |[34;20m INFO     [0m|[34;20m nipype.workflow  [0m|[34;20m [Node] Setting-up "_BigPlot3" in "/local/nvme/ds006193_24053.783955/ds/tmp/mriqc_wf/funcMRIQC/func_report_wf/fc72f369a689cbc02a52d801a73e788f6f9085c0/BigPlot/mapflow/_BigPlot3".[0m
2026-03-27 10:17:18 |[34;20m INFO     [0m|[34;20m nipype.workflow  [0m|[34;20m [Node] Executing "_BigPlot3" <nireports.interfaces.fmri.FMRISummary>[0m
2026-03-27 10:17:18 |[34;20m INFO     [0m|[34;20m nipype.workflow  [0m|[34;20m [Node] Executing "_measures4" <mriqc.interfaces.functional.FunctionalQC>[0m
2026-03-27 10:17:21 |[34;20m INFO     [0m|[34;20m nipype.workflow  [0m|[34;20m [Node] Finished "_measures4", elapsed time 3.105548s.[0m
2026-03-27 10:17:22 |[34;20m INFO     [0m|[34;20m nipype.workflow  [0m|[34;20m [Node] Setting-up "_measures0" in "/local/nvme/ds006193_24053.783955/ds/tmp/mriqc_wf/funcMRIQC/ComputeIQMs/fc72f369a689cbc02a52d801a73e788f6f9085c0/measures/mapflow/_measures0".[0m
2026-03-27 10:17:22 |[34;20m INFO     [0m|[34;20m nipype.workflow  [0m|[34;20m [Node] Cached "_measures0" - collecting precomputed outputs[0m
2026-03-27 10:17:22 |[34;20m INFO     [0m|[34;20m nipype.workflow  [0m|[34;20m [Node] "_measures0" found cached.[0m
2026-03-27 10:17:22 |[34;20m INFO     [0m|[34;20m nipype.workflow  [0m|[34;20m [Node] Setting-up "_measures1" in "/local/nvme/ds006193_24053.783955/ds/tmp/mriqc_wf/funcMRIQC/ComputeIQMs/fc72f369a689cbc02a52d801a73e788f6f9085c0/measures/mapflow/_measures1".[0m
2026-03-27 10:17:22 |[34;20m INFO     [0m|[34;20m nipype.workflow  [0m|[34;20m [Node] Cached "_measures1" - collecting precomputed outputs[0m
2026-03-27 10:17:22 |[34;20m INFO     [0m|[34;20m nipype.workflow  [0m|[34;20m [Node] "_measures1" found cached.[0m
2026-03-27 10:17:22 |[34;20m INFO     [0m|[34;20m nipype.workflow  [0m|[34;20m [Node] Setting-up "_measures2" in "/local/nvme/ds006193_24053.783955/ds/tmp/mriqc_wf/funcMRIQC/ComputeIQMs/fc72f369a689cbc02a52d801a73e788f6f9085c0/measures/mapflow/_measures2".[0m
2026-03-27 10:17:22 |[34;20m INFO     [0m|[34;20m nipype.workflow  [0m|[34;20m [Node] Cached "_measures2" - collecting precomputed outputs[0m
2026-03-27 10:17:22 |[34;20m INFO     [0m|[34;20m nipype.workflow  [0m|[34;20m [Node] "_measures2" found cached.[0m
2026-03-27 10:17:22 |[34;20m INFO     [0m|[34;20m nipype.workflow  [0m|[34;20m [Node] Setting-up "_measures3" in "/local/nvme/ds006193_24053.783955/ds/tmp/mriqc_wf/funcMRIQC/ComputeIQMs/fc72f369a689cbc02a52d801a73e788f6f9085c0/measures/mapflow/_measures3".[0m
2026-03-27 10:17:22 |[34;20m INFO     [0m|[34;20m nipype.workflow  [0m|[34;20m [Node] Cached "_measures3" - collecting precomputed outputs[0m
2026-03-27 10:17:22 |[34;20m INFO     [0m|[34;20m nipype.workflow  [0m|[34;20m [Node] "_measures3" found cached.[0m
2026-03-27 10:17:22 |[34;20m INFO     [0m|[34;20m nipype.workflow  [0m|[34;20m [Node] Setting-up "_measures4" in "/local/nvme/ds006193_24053.783955/ds/tmp/mriqc_wf/funcMRIQC/ComputeIQMs/fc72f369a689cbc02a52d801a73e788f6f9085c0/measures/mapflow/_measures4".[0m
2026-03-27 10:17:22 |[34;20m INFO     [0m|[34;20m nipype.workflow  [0m|[34;20m [Node] Cached "_measures4" - collecting precomputed outputs[0m
2026-03-27 10:17:22 |[34;20m INFO     [0m|[34;20m nipype.workflow  [0m|[34;20m [Node] "_measures4" found cached.[0m
2026-03-27 10:17:22 |[34;20m INFO     [0m|[34;20m nipype.workflow  [0m|[34;20m [Node] Finished "_BigPlot2", elapsed time 6.286316s.[0m
2026-03-27 10:17:24 |[34;20m INFO     [0m|[34;20m nipype.workflow  [0m|[34;20m [Node] Setting-up "_BigPlot4" in "/local/nvme/ds006193_24053.783955/ds/tmp/mriqc_wf/funcMRIQC/func_report_wf/fc72f369a689cbc02a52d801a73e788f6f9085c0/BigPlot/mapflow/_BigPlot4".[0m
2026-03-27 10:17:24 |[34;20m INFO     [0m|[34;20m nipype.workflow  [0m|[34;20m [Node] Setting-up "_measures0" in "/local/nvme/ds006193_24053.783955/ds/tmp/mriqc_wf/funcMRIQC/ComputeIQMs/62325a652eefcadfe0b75061ecf8d7e5fac4daa0/measures/mapflow/_measures0".[0m
2026-03-27 10:17:24 |[34;20m INFO     [0m|[34;20m nipype.workflow  [0m|[34;20m [Node] Executing "_BigPlot4" <nireports.interfaces.fmri.FMRISummary>[0m
2026-03-27 10:17:24 |[34;20m INFO     [0m|[34;20m nipype.workflow  [0m|[34;20m [Node] Executing "_measures0" <mriqc.interfaces.functional.FunctionalQC>[0m
2026-03-27 10:17:25 |[34;20m INFO     [0m|[34;20m nipype.workflow  [0m|[34;20m [Node] Finished "_BigPlot3", elapsed time 6.973814s.[0m
2026-03-27 10:17:26 |[34;20m INFO     [0m|[34;20m nipype.workflow  [0m|[34;20m [Node] Setting-up "_timeseries2" in "/local/nvme/ds006193_24053.783955/ds/tmp/mriqc_wf/funcMRIQC/ComputeIQMs/62325a652eefcadfe0b75061ecf8d7e5fac4daa0/timeseries/mapflow/_timeseries2".[0m
2026-03-27 10:17:26 |[34;20m INFO     [0m|[34;20m nipype.workflow  [0m|[34;20m [Node] Setting-up "_timeseries3" in "/local/nvme/ds006193_24053.783955/ds/tmp/mriqc_wf/funcMRIQC/ComputeIQMs/62325a652eefcadfe0b75061ecf8d7e5fac4daa0/timeseries/mapflow/_timeseries3".[0m
2026-03-27 10:17:26 |[34;20m INFO     [0m|[34;20m nipype.workflow  [0m|[34;20m [Node] Executing "_timeseries2" <mriqc.interfaces.functional.GatherTimeseries>[0m
2026-03-27 10:17:26 |[34;20m INFO     [0m|[34;20m nipype.workflow  [0m|[34;20m [Node] Executing "_timeseries3" <mriqc.interfaces.functional.GatherTimeseries>[0m
2026-03-27 10:17:26 |[34;20m INFO     [0m|[34;20m nipype.workflow  [0m|[34;20m [Node] Finished "_timeseries2", elapsed time 0.012177s.[0m
2026-03-27 10:17:26 |[34;20m INFO     [0m|[34;20m nipype.workflow  [0m|[34;20m [Node] Finished "_timeseries3", elapsed time 0.014542s.[0m
2026-03-27 10:17:28 |[34;20m INFO     [0m|[34;20m nipype.workflow  [0m|[34;20m [Node] Setting-up "_ds_report_zoomed0" in "/local/nvme/ds006193_24053.783955/ds/tmp/mriqc_wf/funcMRIQC/func_report_wf/62325a652eefcadfe0b75061ecf8d7e5fac4daa0/ds_report_zoomed/mapflow/_ds_report_zoomed0".[0m
2026-03-27 10:17:28 |[34;20m INFO     [0m|[34;20m nipype.workflow  [0m|[34;20m [Node] Setting-up "_timeseries4" in "/local/nvme/ds006193_24053.783955/ds/tmp/mriqc_wf/funcMRIQC/ComputeIQMs/62325a652eefcadfe0b75061ecf8d7e5fac4daa0/timeseries/mapflow/_timeseries4".[0m
2026-03-27 10:17:28 |[34;20m INFO     [0m|[34;20m nipype.workflow  [0m|[34;20m [Node] Executing "_timeseries4" <mriqc.interfaces.functional.GatherTimeseries>[0m
2026-03-27 10:17:28 |[34;20m INFO     [0m|[34;20m nipype.workflow  [0m|[34;20m [Node] Executing "_ds_report_zoomed0" <mriqc.interfaces.DerivativesDataSink>[0m
2026-03-27 10:17:28 |[34;20m INFO     [0m|[34;20m nipype.workflow  [0m|[34;20m [Node] Finished "_ds_report_zoomed0", elapsed time 0.005229s.[0m
2026-03-27 10:17:28 |[34;20m INFO     [0m|[34;20m nipype.workflow  [0m|[34;20m [Node] Finished "_timeseries4", elapsed time 0.011235s.[0m
2026-03-27 10:17:28 |[34;20m INFO     [0m|[34;20m nipype.workflow  [0m|[34;20m [Node] Setting-up "_ds_report_zoomed1" in "/local/nvme/ds006193_24053.783955/ds/tmp/mriqc_wf/funcMRIQC/func_report_wf/62325a652eefcadfe0b75061ecf8d7e5fac4daa0/ds_report_zoomed/mapflow/_ds_report_zoomed1".[0m
2026-03-27 10:17:28 |[34;20m INFO     [0m|[34;20m nipype.workflow  [0m|[34;20m [Node] Executing "_ds_report_zoomed1" <mriqc.interfaces.DerivativesDataSink>[0m
2026-03-27 10:17:28 |[34;20m INFO     [0m|[34;20m nipype.workflow  [0m|[34;20m [Node] Finished "_ds_report_zoomed1", elapsed time 0.005137s.[0m
2026-03-27 10:17:28 |[34;20m INFO     [0m|[34;20m nipype.workflow  [0m|[34;20m [Node] Setting-up "_ds_report_zoomed2" in "/local/nvme/ds006193_24053.783955/ds/tmp/mriqc_wf/funcMRIQC/func_report_wf/62325a652eefcadfe0b75061ecf8d7e5fac4daa0/ds_report_zoomed/mapflow/_ds_report_zoomed2".[0m
2026-03-27 10:17:28 |[34;20m INFO     [0m|[34;20m nipype.workflow  [0m|[34;20m [Node] Executing "_ds_report_zoomed2" <mriqc.interfaces.DerivativesDataSink>[0m
2026-03-27 10:17:28 |[34;20m INFO     [0m|[34;20m nipype.workflow  [0m|[34;20m [Node] Finished "_ds_report_zoomed2", elapsed time 0.005077s.[0m
2026-03-27 10:17:28 |[34;20m INFO     [0m|[34;20m nipype.workflow  [0m|[34;20m [Node] Setting-up "_ds_report_zoomed3" in "/local/nvme/ds006193_24053.783955/ds/tmp/mriqc_wf/funcMRIQC/func_report_wf/62325a652eefcadfe0b75061ecf8d7e5fac4daa0/ds_report_zoomed/mapflow/_ds_report_zoomed3".[0m
2026-03-27 10:17:28 |[34;20m INFO     [0m|[34;20m nipype.workflow  [0m|[34;20m [Node] Executing "_ds_report_zoomed3" <mriqc.interfaces.DerivativesDataSink>[0m
2026-03-27 10:17:28 |[34;20m INFO     [0m|[34;20m nipype.workflow  [0m|[34;20m [Node] Finished "_ds_report_zoomed3", elapsed time 0.005095s.[0m
2026-03-27 10:17:28 |[34;20m INFO     [0m|[34;20m nipype.workflow  [0m|[34;20m [Node] Finished "_measures0", elapsed time 4.409175s.[0m
2026-03-27 10:17:28 |[34;20m INFO     [0m|[34;20m nipype.workflow  [0m|[34;20m [Node] Setting-up "_ds_report_zoomed4" in "/local/nvme/ds006193_24053.783955/ds/tmp/mriqc_wf/funcMRIQC/func_report_wf/62325a652eefcadfe0b75061ecf8d7e5fac4daa0/ds_report_zoomed/mapflow/_ds_report_zoomed4".[0m
2026-03-27 10:17:28 |[34;20m INFO     [0m|[34;20m nipype.workflow  [0m|[34;20m [Node] Executing "_ds_report_zoomed4" <mriqc.interfaces.DerivativesDataSink>[0m
2026-03-27 10:17:28 |[34;20m INFO     [0m|[34;20m nipype.workflow  [0m|[34;20m [Node] Finished "_ds_report_zoomed4", elapsed time 0.005148s.[0m
2026-03-27 10:17:29 |[34;20m INFO     [0m|[34;20m nipype.workflow  [0m|[34;20m [Node] Setting-up "_ds_timeseries0" in "/local/nvme/ds006193_24053.783955/ds/tmp/mriqc_wf/funcMRIQC/ComputeIQMs/fc72f369a689cbc02a52d801a73e788f6f9085c0/ds_timeseries/mapflow/_ds_timeseries0".[0m
2026-03-27 10:17:29 |[34;20m INFO     [0m|[34;20m nipype.workflow  [0m|[34;20m [Node] Executing "_ds_timeseries0" <mriqc.interfaces.DerivativesDataSink>[0m
2026-03-27 10:17:29 |[34;20m INFO     [0m|[34;20m nipype.workflow  [0m|[34;20m [Node] Finished "_ds_timeseries0", elapsed time 0.004227s.[0m
2026-03-27 10:17:29 |[34;20m INFO     [0m|[34;20m nipype.workflow  [0m|[34;20m [Node] Setting-up "_ds_timeseries1" in "/local/nvme/ds006193_24053.783955/ds/tmp/mriqc_wf/funcMRIQC/ComputeIQMs/fc72f369a689cbc02a52d801a73e788f6f9085c0/ds_timeseries/mapflow/_ds_timeseries1".[0m
2026-03-27 10:17:29 |[34;20m INFO     [0m|[34;20m nipype.workflow  [0m|[34;20m [Node] Executing "_ds_timeseries1" <mriqc.interfaces.DerivativesDataSink>[0m
2026-03-27 10:17:29 |[34;20m INFO     [0m|[34;20m nipype.workflow  [0m|[34;20m [Node] Finished "_ds_timeseries1", elapsed time 0.004258s.[0m
2026-03-27 10:17:29 |[34;20m INFO     [0m|[34;20m nipype.workflow  [0m|[34;20m [Node] Setting-up "_ds_timeseries2" in "/local/nvme/ds006193_24053.783955/ds/tmp/mriqc_wf/funcMRIQC/ComputeIQMs/fc72f369a689cbc02a52d801a73e788f6f9085c0/ds_timeseries/mapflow/_ds_timeseries2".[0m
2026-03-27 10:17:29 |[34;20m INFO     [0m|[34;20m nipype.workflow  [0m|[34;20m [Node] Executing "_ds_timeseries2" <mriqc.interfaces.DerivativesDataSink>[0m
2026-03-27 10:17:29 |[34;20m INFO     [0m|[34;20m nipype.workflow  [0m|[34;20m [Node] Finished "_ds_timeseries2", elapsed time 0.00412s.[0m
2026-03-27 10:17:29 |[34;20m INFO     [0m|[34;20m nipype.workflow  [0m|[34;20m [Node] Setting-up "_ds_timeseries3" in "/local/nvme/ds006193_24053.783955/ds/tmp/mriqc_wf/funcMRIQC/ComputeIQMs/fc72f369a689cbc02a52d801a73e788f6f9085c0/ds_timeseries/mapflow/_ds_timeseries3".[0m
2026-03-27 10:17:29 |[34;20m INFO     [0m|[34;20m nipype.workflow  [0m|[34;20m [Node] Executing "_ds_timeseries3" <mriqc.interfaces.DerivativesDataSink>[0m
2026-03-27 10:17:29 |[34;20m INFO     [0m|[34;20m nipype.workflow  [0m|[34;20m [Node] Finished "_ds_timeseries3", elapsed time 0.004176s.[0m
2026-03-27 10:17:29 |[34;20m INFO     [0m|[34;20m nipype.workflow  [0m|[34;20m [Node] Setting-up "_ds_timeseries4" in "/local/nvme/ds006193_24053.783955/ds/tmp/mriqc_wf/funcMRIQC/ComputeIQMs/fc72f369a689cbc02a52d801a73e788f6f9085c0/ds_timeseries/mapflow/_ds_timeseries4".[0m
2026-03-27 10:17:29 |[34;20m INFO     [0m|[34;20m nipype.workflow  [0m|[34;20m [Node] Executing "_ds_timeseries4" <mriqc.interfaces.DerivativesDataSink>[0m
2026-03-27 10:17:29 |[34;20m INFO     [0m|[34;20m nipype.workflow  [0m|[34;20m [Node] Finished "_ds_timeseries4", elapsed time 0.004176s.[0m
2026-03-27 10:17:29 |[34;20m INFO     [0m|[34;20m nipype.workflow  [0m|[34;20m [Node] Setting-up "_datasink0" in "/local/nvme/ds006193_24053.783955/ds/tmp/mriqc_wf/funcMRIQC/ComputeIQMs/fc72f369a689cbc02a52d801a73e788f6f9085c0/datasink/mapflow/_datasink0".[0m
2026-03-27 10:17:29 |[34;20m INFO     [0m|[34;20m nipype.workflow  [0m|[34;20m [Node] Executing "_datasink0" <mriqc.interfaces.bids.IQMFileSink>[0m
2026-03-27 10:17:29 |[34;20m INFO     [0m|[34;20m nipype.workflow  [0m|[34;20m [Node] Finished "_datasink0", elapsed time 0.001859s.[0m
2026-03-27 10:17:29 |[34;20m INFO     [0m|[34;20m nipype.workflow  [0m|[34;20m [Node] Setting-up "_datasink1" in "/local/nvme/ds006193_24053.783955/ds/tmp/mriqc_wf/funcMRIQC/ComputeIQMs/fc72f369a689cbc02a52d801a73e788f6f9085c0/datasink/mapflow/_datasink1".[0m
2026-03-27 10:17:29 |[34;20m INFO     [0m|[34;20m nipype.workflow  [0m|[34;20m [Node] Executing "_datasink1" <mriqc.interfaces.bids.IQMFileSink>[0m
2026-03-27 10:17:29 |[34;20m INFO     [0m|[34;20m nipype.workflow  [0m|[34;20m [Node] Finished "_datasink1", elapsed time 0.000702s.[0m
2026-03-27 10:17:29 |[34;20m INFO     [0m|[34;20m nipype.workflow  [0m|[34;20m [Node] Setting-up "_datasink2" in "/local/nvme/ds006193_24053.783955/ds/tmp/mriqc_wf/funcMRIQC/ComputeIQMs/fc72f369a689cbc02a52d801a73e788f6f9085c0/datasink/mapflow/_datasink2".[0m
2026-03-27 10:17:29 |[34;20m INFO     [0m|[34;20m nipype.workflow  [0m|[34;20m [Node] Executing "_datasink2" <mriqc.interfaces.bids.IQMFileSink>[0m
2026-03-27 10:17:29 |[34;20m INFO     [0m|[34;20m nipype.workflow  [0m|[34;20m [Node] Finished "_datasink2", elapsed time 0.000677s.[0m
2026-03-27 10:17:30 |[34;20m INFO     [0m|[34;20m nipype.workflow  [0m|[34;20m [Node] Setting-up "_datasink3" in "/local/nvme/ds006193_24053.783955/ds/tmp/mriqc_wf/funcMRIQC/ComputeIQMs/fc72f369a689cbc02a52d801a73e788f6f9085c0/datasink/mapflow/_datasink3".[0m
2026-03-27 10:17:30 |[34;20m INFO     [0m|[34;20m nipype.workflow  [0m|[34;20m [Node] Executing "_datasink3" <mriqc.interfaces.bids.IQMFileSink>[0m
2026-03-27 10:17:30 |[34;20m INFO     [0m|[34;20m nipype.workflow  [0m|[34;20m [Node] Finished "_datasink3", elapsed time 0.000706s.[0m
2026-03-27 10:17:30 |[34;20m INFO     [0m|[34;20m nipype.workflow  [0m|[34;20m [Node] Setting-up "_datasink4" in "/local/nvme/ds006193_24053.783955/ds/tmp/mriqc_wf/funcMRIQC/ComputeIQMs/fc72f369a689cbc02a52d801a73e788f6f9085c0/datasink/mapflow/_datasink4".[0m
2026-03-27 10:17:30 |[34;20m INFO     [0m|[34;20m nipype.workflow  [0m|[34;20m [Node] Executing "_datasink4" <mriqc.interfaces.bids.IQMFileSink>[0m
2026-03-27 10:17:30 |[34;20m INFO     [0m|[34;20m nipype.workflow  [0m|[34;20m [Node] Finished "_datasink4", elapsed time 0.000686s.[0m
2026-03-27 10:17:30 |[34;20m INFO     [0m|[34;20m nipype.workflow  [0m|[34;20m [Node] Finished "_BigPlot4", elapsed time 5.87534s.[0m
2026-03-27 10:17:30 |[34;20m INFO     [0m|[34;20m nipype.workflow  [0m|[34;20m [Node] Setting-up "_timeseries0" in "/local/nvme/ds006193_24053.783955/ds/tmp/mriqc_wf/funcMRIQC/ComputeIQMs/62325a652eefcadfe0b75061ecf8d7e5fac4daa0/timeseries/mapflow/_timeseries0".[0m
2026-03-27 10:17:30 |[34;20m INFO     [0m|[34;20m nipype.workflow  [0m|[34;20m [Node] Cached "_timeseries0" - collecting precomputed outputs[0m
2026-03-27 10:17:30 |[34;20m INFO     [0m|[34;20m nipype.workflow  [0m|[34;20m [Node] "_timeseries0" found cached.[0m
2026-03-27 10:17:30 |[34;20m INFO     [0m|[34;20m nipype.workflow  [0m|[34;20m [Node] Setting-up "_ds_report_zoomed0" in "/local/nvme/ds006193_24053.783955/ds/tmp/mriqc_wf/funcMRIQC/func_report_wf/62325a652eefcadfe0b75061ecf8d7e5fac4daa0/ds_report_zoomed/mapflow/_ds_report_zoomed0".[0m
2026-03-27 10:17:30 |[34;20m INFO     [0m|[34;20m nipype.workflow  [0m|[34;20m [Node] Setting-up "_timeseries1" in "/local/nvme/ds006193_24053.783955/ds/tmp/mriqc_wf/funcMRIQC/ComputeIQMs/62325a652eefcadfe0b75061ecf8d7e5fac4daa0/timeseries/mapflow/_timeseries1".[0m
2026-03-27 10:17:30 |[34;20m INFO     [0m|[34;20m nipype.workflow  [0m|[34;20m [Node] Cached "_timeseries1" - collecting precomputed outputs[0m
2026-03-27 10:17:30 |[34;20m INFO     [0m|[34;20m nipype.workflow  [0m|[34;20m [Node] "_timeseries1" found cached.[0m
2026-03-27 10:17:30 |[34;20m INFO     [0m|[34;20m nipype.workflow  [0m|[34;20m [Node] Setting-up "_timeseries2" in "/local/nvme/ds006193_24053.783955/ds/tmp/mriqc_wf/funcMRIQC/ComputeIQMs/62325a652eefcadfe0b75061ecf8d7e5fac4daa0/timeseries/mapflow/_timeseries2".[0m
2026-03-27 10:17:30 |[34;20m INFO     [0m|[34;20m nipype.workflow  [0m|[34;20m [Node] Cached "_timeseries2" - collecting precomputed outputs[0m
2026-03-27 10:17:30 |[34;20m INFO     [0m|[34;20m nipype.workflow  [0m|[34;20m [Node] "_timeseries2" found cached.[0m
2026-03-27 10:17:30 |[34;20m INFO     [0m|[34;20m nipype.workflow  [0m|[34;20m [Node] Executing "_ds_report_zoomed0" <mriqc.interfaces.DerivativesDataSink>[0m
2026-03-27 10:17:30 |[34;20m INFO     [0m|[34;20m nipype.workflow  [0m|[34;20m [Node] Setting-up "_timeseries3" in "/local/nvme/ds006193_24053.783955/ds/tmp/mriqc_wf/funcMRIQC/ComputeIQMs/62325a652eefcadfe0b75061ecf8d7e5fac4daa0/timeseries/mapflow/_timeseries3".[0m
2026-03-27 10:17:30 |[34;20m INFO     [0m|[34;20m nipype.workflow  [0m|[34;20m [Node] Cached "_timeseries3" - collecting precomputed outputs[0m
2026-03-27 10:17:30 |[34;20m INFO     [0m|[34;20m nipype.workflow  [0m|[34;20m [Node] "_timeseries3" found cached.[0m
2026-03-27 10:17:30 |[34;20m INFO     [0m|[34;20m nipype.workflow  [0m|[34;20m [Node] Setting-up "_timeseries4" in "/local/nvme/ds006193_24053.783955/ds/tmp/mriqc_wf/funcMRIQC/ComputeIQMs/62325a652eefcadfe0b75061ecf8d7e5fac4daa0/timeseries/mapflow/_timeseries4".[0m
2026-03-27 10:17:30 |[34;20m INFO     [0m|[34;20m nipype.workflow  [0m|[34;20m [Node] Cached "_timeseries4" - collecting precomputed outputs[0m
2026-03-27 10:17:30 |[34;20m INFO     [0m|[34;20m nipype.workflow  [0m|[34;20m [Node] "_timeseries4" found cached.[0m
2026-03-27 10:17:30 |[34;20m INFO     [0m|[34;20m nipype.workflow  [0m|[34;20m [Node] Finished "_ds_report_zoomed0", elapsed time 0.004775s.[0m
2026-03-27 10:17:30 |[34;20m INFO     [0m|[34;20m nipype.workflow  [0m|[34;20m [Node] Setting-up "_ds_report_zoomed1" in "/local/nvme/ds006193_24053.783955/ds/tmp/mriqc_wf/funcMRIQC/func_report_wf/62325a652eefcadfe0b75061ecf8d7e5fac4daa0/ds_report_zoomed/mapflow/_ds_report_zoomed1".[0m
2026-03-27 10:17:30 |[34;20m INFO     [0m|[34;20m nipype.workflow  [0m|[34;20m [Node] Executing "_ds_report_zoomed1" <mriqc.interfaces.DerivativesDataSink>[0m
2026-03-27 10:17:30 |[34;20m INFO     [0m|[34;20m nipype.workflow  [0m|[34;20m [Node] Finished "_ds_report_zoomed1", elapsed time 0.00461s.[0m
2026-03-27 10:17:30 |[34;20m INFO     [0m|[34;20m nipype.workflow  [0m|[34;20m [Node] Setting-up "_ds_report_zoomed2" in "/local/nvme/ds006193_24053.783955/ds/tmp/mriqc_wf/funcMRIQC/func_report_wf/62325a652eefcadfe0b75061ecf8d7e5fac4daa0/ds_report_zoomed/mapflow/_ds_report_zoomed2".[0m
2026-03-27 10:17:30 |[34;20m INFO     [0m|[34;20m nipype.workflow  [0m|[34;20m [Node] Executing "_ds_report_zoomed2" <mriqc.interfaces.DerivativesDataSink>[0m
2026-03-27 10:17:30 |[34;20m INFO     [0m|[34;20m nipype.workflow  [0m|[34;20m [Node] Finished "_ds_report_zoomed2", elapsed time 0.004375s.[0m
2026-03-27 10:17:30 |[34;20m INFO     [0m|[34;20m nipype.workflow  [0m|[34;20m [Node] Setting-up "_ds_report_zoomed3" in "/local/nvme/ds006193_24053.783955/ds/tmp/mriqc_wf/funcMRIQC/func_report_wf/62325a652eefcadfe0b75061ecf8d7e5fac4daa0/ds_report_zoomed/mapflow/_ds_report_zoomed3".[0m
2026-03-27 10:17:30 |[34;20m INFO     [0m|[34;20m nipype.workflow  [0m|[34;20m [Node] Executing "_ds_report_zoomed3" <mriqc.interfaces.DerivativesDataSink>[0m
2026-03-27 10:17:30 |[34;20m INFO     [0m|[34;20m nipype.workflow  [0m|[34;20m [Node] Finished "_ds_report_zoomed3", elapsed time 0.004315s.[0m
2026-03-27 10:17:30 |[34;20m INFO     [0m|[34;20m nipype.workflow  [0m|[34;20m [Node] Setting-up "_ds_report_zoomed4" in "/local/nvme/ds006193_24053.783955/ds/tmp/mriqc_wf/funcMRIQC/func_report_wf/62325a652eefcadfe0b75061ecf8d7e5fac4daa0/ds_report_zoomed/mapflow/_ds_report_zoomed4".[0m
2026-03-27 10:17:30 |[34;20m INFO     [0m|[34;20m nipype.workflow  [0m|[34;20m [Node] Executing "_ds_report_zoomed4" <mriqc.interfaces.DerivativesDataSink>[0m
2026-03-27 10:17:30 |[34;20m INFO     [0m|[34;20m nipype.workflow  [0m|[34;20m [Node] Finished "_ds_report_zoomed4", elapsed time 0.004342s.[0m
2026-03-27 10:17:30 |[34;20m INFO     [0m|[34;20m nipype.workflow  [0m|[34;20m [Node] Setting-up "_datasink0" in "/local/nvme/ds006193_24053.783955/ds/tmp/mriqc_wf/funcMRIQC/ComputeIQMs/fc72f369a689cbc02a52d801a73e788f6f9085c0/datasink/mapflow/_datasink0".[0m
2026-03-27 10:17:30 |[34;20m INFO     [0m|[34;20m nipype.workflow  [0m|[34;20m [Node] Executing "_datasink0" <mriqc.interfaces.bids.IQMFileSink>[0m
2026-03-27 10:17:30 |[34;20m INFO     [0m|[34;20m nipype.workflow  [0m|[34;20m [Node] Finished "_datasink0", elapsed time 0.000686s.[0m
2026-03-27 10:17:30 |[34;20m INFO     [0m|[34;20m nipype.workflow  [0m|[34;20m [Node] Setting-up "_datasink1" in "/local/nvme/ds006193_24053.783955/ds/tmp/mriqc_wf/funcMRIQC/ComputeIQMs/fc72f369a689cbc02a52d801a73e788f6f9085c0/datasink/mapflow/_datasink1".[0m
2026-03-27 10:17:30 |[34;20m INFO     [0m|[34;20m nipype.workflow  [0m|[34;20m [Node] Executing "_datasink1" <mriqc.interfaces.bids.IQMFileSink>[0m
2026-03-27 10:17:30 |[34;20m INFO     [0m|[34;20m nipype.workflow  [0m|[34;20m [Node] Finished "_datasink1", elapsed time 0.000628s.[0m
2026-03-27 10:17:30 |[34;20m INFO     [0m|[34;20m nipype.workflow  [0m|[34;20m [Node] Setting-up "_datasink2" in "/local/nvme/ds006193_24053.783955/ds/tmp/mriqc_wf/funcMRIQC/ComputeIQMs/fc72f369a689cbc02a52d801a73e788f6f9085c0/datasink/mapflow/_datasink2".[0m
2026-03-27 10:17:30 |[34;20m INFO     [0m|[34;20m nipype.workflow  [0m|[34;20m [Node] Executing "_datasink2" <mriqc.interfaces.bids.IQMFileSink>[0m
2026-03-27 10:17:30 |[34;20m INFO     [0m|[34;20m nipype.workflow  [0m|[34;20m [Node] Finished "_datasink2", elapsed time 0.00064s.[0m
2026-03-27 10:17:30 |[34;20m INFO     [0m|[34;20m nipype.workflow  [0m|[34;20m [Node] Setting-up "_datasink3" in "/local/nvme/ds006193_24053.783955/ds/tmp/mriqc_wf/funcMRIQC/ComputeIQMs/fc72f369a689cbc02a52d801a73e788f6f9085c0/datasink/mapflow/_datasink3".[0m
2026-03-27 10:17:30 |[34;20m INFO     [0m|[34;20m nipype.workflow  [0m|[34;20m [Node] Executing "_datasink3" <mriqc.interfaces.bids.IQMFileSink>[0m
2026-03-27 10:17:30 |[34;20m INFO     [0m|[34;20m nipype.workflow  [0m|[34;20m [Node] Finished "_datasink3", elapsed time 0.000638s.[0m
2026-03-27 10:17:30 |[34;20m INFO     [0m|[34;20m nipype.workflow  [0m|[34;20m [Node] Setting-up "_datasink4" in "/local/nvme/ds006193_24053.783955/ds/tmp/mriqc_wf/funcMRIQC/ComputeIQMs/fc72f369a689cbc02a52d801a73e788f6f9085c0/datasink/mapflow/_datasink4".[0m
2026-03-27 10:17:30 |[34;20m INFO     [0m|[34;20m nipype.workflow  [0m|[34;20m [Node] Executing "_datasink4" <mriqc.interfaces.bids.IQMFileSink>[0m
2026-03-27 10:17:30 |[34;20m INFO     [0m|[34;20m nipype.workflow  [0m|[34;20m [Node] Finished "_datasink4", elapsed time 0.000644s.[0m
2026-03-27 10:17:30 |[34;20m INFO     [0m|[34;20m nipype.workflow  [0m|[34;20m [Node] Setting-up "_ds_timeseries0" in "/local/nvme/ds006193_24053.783955/ds/tmp/mriqc_wf/funcMRIQC/ComputeIQMs/fc72f369a689cbc02a52d801a73e788f6f9085c0/ds_timeseries/mapflow/_ds_timeseries0".[0m
2026-03-27 10:17:30 |[34;20m INFO     [0m|[34;20m nipype.workflow  [0m|[34;20m [Node] Executing "_ds_timeseries0" <mriqc.interfaces.DerivativesDataSink>[0m
2026-03-27 10:17:30 |[34;20m INFO     [0m|[34;20m nipype.workflow  [0m|[34;20m [Node] Finished "_ds_timeseries0", elapsed time 0.003806s.[0m
2026-03-27 10:17:30 |[34;20m INFO     [0m|[34;20m nipype.workflow  [0m|[34;20m [Node] Setting-up "_ds_timeseries1" in "/local/nvme/ds006193_24053.783955/ds/tmp/mriqc_wf/funcMRIQC/ComputeIQMs/fc72f369a689cbc02a52d801a73e788f6f9085c0/ds_timeseries/mapflow/_ds_timeseries1".[0m
2026-03-27 10:17:30 |[34;20m INFO     [0m|[34;20m nipype.workflow  [0m|[34;20m [Node] Executing "_ds_timeseries1" <mriqc.interfaces.DerivativesDataSink>[0m
2026-03-27 10:17:30 |[34;20m INFO     [0m|[34;20m nipype.workflow  [0m|[34;20m [Node] Finished "_ds_timeseries1", elapsed time 0.003468s.[0m
2026-03-27 10:17:30 |[34;20m INFO     [0m|[34;20m nipype.workflow  [0m|[34;20m [Node] Setting-up "_ds_timeseries2" in "/local/nvme/ds006193_24053.783955/ds/tmp/mriqc_wf/funcMRIQC/ComputeIQMs/fc72f369a689cbc02a52d801a73e788f6f9085c0/ds_timeseries/mapflow/_ds_timeseries2".[0m
2026-03-27 10:17:30 |[34;20m INFO     [0m|[34;20m nipype.workflow  [0m|[34;20m [Node] Executing "_ds_timeseries2" <mriqc.interfaces.DerivativesDataSink>[0m
2026-03-27 10:17:30 |[34;20m INFO     [0m|[34;20m nipype.workflow  [0m|[34;20m [Node] Finished "_ds_timeseries2", elapsed time 0.003437s.[0m
2026-03-27 10:17:30 |[34;20m INFO     [0m|[34;20m nipype.workflow  [0m|[34;20m [Node] Setting-up "_ds_timeseries3" in "/local/nvme/ds006193_24053.783955/ds/tmp/mriqc_wf/funcMRIQC/ComputeIQMs/fc72f369a689cbc02a52d801a73e788f6f9085c0/ds_timeseries/mapflow/_ds_timeseries3".[0m
2026-03-27 10:17:30 |[34;20m INFO     [0m|[34;20m nipype.workflow  [0m|[34;20m [Node] Executing "_ds_timeseries3" <mriqc.interfaces.DerivativesDataSink>[0m
2026-03-27 10:17:30 |[34;20m INFO     [0m|[34;20m nipype.workflow  [0m|[34;20m [Node] Finished "_ds_timeseries3", elapsed time 0.003444s.[0m
2026-03-27 10:17:30 |[34;20m INFO     [0m|[34;20m nipype.workflow  [0m|[34;20m [Node] Setting-up "_ds_timeseries4" in "/local/nvme/ds006193_24053.783955/ds/tmp/mriqc_wf/funcMRIQC/ComputeIQMs/fc72f369a689cbc02a52d801a73e788f6f9085c0/ds_timeseries/mapflow/_ds_timeseries4".[0m
2026-03-27 10:17:30 |[34;20m INFO     [0m|[34;20m nipype.workflow  [0m|[34;20m [Node] Executing "_ds_timeseries4" <mriqc.interfaces.DerivativesDataSink>[0m
2026-03-27 10:17:30 |[34;20m INFO     [0m|[34;20m nipype.workflow  [0m|[34;20m [Node] Finished "_ds_timeseries4", elapsed time 0.003406s.[0m
2026-03-27 10:17:31 |[34;20m INFO     [0m|[34;20m nipype.workflow  [0m|[34;20m [Node] Setting-up "_measures1" in "/local/nvme/ds006193_24053.783955/ds/tmp/mriqc_wf/funcMRIQC/ComputeIQMs/62325a652eefcadfe0b75061ecf8d7e5fac4daa0/measures/mapflow/_measures1".[0m
2026-03-27 10:17:31 |[34;20m INFO     [0m|[34;20m nipype.workflow  [0m|[34;20m [Node] Executing "_measures1" <mriqc.interfaces.functional.FunctionalQC>[0m
2026-03-27 10:17:32 |[34;20m INFO     [0m|[34;20m nipype.workflow  [0m|[34;20m [Node] Setting-up "_BigPlot0" in "/local/nvme/ds006193_24053.783955/ds/tmp/mriqc_wf/funcMRIQC/func_report_wf/fc72f369a689cbc02a52d801a73e788f6f9085c0/BigPlot/mapflow/_BigPlot0".[0m
2026-03-27 10:17:32 |[34;20m INFO     [0m|[34;20m nipype.workflow  [0m|[34;20m [Node] Cached "_BigPlot0" - collecting precomputed outputs[0m
2026-03-27 10:17:32 |[34;20m INFO     [0m|[34;20m nipype.workflow  [0m|[34;20m [Node] "_BigPlot0" found cached.[0m
2026-03-27 10:17:32 |[34;20m INFO     [0m|[34;20m nipype.workflow  [0m|[34;20m [Node] Setting-up "_BigPlot1" in "/local/nvme/ds006193_24053.783955/ds/tmp/mriqc_wf/funcMRIQC/func_report_wf/fc72f369a689cbc02a52d801a73e788f6f9085c0/BigPlot/mapflow/_BigPlot1".[0m
2026-03-27 10:17:32 |[34;20m INFO     [0m|[34;20m nipype.workflow  [0m|[34;20m [Node] Cached "_BigPlot1" - collecting precomputed outputs[0m
2026-03-27 10:17:32 |[34;20m INFO     [0m|[34;20m nipype.workflow  [0m|[34;20m [Node] "_BigPlot1" found cached.[0m
2026-03-27 10:17:32 |[34;20m INFO     [0m|[34;20m nipype.workflow  [0m|[34;20m [Node] Setting-up "_BigPlot2" in "/local/nvme/ds006193_24053.783955/ds/tmp/mriqc_wf/funcMRIQC/func_report_wf/fc72f369a689cbc02a52d801a73e788f6f9085c0/BigPlot/mapflow/_BigPlot2".[0m
2026-03-27 10:17:32 |[34;20m INFO     [0m|[34;20m nipype.workflow  [0m|[34;20m [Node] Cached "_BigPlot2" - collecting precomputed outputs[0m
2026-03-27 10:17:32 |[34;20m INFO     [0m|[34;20m nipype.workflow  [0m|[34;20m [Node] "_BigPlot2" found cached.[0m
2026-03-27 10:17:32 |[34;20m INFO     [0m|[34;20m nipype.workflow  [0m|[34;20m [Node] Setting-up "_BigPlot3" in "/local/nvme/ds006193_24053.783955/ds/tmp/mriqc_wf/funcMRIQC/func_report_wf/fc72f369a689cbc02a52d801a73e788f6f9085c0/BigPlot/mapflow/_BigPlot3".[0m
2026-03-27 10:17:32 |[34;20m INFO     [0m|[34;20m nipype.workflow  [0m|[34;20m [Node] Cached "_BigPlot3" - collecting precomputed outputs[0m
2026-03-27 10:17:32 |[34;20m INFO     [0m|[34;20m nipype.workflow  [0m|[34;20m [Node] "_BigPlot3" found cached.[0m
2026-03-27 10:17:32 |[34;20m INFO     [0m|[34;20m nipype.workflow  [0m|[34;20m [Node] Setting-up "_BigPlot4" in "/local/nvme/ds006193_24053.783955/ds/tmp/mriqc_wf/funcMRIQC/func_report_wf/fc72f369a689cbc02a52d801a73e788f6f9085c0/BigPlot/mapflow/_BigPlot4".[0m
2026-03-27 10:17:32 |[34;20m INFO     [0m|[34;20m nipype.workflow  [0m|[34;20m [Node] Cached "_BigPlot4" - collecting precomputed outputs[0m
2026-03-27 10:17:32 |[34;20m INFO     [0m|[34;20m nipype.workflow  [0m|[34;20m [Node] "_BigPlot4" found cached.[0m
2026-03-27 10:17:34 |[34;20m INFO     [0m|[34;20m nipype.workflow  [0m|[34;20m [Node] Setting-up "_measures2" in "/local/nvme/ds006193_24053.783955/ds/tmp/mriqc_wf/funcMRIQC/ComputeIQMs/62325a652eefcadfe0b75061ecf8d7e5fac4daa0/measures/mapflow/_measures2".[0m
2026-03-27 10:17:34 |[34;20m INFO     [0m|[34;20m nipype.workflow  [0m|[34;20m [Node] Executing "_measures2" <mriqc.interfaces.functional.FunctionalQC>[0m
2026-03-27 10:17:35 |[34;20m INFO     [0m|[34;20m nipype.workflow  [0m|[34;20m [Node] Finished "_measures1", elapsed time 4.757956s.[0m
2026-03-27 10:17:36 |[34;20m INFO     [0m|[34;20m nipype.workflow  [0m|[34;20m [Node] Setting-up "_measures3" in "/local/nvme/ds006193_24053.783955/ds/tmp/mriqc_wf/funcMRIQC/ComputeIQMs/62325a652eefcadfe0b75061ecf8d7e5fac4daa0/measures/mapflow/_measures3".[0m
2026-03-27 10:17:36 |[34;20m INFO     [0m|[34;20m nipype.workflow  [0m|[34;20m [Node] Executing "_measures3" <mriqc.interfaces.functional.FunctionalQC>[0m
2026-03-27 10:17:38 |[34;20m INFO     [0m|[34;20m nipype.workflow  [0m|[34;20m [Node] Finished "_measures2", elapsed time 4.474476s.[0m
2026-03-27 10:17:40 |[34;20m INFO     [0m|[34;20m nipype.workflow  [0m|[34;20m [Node] Setting-up "_measures4" in "/local/nvme/ds006193_24053.783955/ds/tmp/mriqc_wf/funcMRIQC/ComputeIQMs/62325a652eefcadfe0b75061ecf8d7e5fac4daa0/measures/mapflow/_measures4".[0m
2026-03-27 10:17:40 |[34;20m INFO     [0m|[34;20m nipype.workflow  [0m|[34;20m [Node] Executing "_measures4" <mriqc.interfaces.functional.FunctionalQC>[0m
2026-03-27 10:17:40 |[34;20m INFO     [0m|[34;20m nipype.workflow  [0m|[34;20m [Node] Finished "_measures3", elapsed time 4.26716s.[0m
2026-03-27 10:17:42 |[34;20m INFO     [0m|[34;20m nipype.workflow  [0m|[34;20m [Node] Setting-up "_ds_timeseries0" in "/local/nvme/ds006193_24053.783955/ds/tmp/mriqc_wf/funcMRIQC/ComputeIQMs/62325a652eefcadfe0b75061ecf8d7e5fac4daa0/ds_timeseries/mapflow/_ds_timeseries0".[0m
2026-03-27 10:17:42 |[34;20m INFO     [0m|[34;20m nipype.workflow  [0m|[34;20m [Node] Executing "_ds_timeseries0" <mriqc.interfaces.DerivativesDataSink>[0m
2026-03-27 10:17:42 |[34;20m INFO     [0m|[34;20m nipype.workflow  [0m|[34;20m [Node] Finished "_ds_timeseries0", elapsed time 0.004317s.[0m
2026-03-27 10:17:42 |[34;20m INFO     [0m|[34;20m nipype.workflow  [0m|[34;20m [Node] Setting-up "_ds_timeseries1" in "/local/nvme/ds006193_24053.783955/ds/tmp/mriqc_wf/funcMRIQC/ComputeIQMs/62325a652eefcadfe0b75061ecf8d7e5fac4daa0/ds_timeseries/mapflow/_ds_timeseries1".[0m
2026-03-27 10:17:42 |[34;20m INFO     [0m|[34;20m nipype.workflow  [0m|[34;20m [Node] Executing "_ds_timeseries1" <mriqc.interfaces.DerivativesDataSink>[0m
2026-03-27 10:17:42 |[34;20m INFO     [0m|[34;20m nipype.workflow  [0m|[34;20m [Node] Finished "_ds_timeseries1", elapsed time 0.004161s.[0m
2026-03-27 10:17:42 |[34;20m INFO     [0m|[34;20m nipype.workflow  [0m|[34;20m [Node] Setting-up "_ds_timeseries2" in "/local/nvme/ds006193_24053.783955/ds/tmp/mriqc_wf/funcMRIQC/ComputeIQMs/62325a652eefcadfe0b75061ecf8d7e5fac4daa0/ds_timeseries/mapflow/_ds_timeseries2".[0m
2026-03-27 10:17:42 |[34;20m INFO     [0m|[34;20m nipype.workflow  [0m|[34;20m [Node] Executing "_ds_timeseries2" <mriqc.interfaces.DerivativesDataSink>[0m
2026-03-27 10:17:42 |[34;20m INFO     [0m|[34;20m nipype.workflow  [0m|[34;20m [Node] Finished "_ds_timeseries2", elapsed time 0.004169s.[0m
2026-03-27 10:17:42 |[34;20m INFO     [0m|[34;20m nipype.workflow  [0m|[34;20m [Node] Setting-up "_ds_timeseries3" in "/local/nvme/ds006193_24053.783955/ds/tmp/mriqc_wf/funcMRIQC/ComputeIQMs/62325a652eefcadfe0b75061ecf8d7e5fac4daa0/ds_timeseries/mapflow/_ds_timeseries3".[0m
2026-03-27 10:17:42 |[34;20m INFO     [0m|[34;20m nipype.workflow  [0m|[34;20m [Node] Executing "_ds_timeseries3" <mriqc.interfaces.DerivativesDataSink>[0m
2026-03-27 10:17:42 |[34;20m INFO     [0m|[34;20m nipype.workflow  [0m|[34;20m [Node] Finished "_ds_timeseries3", elapsed time 0.004154s.[0m
2026-03-27 10:17:42 |[34;20m INFO     [0m|[34;20m nipype.workflow  [0m|[34;20m [Node] Setting-up "_ds_timeseries4" in "/local/nvme/ds006193_24053.783955/ds/tmp/mriqc_wf/funcMRIQC/ComputeIQMs/62325a652eefcadfe0b75061ecf8d7e5fac4daa0/ds_timeseries/mapflow/_ds_timeseries4".[0m
2026-03-27 10:17:42 |[34;20m INFO     [0m|[34;20m nipype.workflow  [0m|[34;20m [Node] Executing "_ds_timeseries4" <mriqc.interfaces.DerivativesDataSink>[0m
2026-03-27 10:17:42 |[34;20m INFO     [0m|[34;20m nipype.workflow  [0m|[34;20m [Node] Finished "_ds_timeseries4", elapsed time 0.00423s.[0m
2026-03-27 10:17:43 |[34;20m INFO     [0m|[34;20m nipype.workflow  [0m|[34;20m [Node] Setting-up "_ds_report_carpet0" in "/local/nvme/ds006193_24053.783955/ds/tmp/mriqc_wf/funcMRIQC/func_report_wf/fc72f369a689cbc02a52d801a73e788f6f9085c0/ds_report_carpet/mapflow/_ds_report_carpet0".[0m
2026-03-27 10:17:43 |[34;20m INFO     [0m|[34;20m nipype.workflow  [0m|[34;20m [Node] Executing "_ds_report_carpet0" <mriqc.interfaces.DerivativesDataSink>[0m
2026-03-27 10:17:43 |[34;20m INFO     [0m|[34;20m nipype.workflow  [0m|[34;20m [Node] Finished "_ds_report_carpet0", elapsed time 0.005112s.[0m
2026-03-27 10:17:43 |[34;20m INFO     [0m|[34;20m nipype.workflow  [0m|[34;20m [Node] Setting-up "_ds_report_carpet1" in "/local/nvme/ds006193_24053.783955/ds/tmp/mriqc_wf/funcMRIQC/func_report_wf/fc72f369a689cbc02a52d801a73e788f6f9085c0/ds_report_carpet/mapflow/_ds_report_carpet1".[0m
2026-03-27 10:17:43 |[34;20m INFO     [0m|[34;20m nipype.workflow  [0m|[34;20m [Node] Executing "_ds_report_carpet1" <mriqc.interfaces.DerivativesDataSink>[0m
2026-03-27 10:17:43 |[34;20m INFO     [0m|[34;20m nipype.workflow  [0m|[34;20m [Node] Finished "_ds_report_carpet1", elapsed time 0.005174s.[0m
2026-03-27 10:17:43 |[34;20m INFO     [0m|[34;20m nipype.workflow  [0m|[34;20m [Node] Setting-up "_ds_report_carpet2" in "/local/nvme/ds006193_24053.783955/ds/tmp/mriqc_wf/funcMRIQC/func_report_wf/fc72f369a689cbc02a52d801a73e788f6f9085c0/ds_report_carpet/mapflow/_ds_report_carpet2".[0m
2026-03-27 10:17:43 |[34;20m INFO     [0m|[34;20m nipype.workflow  [0m|[34;20m [Node] Executing "_ds_report_carpet2" <mriqc.interfaces.DerivativesDataSink>[0m
2026-03-27 10:17:43 |[34;20m INFO     [0m|[34;20m nipype.workflow  [0m|[34;20m [Node] Finished "_ds_report_carpet2", elapsed time 0.005129s.[0m
2026-03-27 10:17:43 |[34;20m INFO     [0m|[34;20m nipype.workflow  [0m|[34;20m [Node] Setting-up "_ds_report_carpet3" in "/local/nvme/ds006193_24053.783955/ds/tmp/mriqc_wf/funcMRIQC/func_report_wf/fc72f369a689cbc02a52d801a73e788f6f9085c0/ds_report_carpet/mapflow/_ds_report_carpet3".[0m
2026-03-27 10:17:43 |[34;20m INFO     [0m|[34;20m nipype.workflow  [0m|[34;20m [Node] Executing "_ds_report_carpet3" <mriqc.interfaces.DerivativesDataSink>[0m
2026-03-27 10:17:43 |[34;20m INFO     [0m|[34;20m nipype.workflow  [0m|[34;20m [Node] Finished "_ds_report_carpet3", elapsed time 0.005204s.[0m
2026-03-27 10:17:43 |[34;20m INFO     [0m|[34;20m nipype.workflow  [0m|[34;20m [Node] Setting-up "_ds_report_carpet4" in "/local/nvme/ds006193_24053.783955/ds/tmp/mriqc_wf/funcMRIQC/func_report_wf/fc72f369a689cbc02a52d801a73e788f6f9085c0/ds_report_carpet/mapflow/_ds_report_carpet4".[0m
2026-03-27 10:17:43 |[34;20m INFO     [0m|[34;20m nipype.workflow  [0m|[34;20m [Node] Executing "_ds_report_carpet4" <mriqc.interfaces.DerivativesDataSink>[0m
2026-03-27 10:17:43 |[34;20m INFO     [0m|[34;20m nipype.workflow  [0m|[34;20m [Node] Finished "_ds_report_carpet4", elapsed time 0.005322s.[0m
2026-03-27 10:17:44 |[34;20m INFO     [0m|[34;20m nipype.workflow  [0m|[34;20m [Node] Setting-up "_ds_timeseries0" in "/local/nvme/ds006193_24053.783955/ds/tmp/mriqc_wf/funcMRIQC/ComputeIQMs/62325a652eefcadfe0b75061ecf8d7e5fac4daa0/ds_timeseries/mapflow/_ds_timeseries0".[0m
2026-03-27 10:17:44 |[34;20m INFO     [0m|[34;20m nipype.workflow  [0m|[34;20m [Node] Executing "_ds_timeseries0" <mriqc.interfaces.DerivativesDataSink>[0m
2026-03-27 10:17:44 |[34;20m INFO     [0m|[34;20m nipype.workflow  [0m|[34;20m [Node] Finished "_ds_timeseries0", elapsed time 0.003784s.[0m
2026-03-27 10:17:44 |[34;20m INFO     [0m|[34;20m nipype.workflow  [0m|[34;20m [Node] Setting-up "_ds_timeseries1" in "/local/nvme/ds006193_24053.783955/ds/tmp/mriqc_wf/funcMRIQC/ComputeIQMs/62325a652eefcadfe0b75061ecf8d7e5fac4daa0/ds_timeseries/mapflow/_ds_timeseries1".[0m
2026-03-27 10:17:44 |[34;20m INFO     [0m|[34;20m nipype.workflow  [0m|[34;20m [Node] Executing "_ds_timeseries1" <mriqc.interfaces.DerivativesDataSink>[0m
2026-03-27 10:17:44 |[34;20m INFO     [0m|[34;20m nipype.workflow  [0m|[34;20m [Node] Finished "_ds_timeseries1", elapsed time 0.003447s.[0m
2026-03-27 10:17:44 |[34;20m INFO     [0m|[34;20m nipype.workflow  [0m|[34;20m [Node] Setting-up "_ds_timeseries2" in "/local/nvme/ds006193_24053.783955/ds/tmp/mriqc_wf/funcMRIQC/ComputeIQMs/62325a652eefcadfe0b75061ecf8d7e5fac4daa0/ds_timeseries/mapflow/_ds_timeseries2".[0m
2026-03-27 10:17:44 |[34;20m INFO     [0m|[34;20m nipype.workflow  [0m|[34;20m [Node] Executing "_ds_timeseries2" <mriqc.interfaces.DerivativesDataSink>[0m
2026-03-27 10:17:44 |[34;20m INFO     [0m|[34;20m nipype.workflow  [0m|[34;20m [Node] Finished "_ds_timeseries2", elapsed time 0.003407s.[0m
2026-03-27 10:17:44 |[34;20m INFO     [0m|[34;20m nipype.workflow  [0m|[34;20m [Node] Setting-up "_ds_timeseries3" in "/local/nvme/ds006193_24053.783955/ds/tmp/mriqc_wf/funcMRIQC/ComputeIQMs/62325a652eefcadfe0b75061ecf8d7e5fac4daa0/ds_timeseries/mapflow/_ds_timeseries3".[0m
2026-03-27 10:17:44 |[34;20m INFO     [0m|[34;20m nipype.workflow  [0m|[34;20m [Node] Executing "_ds_timeseries3" <mriqc.interfaces.DerivativesDataSink>[0m
2026-03-27 10:17:44 |[34;20m INFO     [0m|[34;20m nipype.workflow  [0m|[34;20m [Node] Finished "_ds_timeseries3", elapsed time 0.003406s.[0m
2026-03-27 10:17:44 |[34;20m INFO     [0m|[34;20m nipype.workflow  [0m|[34;20m [Node] Setting-up "_ds_timeseries4" in "/local/nvme/ds006193_24053.783955/ds/tmp/mriqc_wf/funcMRIQC/ComputeIQMs/62325a652eefcadfe0b75061ecf8d7e5fac4daa0/ds_timeseries/mapflow/_ds_timeseries4".[0m
2026-03-27 10:17:44 |[34;20m INFO     [0m|[34;20m nipype.workflow  [0m|[34;20m [Node] Executing "_ds_timeseries4" <mriqc.interfaces.DerivativesDataSink>[0m
2026-03-27 10:17:44 |[34;20m INFO     [0m|[34;20m nipype.workflow  [0m|[34;20m [Node] Finished "_ds_timeseries4", elapsed time 0.003437s.[0m
2026-03-27 10:17:44 |[34;20m INFO     [0m|[34;20m nipype.workflow  [0m|[34;20m [Node] Setting-up "_ds_report_carpet0" in "/local/nvme/ds006193_24053.783955/ds/tmp/mriqc_wf/funcMRIQC/func_report_wf/fc72f369a689cbc02a52d801a73e788f6f9085c0/ds_report_carpet/mapflow/_ds_report_carpet0".[0m
2026-03-27 10:17:44 |[34;20m INFO     [0m|[34;20m nipype.workflow  [0m|[34;20m [Node] Executing "_ds_report_carpet0" <mriqc.interfaces.DerivativesDataSink>[0m
2026-03-27 10:17:44 |[34;20m INFO     [0m|[34;20m nipype.workflow  [0m|[34;20m [Node] Finished "_ds_report_carpet0", elapsed time 0.004578s.[0m
2026-03-27 10:17:44 |[34;20m INFO     [0m|[34;20m nipype.workflow  [0m|[34;20m [Node] Setting-up "_ds_report_carpet1" in "/local/nvme/ds006193_24053.783955/ds/tmp/mriqc_wf/funcMRIQC/func_report_wf/fc72f369a689cbc02a52d801a73e788f6f9085c0/ds_report_carpet/mapflow/_ds_report_carpet1".[0m
2026-03-27 10:17:44 |[34;20m INFO     [0m|[34;20m nipype.workflow  [0m|[34;20m [Node] Executing "_ds_report_carpet1" <mriqc.interfaces.DerivativesDataSink>[0m
2026-03-27 10:17:44 |[34;20m INFO     [0m|[34;20m nipype.workflow  [0m|[34;20m [Node] Finished "_ds_report_carpet1", elapsed time 0.004387s.[0m
2026-03-27 10:17:44 |[34;20m INFO     [0m|[34;20m nipype.workflow  [0m|[34;20m [Node] Setting-up "_ds_report_carpet2" in "/local/nvme/ds006193_24053.783955/ds/tmp/mriqc_wf/funcMRIQC/func_report_wf/fc72f369a689cbc02a52d801a73e788f6f9085c0/ds_report_carpet/mapflow/_ds_report_carpet2".[0m
2026-03-27 10:17:44 |[34;20m INFO     [0m|[34;20m nipype.workflow  [0m|[34;20m [Node] Executing "_ds_report_carpet2" <mriqc.interfaces.DerivativesDataSink>[0m
2026-03-27 10:17:44 |[34;20m INFO     [0m|[34;20m nipype.workflow  [0m|[34;20m [Node] Finished "_ds_report_carpet2", elapsed time 0.004427s.[0m
2026-03-27 10:17:44 |[34;20m INFO     [0m|[34;20m nipype.workflow  [0m|[34;20m [Node] Setting-up "_ds_report_carpet3" in "/local/nvme/ds006193_24053.783955/ds/tmp/mriqc_wf/funcMRIQC/func_report_wf/fc72f369a689cbc02a52d801a73e788f6f9085c0/ds_report_carpet/mapflow/_ds_report_carpet3".[0m
2026-03-27 10:17:44 |[34;20m INFO     [0m|[34;20m nipype.workflow  [0m|[34;20m [Node] Executing "_ds_report_carpet3" <mriqc.interfaces.DerivativesDataSink>[0m
2026-03-27 10:17:44 |[34;20m INFO     [0m|[34;20m nipype.workflow  [0m|[34;20m [Node] Finished "_ds_report_carpet3", elapsed time 0.004263s.[0m
2026-03-27 10:17:44 |[34;20m INFO     [0m|[34;20m nipype.workflow  [0m|[34;20m [Node] Setting-up "_ds_report_carpet4" in "/local/nvme/ds006193_24053.783955/ds/tmp/mriqc_wf/funcMRIQC/func_report_wf/fc72f369a689cbc02a52d801a73e788f6f9085c0/ds_report_carpet/mapflow/_ds_report_carpet4".[0m
2026-03-27 10:17:44 |[34;20m INFO     [0m|[34;20m nipype.workflow  [0m|[34;20m [Node] Executing "_ds_report_carpet4" <mriqc.interfaces.DerivativesDataSink>[0m
2026-03-27 10:17:44 |[34;20m INFO     [0m|[34;20m nipype.workflow  [0m|[34;20m [Node] Finished "_ds_report_carpet4", elapsed time 0.004305s.[0m
2026-03-27 10:17:44 |[34;20m INFO     [0m|[34;20m nipype.workflow  [0m|[34;20m [Node] Finished "_measures4", elapsed time 4.244724s.[0m
2026-03-27 10:17:46 |[34;20m INFO     [0m|[34;20m nipype.workflow  [0m|[34;20m [Node] Setting-up "mriqc_wf.funcMRIQC.synthstrip_wf.post_n4" in "/local/nvme/ds006193_24053.783955/ds/tmp/mriqc_wf/funcMRIQC/synthstrip_wf/62325a652eefcadfe0b75061ecf8d7e5fac4daa0/post_n4".[0m
2026-03-27 10:17:46 |[34;20m INFO     [0m|[34;20m nipype.workflow  [0m|[34;20m [Node] Executing "post_n4" <nipype.interfaces.ants.segmentation.N4BiasFieldCorrection>[0m
2026-03-27 10:17:48 |[34;20m INFO     [0m|[34;20m nipype.workflow  [0m|[34;20m [Node] Finished "post_n4", elapsed time 1.590848s.[0m
2026-03-27 10:17:48 |[34;20m INFO     [0m|[34;20m nipype.workflow  [0m|[34;20m [Node] Setting-up "mriqc_wf.funcMRIQC.SpatialNormalization.EPI2MNI" in "/local/nvme/ds006193_24053.783955/ds/tmp/mriqc_wf/funcMRIQC/SpatialNormalization/62325a652eefcadfe0b75061ecf8d7e5fac4daa0/EPI2MNI".[0m
2026-03-27 10:17:48 |[34;20m INFO     [0m|[34;20m nipype.workflow  [0m|[34;20m [Node] Executing "EPI2MNI" <niworkflows.interfaces.reportlets.registration.SpatialNormalizationRPT>[0m
2026-03-27 10:17:48 |[34;20m INFO     [0m|[34;20m niworkflows      [0m|[34;20m Estimating initial transform using AffineInitializer[0m
2026-03-27 10:17:53 |[34;20m INFO     [0m|[34;20m niworkflows      [0m|[34;20m Terminal outputs of initialization saved (/local/nvme/ds006193_24053.783955/ds/tmp/mriqc_wf/funcMRIQC/SpatialNormalization/62325a652eefcadfe0b75061ecf8d7e5fac4daa0/EPI2MNI/stderr.nipype-init).[0m
2026-03-27 10:17:53 |[34;20m INFO     [0m|[34;20m niworkflows      [0m|[34;20m Loading settings from file /opt/conda/lib/python3.11/site-packages/niworkflows/data/boldref-mni_registration_precise_000.json.[0m
2026-03-27 10:17:53 |[34;20m INFO     [0m|[34;20m niworkflows      [0m|[34;20m Retry #1, commandline: 
antsRegistration --collapse-output-transforms 1 --dimensionality 3 --float 0 --initial-moving-transform [ /local/nvme/ds006193_24053.783955/ds/tmp/mriqc_wf/funcMRIQC/SpatialNormalization/62325a652eefcadfe0b75061ecf8d7e5fac4daa0/EPI2MNI/transform.mat, 0 ] --initialize-transforms-per-stage 0 --interpolation LanczosWindowedSinc --output [ epi_to_mni, epi_to_mni_Warped.nii.gz ] --transform Rigid[ 0.05 ] --metric Mattes[ /templateflow/tpl-MNI152NLin2009cAsym/tpl-MNI152NLin2009cAsym_res-02_desc-fMRIPrep_boldref.nii.gz, /local/nvme/ds006193_24053.783955/ds/tmp/mriqc_wf/funcMRIQC/SpatialNormalization/62325a652eefcadfe0b75061ecf8d7e5fac4daa0/SharpenEPI/sub-24053_ses-1_task-rat_dir-PA_run-01_echo-1_part-mag_desc-realigned_bold_tstat_corrected.nii.gz, 1, 56, Regular, 0.25 ] --convergence [ 10000x1000x100, 1e-06, 20 ] --smoothing-sigmas 4.0x2.0x1.0vox --shrink-factors 4x2x1 --use-histogram-matching 1 --masks [ /templateflow/tpl-MNI152NLin2009cAsym/tpl-MNI152NLin2009cAsym_res-02_desc-brain_mask.nii.gz, /local/nvme/ds006193_24053.783955/ds/tmp/mriqc_wf/funcMRIQC/synthstrip_wf/62325a652eefcadfe0b75061ecf8d7e5fac4daa0/synthstrip/clipped_corrected_desc-brain_mask.nii.gz ] --transform Affine[ 0.08 ] --metric Mattes[ /templateflow/tpl-MNI152NLin2009cAsym/tpl-MNI152NLin2009cAsym_res-02_desc-fMRIPrep_boldref.nii.gz, /local/nvme/ds006193_24053.783955/ds/tmp/mriqc_wf/funcMRIQC/SpatialNormalization/62325a652eefcadfe0b75061ecf8d7e5fac4daa0/SharpenEPI/sub-24053_ses-1_task-rat_dir-PA_run-01_echo-1_part-mag_desc-realigned_bold_tstat_corrected.nii.gz, 1, 56, Regular, 0.25 ] --convergence [ 500x250x100, 1e-06, 20 ] --smoothing-sigmas 4.0x2.0x1.0vox --shrink-factors 8x4x2 --use-histogram-matching 1 --masks [ /templateflow/tpl-MNI152NLin2009cAsym/tpl-MNI152NLin2009cAsym_res-02_desc-brain_mask.nii.gz, /local/nvme/ds006193_24053.783955/ds/tmp/mriqc_wf/funcMRIQC/synthstrip_wf/62325a652eefcadfe0b75061ecf8d7e5fac4daa0/synthstrip/clipped_corrected_desc-brain_mask.nii.gz ] --transform SyN[ 0.1, 3.0, 0.0 ] --metric CC[ /templateflow/tpl-MNI152NLin2009cAsym/tpl-MNI152NLin2009cAsym_res-02_desc-fMRIPrep_boldref.nii.gz, /local/nvme/ds006193_24053.783955/ds/tmp/mriqc_wf/funcMRIQC/SpatialNormalization/62325a652eefcadfe0b75061ecf8d7e5fac4daa0/SharpenEPI/sub-24053_ses-1_task-rat_dir-PA_run-01_echo-1_part-mag_desc-realigned_bold_tstat_corrected.nii.gz, 1, 4, None, 1 ] --convergence [ 100x30x20, 1e-06, 10 ] --smoothing-sigmas 3.0x2.0x1.0vox --shrink-factors 8x4x2 --use-histogram-matching 1 --masks [ /templateflow/tpl-MNI152NLin2009cAsym/tpl-MNI152NLin2009cAsym_res-02_desc-brain_mask.nii.gz, /local/nvme/ds006193_24053.783955/ds/tmp/mriqc_wf/funcMRIQC/synthstrip_wf/62325a652eefcadfe0b75061ecf8d7e5fac4daa0/synthstrip/clipped_corrected_desc-brain_mask.nii.gz ] --winsorize-image-intensities [ 0.005, 0.995 ]  --write-composite-transform 1[0m
2026-03-27 10:18:04 |[34;20m INFO     [0m|[34;20m niworkflows      [0m|[34;20m Successful spatial normalization (retry #1).[0m
2026-03-27 10:18:04 |[34;20m INFO     [0m|[34;20m niworkflows      [0m|[34;20m Report - setting fixed (/templateflow/tpl-MNI152NLin2009cAsym/tpl-MNI152NLin2009cAsym_res-02_desc-fMRIPrep_boldref.nii.gz) and moving (/local/nvme/ds006193_24053.783955/ds/tmp/mriqc_wf/funcMRIQC/SpatialNormalization/62325a652eefcadfe0b75061ecf8d7e5fac4daa0/EPI2MNI/epi_to_mni_Warped.nii.gz) images[0m
2026-03-27 10:18:04 |[34;20m INFO     [0m|[34;20m niworkflows      [0m|[34;20m Generating visual report[0m
2026-03-27 10:18:19 |[34;20m INFO     [0m|[34;20m nipype.workflow  [0m|[34;20m [Node] Finished "EPI2MNI", elapsed time 30.801518s.[0m
2026-03-27 10:18:20 |[34;20m INFO     [0m|[34;20m nipype.workflow  [0m|[34;20m [Node] Setting-up "mriqc_wf.funcMRIQC.func_report_wf.ds_report_norm" in "/local/nvme/ds006193_24053.783955/ds/tmp/mriqc_wf/funcMRIQC/func_report_wf/62325a652eefcadfe0b75061ecf8d7e5fac4daa0/ds_report_norm".[0m
2026-03-27 10:18:20 |[34;20m INFO     [0m|[34;20m nipype.workflow  [0m|[34;20m [Node] Setting-up "mriqc_wf.funcMRIQC.synthstrip_wf.final_masked" in "/local/nvme/ds006193_24053.783955/ds/tmp/mriqc_wf/funcMRIQC/synthstrip_wf/62325a652eefcadfe0b75061ecf8d7e5fac4daa0/final_masked".[0m
2026-03-27 10:18:20 |[34;20m INFO     [0m|[34;20m nipype.workflow  [0m|[34;20m [Node] Setting-up "mriqc_wf.funcMRIQC.SpatialNormalization.ResampleSegmentation" in "/local/nvme/ds006193_24053.783955/ds/tmp/mriqc_wf/funcMRIQC/SpatialNormalization/62325a652eefcadfe0b75061ecf8d7e5fac4daa0/ResampleSegmentation".[0m
2026-03-27 10:18:20 |[34;20m INFO     [0m|[34;20m nipype.workflow  [0m|[34;20m [Node] Executing "final_masked" <niworkflows.interfaces.nibabel.ApplyMask>[0m
2026-03-27 10:18:20 |[34;20m INFO     [0m|[34;20m nipype.workflow  [0m|[34;20m [Node] Executing "ResampleSegmentation" <nipype.interfaces.ants.resampling.ApplyTransforms>[0m
2026-03-27 10:18:20 |[34;20m INFO     [0m|[34;20m nipype.workflow  [0m|[34;20m [Node] Executing "ds_report_norm" <mriqc.interfaces.DerivativesDataSink>[0m
2026-03-27 10:18:20 |[34;20m INFO     [0m|[34;20m nipype.workflow  [0m|[34;20m [Node] Finished "ds_report_norm", elapsed time 0.009913s.[0m
2026-03-27 10:18:20 |[34;20m INFO     [0m|[34;20m nipype.workflow  [0m|[34;20m [Node] Finished "final_masked", elapsed time 0.058741s.[0m
2026-03-27 10:18:20 |[34;20m INFO     [0m|[34;20m nipype.workflow  [0m|[34;20m [Node] Setting-up "_measures0" in "/local/nvme/ds006193_24053.783955/ds/tmp/mriqc_wf/funcMRIQC/ComputeIQMs/62325a652eefcadfe0b75061ecf8d7e5fac4daa0/measures/mapflow/_measures0".[0m
2026-03-27 10:18:20 |[34;20m INFO     [0m|[34;20m nipype.workflow  [0m|[34;20m [Node] Cached "_measures0" - collecting precomputed outputs[0m
2026-03-27 10:18:20 |[34;20m INFO     [0m|[34;20m nipype.workflow  [0m|[34;20m [Node] "_measures0" found cached.[0m
2026-03-27 10:18:20 |[34;20m INFO     [0m|[34;20m nipype.workflow  [0m|[34;20m [Node] Setting-up "_measures1" in "/local/nvme/ds006193_24053.783955/ds/tmp/mriqc_wf/funcMRIQC/ComputeIQMs/62325a652eefcadfe0b75061ecf8d7e5fac4daa0/measures/mapflow/_measures1".[0m
2026-03-27 10:18:20 |[34;20m INFO     [0m|[34;20m nipype.workflow  [0m|[34;20m [Node] Cached "_measures1" - collecting precomputed outputs[0m
2026-03-27 10:18:20 |[34;20m INFO     [0m|[34;20m nipype.workflow  [0m|[34;20m [Node] "_measures1" found cached.[0m
2026-03-27 10:18:20 |[34;20m INFO     [0m|[34;20m nipype.workflow  [0m|[34;20m [Node] Setting-up "_measures2" in "/local/nvme/ds006193_24053.783955/ds/tmp/mriqc_wf/funcMRIQC/ComputeIQMs/62325a652eefcadfe0b75061ecf8d7e5fac4daa0/measures/mapflow/_measures2".[0m
2026-03-27 10:18:20 |[34;20m INFO     [0m|[34;20m nipype.workflow  [0m|[34;20m [Node] Cached "_measures2" - collecting precomputed outputs[0m
2026-03-27 10:18:20 |[34;20m INFO     [0m|[34;20m nipype.workflow  [0m|[34;20m [Node] "_measures2" found cached.[0m
2026-03-27 10:18:20 |[34;20m INFO     [0m|[34;20m nipype.workflow  [0m|[34;20m [Node] Setting-up "_measures3" in "/local/nvme/ds006193_24053.783955/ds/tmp/mriqc_wf/funcMRIQC/ComputeIQMs/62325a652eefcadfe0b75061ecf8d7e5fac4daa0/measures/mapflow/_measures3".[0m
2026-03-27 10:18:20 |[34;20m INFO     [0m|[34;20m nipype.workflow  [0m|[34;20m [Node] Cached "_measures3" - collecting precomputed outputs[0m
2026-03-27 10:18:20 |[34;20m INFO     [0m|[34;20m nipype.workflow  [0m|[34;20m [Node] "_measures3" found cached.[0m
2026-03-27 10:18:20 |[34;20m INFO     [0m|[34;20m nipype.workflow  [0m|[34;20m [Node] Setting-up "_measures4" in "/local/nvme/ds006193_24053.783955/ds/tmp/mriqc_wf/funcMRIQC/ComputeIQMs/62325a652eefcadfe0b75061ecf8d7e5fac4daa0/measures/mapflow/_measures4".[0m
2026-03-27 10:18:20 |[34;20m INFO     [0m|[34;20m nipype.workflow  [0m|[34;20m [Node] Cached "_measures4" - collecting precomputed outputs[0m
2026-03-27 10:18:20 |[34;20m INFO     [0m|[34;20m nipype.workflow  [0m|[34;20m [Node] "_measures4" found cached.[0m
2026-03-27 10:18:24 |[34;20m INFO     [0m|[34;20m nipype.workflow  [0m|[34;20m [Node] Setting-up "_datasink0" in "/local/nvme/ds006193_24053.783955/ds/tmp/mriqc_wf/funcMRIQC/ComputeIQMs/62325a652eefcadfe0b75061ecf8d7e5fac4daa0/datasink/mapflow/_datasink0".[0m
2026-03-27 10:18:24 |[34;20m INFO     [0m|[34;20m nipype.workflow  [0m|[34;20m [Node] Executing "_datasink0" <mriqc.interfaces.bids.IQMFileSink>[0m
2026-03-27 10:18:24 |[34;20m INFO     [0m|[34;20m nipype.workflow  [0m|[34;20m [Node] Finished "_datasink0", elapsed time 0.000703s.[0m
2026-03-27 10:18:24 |[34;20m INFO     [0m|[34;20m nipype.workflow  [0m|[34;20m [Node] Setting-up "_datasink1" in "/local/nvme/ds006193_24053.783955/ds/tmp/mriqc_wf/funcMRIQC/ComputeIQMs/62325a652eefcadfe0b75061ecf8d7e5fac4daa0/datasink/mapflow/_datasink1".[0m
2026-03-27 10:18:24 |[34;20m INFO     [0m|[34;20m nipype.workflow  [0m|[34;20m [Node] Executing "_datasink1" <mriqc.interfaces.bids.IQMFileSink>[0m
2026-03-27 10:18:24 |[34;20m INFO     [0m|[34;20m nipype.workflow  [0m|[34;20m [Node] Finished "_datasink1", elapsed time 0.000691s.[0m
2026-03-27 10:18:24 |[34;20m INFO     [0m|[34;20m nipype.workflow  [0m|[34;20m [Node] Setting-up "_datasink2" in "/local/nvme/ds006193_24053.783955/ds/tmp/mriqc_wf/funcMRIQC/ComputeIQMs/62325a652eefcadfe0b75061ecf8d7e5fac4daa0/datasink/mapflow/_datasink2".[0m
2026-03-27 10:18:24 |[34;20m INFO     [0m|[34;20m nipype.workflow  [0m|[34;20m [Node] Executing "_datasink2" <mriqc.interfaces.bids.IQMFileSink>[0m
2026-03-27 10:18:24 |[34;20m INFO     [0m|[34;20m nipype.workflow  [0m|[34;20m [Node] Finished "_datasink2", elapsed time 0.000699s.[0m
2026-03-27 10:18:24 |[34;20m INFO     [0m|[34;20m nipype.workflow  [0m|[34;20m [Node] Setting-up "_datasink3" in "/local/nvme/ds006193_24053.783955/ds/tmp/mriqc_wf/funcMRIQC/ComputeIQMs/62325a652eefcadfe0b75061ecf8d7e5fac4daa0/datasink/mapflow/_datasink3".[0m
2026-03-27 10:18:24 |[34;20m INFO     [0m|[34;20m nipype.workflow  [0m|[34;20m [Node] Executing "_datasink3" <mriqc.interfaces.bids.IQMFileSink>[0m
2026-03-27 10:18:24 |[34;20m INFO     [0m|[34;20m nipype.workflow  [0m|[34;20m [Node] Finished "_datasink3", elapsed time 0.000685s.[0m
2026-03-27 10:18:24 |[34;20m INFO     [0m|[34;20m nipype.workflow  [0m|[34;20m [Node] Setting-up "_datasink4" in "/local/nvme/ds006193_24053.783955/ds/tmp/mriqc_wf/funcMRIQC/ComputeIQMs/62325a652eefcadfe0b75061ecf8d7e5fac4daa0/datasink/mapflow/_datasink4".[0m
2026-03-27 10:18:24 |[34;20m INFO     [0m|[34;20m nipype.workflow  [0m|[34;20m [Node] Executing "_datasink4" <mriqc.interfaces.bids.IQMFileSink>[0m
2026-03-27 10:18:24 |[34;20m INFO     [0m|[34;20m nipype.workflow  [0m|[34;20m [Node] Finished "_datasink4", elapsed time 0.000701s.[0m
2026-03-27 10:18:25 |[34;20m INFO     [0m|[34;20m nipype.workflow  [0m|[34;20m [Node] Finished "ResampleSegmentation", elapsed time 5.131515s.[0m
2026-03-27 10:18:26 |[34;20m INFO     [0m|[34;20m nipype.workflow  [0m|[34;20m [Node] Setting-up "_datasink0" in "/local/nvme/ds006193_24053.783955/ds/tmp/mriqc_wf/funcMRIQC/ComputeIQMs/62325a652eefcadfe0b75061ecf8d7e5fac4daa0/datasink/mapflow/_datasink0".[0m
2026-03-27 10:18:26 |[34;20m INFO     [0m|[34;20m nipype.workflow  [0m|[34;20m [Node] Executing "_datasink0" <mriqc.interfaces.bids.IQMFileSink>[0m
2026-03-27 10:18:26 |[34;20m INFO     [0m|[34;20m nipype.workflow  [0m|[34;20m [Node] Finished "_datasink0", elapsed time 0.000665s.[0m
2026-03-27 10:18:26 |[34;20m INFO     [0m|[34;20m nipype.workflow  [0m|[34;20m [Node] Setting-up "_datasink1" in "/local/nvme/ds006193_24053.783955/ds/tmp/mriqc_wf/funcMRIQC/ComputeIQMs/62325a652eefcadfe0b75061ecf8d7e5fac4daa0/datasink/mapflow/_datasink1".[0m
2026-03-27 10:18:26 |[34;20m INFO     [0m|[34;20m nipype.workflow  [0m|[34;20m [Node] Executing "_datasink1" <mriqc.interfaces.bids.IQMFileSink>[0m
2026-03-27 10:18:26 |[34;20m INFO     [0m|[34;20m nipype.workflow  [0m|[34;20m [Node] Finished "_datasink1", elapsed time 0.000643s.[0m
2026-03-27 10:18:26 |[34;20m INFO     [0m|[34;20m nipype.workflow  [0m|[34;20m [Node] Setting-up "_datasink2" in "/local/nvme/ds006193_24053.783955/ds/tmp/mriqc_wf/funcMRIQC/ComputeIQMs/62325a652eefcadfe0b75061ecf8d7e5fac4daa0/datasink/mapflow/_datasink2".[0m
2026-03-27 10:18:26 |[34;20m INFO     [0m|[34;20m nipype.workflow  [0m|[34;20m [Node] Executing "_datasink2" <mriqc.interfaces.bids.IQMFileSink>[0m
2026-03-27 10:18:26 |[34;20m INFO     [0m|[34;20m nipype.workflow  [0m|[34;20m [Node] Finished "_datasink2", elapsed time 0.000695s.[0m
2026-03-27 10:18:26 |[34;20m INFO     [0m|[34;20m nipype.workflow  [0m|[34;20m [Node] Setting-up "_datasink3" in "/local/nvme/ds006193_24053.783955/ds/tmp/mriqc_wf/funcMRIQC/ComputeIQMs/62325a652eefcadfe0b75061ecf8d7e5fac4daa0/datasink/mapflow/_datasink3".[0m
2026-03-27 10:18:26 |[34;20m INFO     [0m|[34;20m nipype.workflow  [0m|[34;20m [Node] Executing "_datasink3" <mriqc.interfaces.bids.IQMFileSink>[0m
2026-03-27 10:18:26 |[34;20m INFO     [0m|[34;20m nipype.workflow  [0m|[34;20m [Node] Finished "_datasink3", elapsed time 0.000684s.[0m
2026-03-27 10:18:26 |[34;20m INFO     [0m|[34;20m nipype.workflow  [0m|[34;20m [Node] Setting-up "_datasink4" in "/local/nvme/ds006193_24053.783955/ds/tmp/mriqc_wf/funcMRIQC/ComputeIQMs/62325a652eefcadfe0b75061ecf8d7e5fac4daa0/datasink/mapflow/_datasink4".[0m
2026-03-27 10:18:26 |[34;20m INFO     [0m|[34;20m nipype.workflow  [0m|[34;20m [Node] Executing "_datasink4" <mriqc.interfaces.bids.IQMFileSink>[0m
2026-03-27 10:18:26 |[34;20m INFO     [0m|[34;20m nipype.workflow  [0m|[34;20m [Node] Finished "_datasink4", elapsed time 0.000636s.[0m
2026-03-27 10:18:26 |[34;20m INFO     [0m|[34;20m nipype.workflow  [0m|[34;20m [Node] Setting-up "mriqc_wf.funcMRIQC.func_report_wf.parcels" in "/local/nvme/ds006193_24053.783955/ds/tmp/mriqc_wf/funcMRIQC/func_report_wf/62325a652eefcadfe0b75061ecf8d7e5fac4daa0/parcels".[0m
2026-03-27 10:18:26 |[34;20m INFO     [0m|[34;20m nipype.workflow  [0m|[34;20m [Node] Executing "parcels" <nipype.interfaces.utility.wrappers.Function>[0m
2026-03-27 10:18:26 |[34;20m INFO     [0m|[34;20m nipype.workflow  [0m|[34;20m [Node] Finished "parcels", elapsed time 0.041108s.[0m
2026-03-27 10:18:30 |[34;20m INFO     [0m|[34;20m nipype.workflow  [0m|[34;20m [Node] Setting-up "_BigPlot1" in "/local/nvme/ds006193_24053.783955/ds/tmp/mriqc_wf/funcMRIQC/func_report_wf/62325a652eefcadfe0b75061ecf8d7e5fac4daa0/BigPlot/mapflow/_BigPlot1".[0m
2026-03-27 10:18:30 |[34;20m INFO     [0m|[34;20m nipype.workflow  [0m|[34;20m [Node] Setting-up "_BigPlot2" in "/local/nvme/ds006193_24053.783955/ds/tmp/mriqc_wf/funcMRIQC/func_report_wf/62325a652eefcadfe0b75061ecf8d7e5fac4daa0/BigPlot/mapflow/_BigPlot2".[0m
2026-03-27 10:18:30 |[34;20m INFO     [0m|[34;20m nipype.workflow  [0m|[34;20m [Node] Setting-up "_BigPlot3" in "/local/nvme/ds006193_24053.783955/ds/tmp/mriqc_wf/funcMRIQC/func_report_wf/62325a652eefcadfe0b75061ecf8d7e5fac4daa0/BigPlot/mapflow/_BigPlot3".[0m
2026-03-27 10:18:30 |[34;20m INFO     [0m|[34;20m nipype.workflow  [0m|[34;20m [Node] Setting-up "_BigPlot0" in "/local/nvme/ds006193_24053.783955/ds/tmp/mriqc_wf/funcMRIQC/func_report_wf/62325a652eefcadfe0b75061ecf8d7e5fac4daa0/BigPlot/mapflow/_BigPlot0".[0m
2026-03-27 10:18:30 |[34;20m INFO     [0m|[34;20m nipype.workflow  [0m|[34;20m [Node] Executing "_BigPlot1" <nireports.interfaces.fmri.FMRISummary>[0m
2026-03-27 10:18:30 |[34;20m INFO     [0m|[34;20m nipype.workflow  [0m|[34;20m [Node] Executing "_BigPlot2" <nireports.interfaces.fmri.FMRISummary>[0m
2026-03-27 10:18:30 |[34;20m INFO     [0m|[34;20m nipype.workflow  [0m|[34;20m [Node] Executing "_BigPlot3" <nireports.interfaces.fmri.FMRISummary>[0m
2026-03-27 10:18:30 |[34;20m INFO     [0m|[34;20m nipype.workflow  [0m|[34;20m [Node] Executing "_BigPlot0" <nireports.interfaces.fmri.FMRISummary>[0m
2026-03-27 10:18:38 |[34;20m INFO     [0m|[34;20m nipype.workflow  [0m|[34;20m [Node] Finished "_BigPlot3", elapsed time 7.8697610000000005s.[0m
2026-03-27 10:18:38 |[34;20m INFO     [0m|[34;20m nipype.workflow  [0m|[34;20m [Node] Setting-up "_BigPlot4" in "/local/nvme/ds006193_24053.783955/ds/tmp/mriqc_wf/funcMRIQC/func_report_wf/62325a652eefcadfe0b75061ecf8d7e5fac4daa0/BigPlot/mapflow/_BigPlot4".[0m
2026-03-27 10:18:38 |[34;20m INFO     [0m|[34;20m nipype.workflow  [0m|[34;20m [Node] Executing "_BigPlot4" <nireports.interfaces.fmri.FMRISummary>[0m
2026-03-27 10:18:38 |[34;20m INFO     [0m|[34;20m nipype.workflow  [0m|[34;20m [Node] Finished "_BigPlot0", elapsed time 8.434539000000001s.[0m
2026-03-27 10:18:38 |[34;20m INFO     [0m|[34;20m nipype.workflow  [0m|[34;20m [Node] Finished "_BigPlot2", elapsed time 8.501121s.[0m
2026-03-27 10:18:39 |[34;20m INFO     [0m|[34;20m nipype.workflow  [0m|[34;20m [Node] Finished "_BigPlot1", elapsed time 9.22095s.[0m
2026-03-27 10:18:47 |[34;20m INFO     [0m|[34;20m nipype.workflow  [0m|[34;20m [Node] Finished "_BigPlot4", elapsed time 9.026074s.[0m
2026-03-27 10:18:48 |[34;20m INFO     [0m|[34;20m nipype.workflow  [0m|[34;20m [Node] Setting-up "_BigPlot0" in "/local/nvme/ds006193_24053.783955/ds/tmp/mriqc_wf/funcMRIQC/func_report_wf/62325a652eefcadfe0b75061ecf8d7e5fac4daa0/BigPlot/mapflow/_BigPlot0".[0m
2026-03-27 10:18:48 |[34;20m INFO     [0m|[34;20m nipype.workflow  [0m|[34;20m [Node] Cached "_BigPlot0" - collecting precomputed outputs[0m
2026-03-27 10:18:48 |[34;20m INFO     [0m|[34;20m nipype.workflow  [0m|[34;20m [Node] "_BigPlot0" found cached.[0m
2026-03-27 10:18:48 |[34;20m INFO     [0m|[34;20m nipype.workflow  [0m|[34;20m [Node] Setting-up "_BigPlot1" in "/local/nvme/ds006193_24053.783955/ds/tmp/mriqc_wf/funcMRIQC/func_report_wf/62325a652eefcadfe0b75061ecf8d7e5fac4daa0/BigPlot/mapflow/_BigPlot1".[0m
2026-03-27 10:18:48 |[34;20m INFO     [0m|[34;20m nipype.workflow  [0m|[34;20m [Node] Cached "_BigPlot1" - collecting precomputed outputs[0m
2026-03-27 10:18:48 |[34;20m INFO     [0m|[34;20m nipype.workflow  [0m|[34;20m [Node] "_BigPlot1" found cached.[0m
2026-03-27 10:18:48 |[34;20m INFO     [0m|[34;20m nipype.workflow  [0m|[34;20m [Node] Setting-up "_BigPlot2" in "/local/nvme/ds006193_24053.783955/ds/tmp/mriqc_wf/funcMRIQC/func_report_wf/62325a652eefcadfe0b75061ecf8d7e5fac4daa0/BigPlot/mapflow/_BigPlot2".[0m
2026-03-27 10:18:48 |[34;20m INFO     [0m|[34;20m nipype.workflow  [0m|[34;20m [Node] Cached "_BigPlot2" - collecting precomputed outputs[0m
2026-03-27 10:18:48 |[34;20m INFO     [0m|[34;20m nipype.workflow  [0m|[34;20m [Node] "_BigPlot2" found cached.[0m
2026-03-27 10:18:48 |[34;20m INFO     [0m|[34;20m nipype.workflow  [0m|[34;20m [Node] Setting-up "_BigPlot3" in "/local/nvme/ds006193_24053.783955/ds/tmp/mriqc_wf/funcMRIQC/func_report_wf/62325a652eefcadfe0b75061ecf8d7e5fac4daa0/BigPlot/mapflow/_BigPlot3".[0m
2026-03-27 10:18:48 |[34;20m INFO     [0m|[34;20m nipype.workflow  [0m|[34;20m [Node] Cached "_BigPlot3" - collecting precomputed outputs[0m
2026-03-27 10:18:48 |[34;20m INFO     [0m|[34;20m nipype.workflow  [0m|[34;20m [Node] "_BigPlot3" found cached.[0m
2026-03-27 10:18:48 |[34;20m INFO     [0m|[34;20m nipype.workflow  [0m|[34;20m [Node] Setting-up "_BigPlot4" in "/local/nvme/ds006193_24053.783955/ds/tmp/mriqc_wf/funcMRIQC/func_report_wf/62325a652eefcadfe0b75061ecf8d7e5fac4daa0/BigPlot/mapflow/_BigPlot4".[0m
2026-03-27 10:18:48 |[34;20m INFO     [0m|[34;20m nipype.workflow  [0m|[34;20m [Node] Cached "_BigPlot4" - collecting precomputed outputs[0m
2026-03-27 10:18:48 |[34;20m INFO     [0m|[34;20m nipype.workflow  [0m|[34;20m [Node] "_BigPlot4" found cached.[0m
2026-03-27 10:18:52 |[34;20m INFO     [0m|[34;20m nipype.workflow  [0m|[34;20m [Node] Setting-up "_ds_report_carpet0" in "/local/nvme/ds006193_24053.783955/ds/tmp/mriqc_wf/funcMRIQC/func_report_wf/62325a652eefcadfe0b75061ecf8d7e5fac4daa0/ds_report_carpet/mapflow/_ds_report_carpet0".[0m
2026-03-27 10:18:52 |[34;20m INFO     [0m|[34;20m nipype.workflow  [0m|[34;20m [Node] Executing "_ds_report_carpet0" <mriqc.interfaces.DerivativesDataSink>[0m
2026-03-27 10:18:52 |[34;20m INFO     [0m|[34;20m nipype.workflow  [0m|[34;20m [Node] Finished "_ds_report_carpet0", elapsed time 0.005223s.[0m
2026-03-27 10:18:52 |[34;20m INFO     [0m|[34;20m nipype.workflow  [0m|[34;20m [Node] Setting-up "_ds_report_carpet1" in "/local/nvme/ds006193_24053.783955/ds/tmp/mriqc_wf/funcMRIQC/func_report_wf/62325a652eefcadfe0b75061ecf8d7e5fac4daa0/ds_report_carpet/mapflow/_ds_report_carpet1".[0m
2026-03-27 10:18:52 |[34;20m INFO     [0m|[34;20m nipype.workflow  [0m|[34;20m [Node] Executing "_ds_report_carpet1" <mriqc.interfaces.DerivativesDataSink>[0m
2026-03-27 10:18:52 |[34;20m INFO     [0m|[34;20m nipype.workflow  [0m|[34;20m [Node] Finished "_ds_report_carpet1", elapsed time 0.005177s.[0m
2026-03-27 10:18:52 |[34;20m INFO     [0m|[34;20m nipype.workflow  [0m|[34;20m [Node] Setting-up "_ds_report_carpet2" in "/local/nvme/ds006193_24053.783955/ds/tmp/mriqc_wf/funcMRIQC/func_report_wf/62325a652eefcadfe0b75061ecf8d7e5fac4daa0/ds_report_carpet/mapflow/_ds_report_carpet2".[0m
2026-03-27 10:18:52 |[34;20m INFO     [0m|[34;20m nipype.workflow  [0m|[34;20m [Node] Executing "_ds_report_carpet2" <mriqc.interfaces.DerivativesDataSink>[0m
2026-03-27 10:18:52 |[34;20m INFO     [0m|[34;20m nipype.workflow  [0m|[34;20m [Node] Finished "_ds_report_carpet2", elapsed time 0.005146s.[0m
2026-03-27 10:18:52 |[34;20m INFO     [0m|[34;20m nipype.workflow  [0m|[34;20m [Node] Setting-up "_ds_report_carpet3" in "/local/nvme/ds006193_24053.783955/ds/tmp/mriqc_wf/funcMRIQC/func_report_wf/62325a652eefcadfe0b75061ecf8d7e5fac4daa0/ds_report_carpet/mapflow/_ds_report_carpet3".[0m
2026-03-27 10:18:52 |[34;20m INFO     [0m|[34;20m nipype.workflow  [0m|[34;20m [Node] Executing "_ds_report_carpet3" <mriqc.interfaces.DerivativesDataSink>[0m
2026-03-27 10:18:52 |[34;20m INFO     [0m|[34;20m nipype.workflow  [0m|[34;20m [Node] Finished "_ds_report_carpet3", elapsed time 0.005189s.[0m
2026-03-27 10:18:52 |[34;20m INFO     [0m|[34;20m nipype.workflow  [0m|[34;20m [Node] Setting-up "_ds_report_carpet4" in "/local/nvme/ds006193_24053.783955/ds/tmp/mriqc_wf/funcMRIQC/func_report_wf/62325a652eefcadfe0b75061ecf8d7e5fac4daa0/ds_report_carpet/mapflow/_ds_report_carpet4".[0m
2026-03-27 10:18:52 |[34;20m INFO     [0m|[34;20m nipype.workflow  [0m|[34;20m [Node] Executing "_ds_report_carpet4" <mriqc.interfaces.DerivativesDataSink>[0m
2026-03-27 10:18:52 |[34;20m INFO     [0m|[34;20m nipype.workflow  [0m|[34;20m [Node] Finished "_ds_report_carpet4", elapsed time 0.005166s.[0m
2026-03-27 10:18:54 |[34;20m INFO     [0m|[34;20m nipype.workflow  [0m|[34;20m [Node] Setting-up "_ds_report_carpet0" in "/local/nvme/ds006193_24053.783955/ds/tmp/mriqc_wf/funcMRIQC/func_report_wf/62325a652eefcadfe0b75061ecf8d7e5fac4daa0/ds_report_carpet/mapflow/_ds_report_carpet0".[0m
2026-03-27 10:18:54 |[34;20m INFO     [0m|[34;20m nipype.workflow  [0m|[34;20m [Node] Executing "_ds_report_carpet0" <mriqc.interfaces.DerivativesDataSink>[0m
2026-03-27 10:18:54 |[34;20m INFO     [0m|[34;20m nipype.workflow  [0m|[34;20m [Node] Finished "_ds_report_carpet0", elapsed time 0.004667s.[0m
2026-03-27 10:18:54 |[34;20m INFO     [0m|[34;20m nipype.workflow  [0m|[34;20m [Node] Setting-up "_ds_report_carpet1" in "/local/nvme/ds006193_24053.783955/ds/tmp/mriqc_wf/funcMRIQC/func_report_wf/62325a652eefcadfe0b75061ecf8d7e5fac4daa0/ds_report_carpet/mapflow/_ds_report_carpet1".[0m
2026-03-27 10:18:54 |[34;20m INFO     [0m|[34;20m nipype.workflow  [0m|[34;20m [Node] Executing "_ds_report_carpet1" <mriqc.interfaces.DerivativesDataSink>[0m
2026-03-27 10:18:54 |[34;20m INFO     [0m|[34;20m nipype.workflow  [0m|[34;20m [Node] Finished "_ds_report_carpet1", elapsed time 0.004451s.[0m
2026-03-27 10:18:54 |[34;20m INFO     [0m|[34;20m nipype.workflow  [0m|[34;20m [Node] Setting-up "_ds_report_carpet2" in "/local/nvme/ds006193_24053.783955/ds/tmp/mriqc_wf/funcMRIQC/func_report_wf/62325a652eefcadfe0b75061ecf8d7e5fac4daa0/ds_report_carpet/mapflow/_ds_report_carpet2".[0m
2026-03-27 10:18:54 |[34;20m INFO     [0m|[34;20m nipype.workflow  [0m|[34;20m [Node] Executing "_ds_report_carpet2" <mriqc.interfaces.DerivativesDataSink>[0m
2026-03-27 10:18:54 |[34;20m INFO     [0m|[34;20m nipype.workflow  [0m|[34;20m [Node] Finished "_ds_report_carpet2", elapsed time 0.004344s.[0m
2026-03-27 10:18:54 |[34;20m INFO     [0m|[34;20m nipype.workflow  [0m|[34;20m [Node] Setting-up "_ds_report_carpet3" in "/local/nvme/ds006193_24053.783955/ds/tmp/mriqc_wf/funcMRIQC/func_report_wf/62325a652eefcadfe0b75061ecf8d7e5fac4daa0/ds_report_carpet/mapflow/_ds_report_carpet3".[0m
2026-03-27 10:18:54 |[34;20m INFO     [0m|[34;20m nipype.workflow  [0m|[34;20m [Node] Executing "_ds_report_carpet3" <mriqc.interfaces.DerivativesDataSink>[0m
2026-03-27 10:18:54 |[34;20m INFO     [0m|[34;20m nipype.workflow  [0m|[34;20m [Node] Finished "_ds_report_carpet3", elapsed time 0.004296s.[0m
2026-03-27 10:18:54 |[34;20m INFO     [0m|[34;20m nipype.workflow  [0m|[34;20m [Node] Setting-up "_ds_report_carpet4" in "/local/nvme/ds006193_24053.783955/ds/tmp/mriqc_wf/funcMRIQC/func_report_wf/62325a652eefcadfe0b75061ecf8d7e5fac4daa0/ds_report_carpet/mapflow/_ds_report_carpet4".[0m
2026-03-27 10:18:54 |[34;20m INFO     [0m|[34;20m nipype.workflow  [0m|[34;20m [Node] Executing "_ds_report_carpet4" <mriqc.interfaces.DerivativesDataSink>[0m
2026-03-27 10:18:54 |[34;20m INFO     [0m|[34;20m nipype.workflow  [0m|[34;20m [Node] Finished "_ds_report_carpet4", elapsed time 0.00434s.[0m
2026-03-27 10:18:56 |[34;20m INFO     [0m|[34;20m nipype.workflow  [0m|[34;20m Generating reports...[0m
2026-03-27 10:18:57 |[34;20m INFO     [0m|[34;20m nipype.workflow  [0m|[34;20m Report generation finished (2 reports).[0m
2026-03-27 10:18:57 |[33;20m IMPORTANT [0m|[33;20m mriqc            [0m|[33;20m Participant level finished successfully averaging 00h 14min 58s per subject.[0m
2026-03-27 10:18:57 |[34;20m INFO     [0m|[34;20m mriqc            [0m|[34;20m Generating BIDS derivatives metadata.[0m
----------------------------------------------------------------
  MRIQC completed (elapsed time 00h 29min 56s).
----------------------------------------------------------------

